# T-rex mesh extracted from TDEMOS/TREX.EXE (PS-X TMD at load address 0x80018000)
# Textures are reconstructed from six embedded 8-bit TIM pages into trex_texture_atlas.png.
# Raw TMD is preserved in trex.tmd; OBJ Y is negated for conventional Y-up coordinates.
mtllib trex.mtl

o TREX
v -930 1078 1254
v 930 1078 1254
v -281 1059 3547
v -611 1155 1859
v 611 1155 1859
v 281 1059 3547
v 930 642 1017
v -930 642 1017
v -263 691 3420
v -317 479 2764
v -611 867 1918
v 263 691 3420
v 611 867 1918
v 317 479 2764
v 429 1013 2740
v -429 1013 2740
v -416 866 2751
v 416 866 2751
v 131 665 3520
v -131 665 3520
v -158 429 2768
v 158 429 2768
v 158 1065 3646
v -158 1065 3646
v 0 1067 3673
v 0 667 3548
v 0 429 2768
v -538 1158 1827
v 538 1158 1827
v -371 1016 2748
v 371 1016 2748
v -234 1055 3520
v -136 1060 3598
v 0 1061 3622
v 136 1060 3598
v 234 1055 3520
v -843 1063 1235
v 843 1063 1235
v -468 1151 1784
v 468 1151 1784
v -503 1128 2020
v 503 1128 2020
v -474 1103 2182
v 474 1103 2182
v -444 1079 2344
v 444 1079 2344
v -415 1054 2505
v 415 1054 2505
v -385 1029 2667
v 385 1029 2667
v 337 1026 2937
v -337 1026 2937
v 309 1034 3096
v -309 1034 3096
v 281 1042 3255
v -281 1042 3255
v 253 1050 3413
v -253 1050 3413
v -441 1130 1940
v 441 1130 1940
v 414 1107 2102
v -414 1107 2102
v -387 1085 2263
v 387 1085 2263
v -360 1062 2425
v 360 1062 2425
v -333 1039 2586
v 333 1039 2586
v -84 1061 3607
v 84 1061 3607
v 185 1058 3559
v -185 1058 3559
v -456 1112 1779
v -445 1233 1655
v -435 1324 1690
v 456 1112 1779
v 445 1233 1655
v 435 1324 1690
v -501 2172 1438
v -537 2048 1434
v -565 2065 1349
v -522 2187 1364
v 533 2176 1354
v 498 2172 1441
v 537 2052 1431
v 564 2066 1350
v -527 2020 1430
v -564 2039 1323
v 526 2022 1431
v 563 2041 1324
v -923 1312 1301
v 923 1312 1301
v -231 1284 3620
v -576 1168 2670
v -612 1397 1828
v 231 1284 3620
v 612 1397 1828
v 576 1168 2670
v 106 1303 3729
v -106 1303 3729
v 0 1297 3741
v -388 1252 3358
v 388 1252 3358
v -780 1784 998
v -806 1608 1307
v -514 1726 1764
v -529 1398 2695
v -465 1436 3058
v 514 1726 1764
v 806 1608 1307
v 780 1784 998
v 529 1398 2695
v 465 1436 3058
v -341 1250 3338
v 341 1250 3338
v 191 1280 3587
v 84 1296 3680
v -84 1296 3680
v -191 1280 3587
v -512 1165 2714
v 506 1168 2713
v 527 1392 1826
v -527 1392 1826
v -843 1349 1283
v 843 1349 1283
v -461 1388 1827
v 461 1388 1827
v -525 1366 1949
v -460 1372 1914
v -521 1325 2093
v -517 1285 2237
v -513 1243 2389
v -509 1201 2550
v -471 1185 2852
v -429 1206 2995
v -388 1226 3155
v -256 1267 3480
v 460 1372 1914
v 525 1366 1949
v 521 1325 2093
v 517 1285 2237
v 513 1243 2389
v 509 1201 2550
v 466 1188 2851
v 426 1207 2995
v 386 1227 3155
v 256 1267 3480
v -397 794 1153
v -397 916 1756
v 397 916 1756
v 397 794 1153
v 973 1628 128
v -973 1628 128
v -941 1707 312
v -365 1367 2753
v 365 1367 2753
v 941 1707 312
v 640 136 893
v -640 136 893
v -930 1619 42
v 930 1619 42
v 457 264 605
v -457 264 605
v -908 882 244
v -848 877 152
v 848 877 152
v 908 882 244
v -966 1688 286
v 971 1688 286
v 295 205 785
v 320 136 893
v -320 136 893
v -295 205 785
v 905 1703 262
v -905 1703 262
v 0 314 1908
v 125 1058 3553
v -125 1058 3553
v -828 1722 254
v 828 1722 254
v -479 1230 2040
v 479 1230 2040
v -439 1234 2195
v 439 1234 2195
v -431 1310 2349
v 431 1310 2349
v -421 1233 2515
v 421 1233 2515
v -380 1263 2651
v 380 1263 2651
v 339 1247 2889
v -339 1247 2889
v 306 1197 3085
v -306 1197 3085
v 251 1162 3247
v -251 1162 3247
v 221 1213 3401
v -221 1213 3401
v -315 1024 2698
v 315 1024 2698
v 288 1021 2858
v -288 1021 2858
v -261 1029 3017
v 261 1029 3017
v -235 1037 3176
v 235 1037 3176
v -206 1046 3343
v 206 1046 3343
v 183 1053 3483
v -183 1053 3483
v 36 1058 3561
v -36 1058 3561
v -68 1280 3585
v 68 1280 3585
v 166 1176 3517
v -166 1176 3517
v -397 1562 1180
v 397 1562 1180
v 826 1158 -1280
v -826 1158 -1280
v 704 2343 569
v 586 2366 -145
v -586 2366 -145
v -704 2343 569
v 404 2167 1693
v 560 2414 1435
v -560 2414 1435
v -404 2167 1693
v -478 1228 72
v -478 1784 72
v 478 1784 72
v 478 1228 72
v 346 70 -1280
v 504 2088 -1283
v -504 2088 -1283
v -346 70 -1280
v -269 2159 2764
v -249 1717 3465
v -412 1967 2756
v 249 1717 3465
v 269 2159 2764
v 412 1967 2756
v -149 2281 -1283
v 149 2281 -1283
v 195 2576 -145
v -195 2576 -145
v -195 2469 415
v 195 2469 415
v 188 2436 680
v -188 2436 680
v -85 2410 1435
v 85 2410 1435
v -666 2470 1058
v 666 2470 1058
v 84 2242 2764
v -84 2242 2764
v -56 1790 3536
v 56 1790 3536
v 292 2384 896
v 425 2459 1435
v -425 2459 1435
v -292 2384 896
v -483 2503 1058
v 483 2503 1058
v -418 2245 1697
v -171 2337 1638
v 418 2245 1697
v 171 2337 1638
v 360 2278 1697
v -360 2278 1697
v 116 2455 1188
v -116 2455 1188
v 632 2486 1247
v -632 2486 1247
v -487 2308 560
v 489 2306 565
v -639 2220 456
v 639 2220 456
v -755 578 -1280
v 755 578 -1280
v 0 2458 -1283
v 0 2725 -145
v 0 2568 415
v 0 2547 680
v 0 2425 1435
v 0 2313 2769
v 0 1793 3609
v 0 2374 1638
v -981 1546 797
v 981 1546 797
v -223 -1 -1280
v 223 -1 -1280
v 524 2307 -714
v 158 2561 -714
v 0 2711 -714
v -158 2561 -714
v -524 2307 -714
v 0 2449 1194
v -453 1933 1724
v 453 1933 1724
v -612 2346 569
v 612 2346 569
v 0 15 668
v 0 -145 -1280
v -904 1788 365
v 855 1788 326
v 905 1788 365
v -855 1788 326
v -782 1903 486
v 782 1903 486
v -399 1596 3291
v 399 1596 3291
v 338 2231 1955
v -338 2231 1955
v 0 2351 2591
v 130 2267 2429
v -130 2267 2429
v 0 2053 3250
v 267 1938 3175
v 415 1781 3084
v 70 2016 3211
v -70 2016 3211
v -267 1938 3175
v -415 1781 3084
v 0 1923 3429
v -272 2136 2763
v -267 1922 3166
v 272 2136 2763
v 267 1922 3166
v 786 2220 445
v -786 2220 445
v -384 2162 1859
v 384 2162 1859
v -428 1738 763
v 428 1738 763
v -880 1563 791
v 880 1563 791
v 0 1299 3626
v -57 1150 3619
v -142 1131 3545
v -332 1026 3296
v -476 877 2662
v -276 1594 1811
v 276 1594 1811
v 482 882 2665
v 332 1026 3296
v 142 1131 3545
v 57 1150 3619
v -457 1342 2022
v -510 1278 1930
v -442 1178 2631
v -506 1204 2074
v -453 1302 2166
v -501 1197 2218
v -450 1262 2310
v -497 1075 2351
v -446 1220 2470
v -493 939 2512
v -416 1176 2798
v -441 1015 2840
v -378 1197 2903
v -414 948 2983
v -340 1219 3064
v -365 1025 3144
v -302 1241 3235
v -239 1263 3384
v -197 1118 3455
v -154 1283 3525
v -80 1299 3599
v 510 1278 1930
v 457 1342 2022
v 506 1204 2074
v 453 1302 2166
v 501 1197 2218
v 450 1262 2310
v 497 1075 2351
v 446 1220 2470
v 493 939 2512
v 442 1178 2631
v 421 1180 2801
v 446 1019 2842
v 382 1200 2906
v 417 951 2986
v 342 1221 3066
v 366 1027 3146
v 303 1242 3237
v 239 1263 3384
v 197 1118 3455
v 154 1283 3525
v 80 1299 3599
v 218 1265 3419
v -218 1265 3419
v -424 1429 1823
v 424 1429 1823
v -516 2163 1245
v -672 1981 1065
v -648 2126 1030
v -605 2287 1102
v -585 2301 1198
v -668 2430 897
v -667 2288 833
v -668 2388 735
v -543 2401 843
v -607 2441 897
v -840 1865 465
v -799 1903 505
v -826 2009 491
v -760 2050 533
v -736 2035 681
v -798 1863 675
v -491 2186 1466
v -470 2095 1567
v -504 2007 1492
v -549 1920 1438
v -425 2084 1528
v 470 2095 1567
v 491 2186 1466
v 424 2086 1529
v 549 1920 1438
v 504 2007 1493
v 668 2388 735
v 667 2288 833
v 668 2430 897
v 607 2441 897
v 543 2401 843
v 840 1865 465
v 798 1863 675
v 736 2035 681
v 760 2050 533
v 826 2009 491
v 799 1903 505
v 515 2164 1246
v 585 2301 1198
v 605 2287 1102
v 648 2126 1030
v 672 1981 1065
v 455 2191 1447
v 507 2221 1431
v 534 2281 1345
v 571 2295 1256
v 490 2207 1341
v 590 1867 1389
v 499 2005 1422
v 647 1847 1286
v 665 1881 1202
v 540 2023 1302
v 674 1939 1097
v -501 2004 1420
v -590 1867 1389
v -647 1847 1286
v -542 2021 1301
v -665 1881 1202
v -674 1939 1097
v -479 2220 1352
v -571 2295 1256
v -507 2221 1431
v -456 2190 1446
v -534 2281 1345
v 434 2093 1497
v 497 2055 1422
v 522 2070 1337
v 504 2153 1274
v 498 2172 1340
v 459 2166 1437
v -435 2090 1496
v -463 2166 1433
v -485 2186 1352
v -507 2155 1269
v -523 2067 1336
v -498 2052 1421
v -23 1738 763
v -23 1263 3384
v -23 1594 1811
v -23 1299 3618
v -23 1296 3680
v -23 1298 3640
v -23 1562 1180
v -360 2073 1457
v -412 2090 1474
v -466 2104 1461
v -507 2113 1423
v -384 2013 1443
v -436 2030 1460
v -483 2060 1451
v -514 2097 1419
v -411 1976 1396
v -463 1993 1413
v -503 2033 1417
v -521 2087 1406
v -432 1976 1333
v -484 1993 1350
v -518 2033 1371
v -527 2087 1390
v -437 2013 1279
v -489 2030 1296
v -523 2060 1331
v -528 2097 1375
v -426 2073 1254
v -478 2090 1271
v -515 2104 1313
v -525 2113 1368
v -402 2133 1267
v -454 2150 1284
v -497 2148 1323
v -519 2129 1372
v -375 2170 1315
v -427 2187 1332
v -477 2176 1357
v -511 2139 1385
v -354 2170 1377
v -406 2187 1394
v -462 2176 1403
v -506 2139 1402
v -349 2133 1432
v -401 2150 1449
v -458 2148 1443
v -504 2129 1416
v 360 2068 1455
v 412 2084 1473
v 465 2100 1462
v 507 2111 1424
v 384 2009 1439
v 436 2025 1457
v 483 2057 1450
v 514 2095 1419
v 412 1975 1390
v 464 1991 1408
v 504 2032 1414
v 521 2086 1406
v 433 1978 1327
v 484 1994 1345
v 519 2034 1368
v 527 2087 1389
v 438 2018 1275
v 490 2034 1293
v 523 2063 1330
v 528 2097 1375
v 427 2079 1253
v 479 2095 1271
v 515 2108 1313
v 525 2114 1370
v 402 2138 1269
v 454 2155 1287
v 497 2151 1326
v 518 2130 1374
v 374 2173 1318
v 426 2189 1336
v 476 2177 1362
v 511 2139 1387
v 354 2169 1381
v 406 2186 1399
v 461 2174 1407
v 505 2138 1404
v 348 2129 1433
v 400 2146 1451
v 457 2145 1446
v 504 2127 1418
v -346 -57 -1741
v -755 451 -1857
v -826 1031 -1857
v -504 1877 -1860
v -149 2071 -1860
v 0 2248 -1860
v 149 2071 -1860
v 504 1877 -1860
v 826 1031 -1857
v 755 451 -1857
v 346 -57 -1741
v 223 -129 -1719
v -223 -129 -1719
v 0 -290 -1685
v -640 -1653 -3190
v -640 -1907 -3863
v -640 -2315 -4586
v -825 -2387 -5030
v -989 -1927 -5043
v -1113 -1332 -5111
v -1347 -629 -5314
v -1347 -236 -5314
v -1241 413 -5476
v -995 927 -5774
v -711 1265 -6234
v -711 1374 -6815
v -711 1319 -7519
v -711 1157 -8141
v -711 846 -8790
v -973 400 -9210
v -1191 -331 -9304
v -1191 -1007 -9183
v -973 -1481 -8858
v -874 -1873 -8317
v -792 -2117 -7749
v -1028 -2631 -6957
v -1031 -2820 -6789
v -640 -2692 -7875
v -640 -2600 -8476
v -640 -2692 -9077
v -640 -2498 -9780
v -640 -2406 -10391
v -616 -2345 -10971
v -603 -2254 -11613
v -576 -2121 -12387
v -539 -2019 -13018
v -504 -1908 -13670
v -402 -1715 -14475
v -365 -1543 -15157
v -319 -1352 -15840
v -298 -1179 -16501
v -275 -1059 -17092
v -249 -957 -17764
v -207 -906 -18396
v -173 -905 -19048
v -127 -977 -19643
v -100 -1173 -20262
v -72 -1478 -20740
v -57 -1850 -21202
v -63 -1736 -21309
v -79 -1247 -20881
v -109 -799 -20392
v -139 -432 -19750
v -189 -249 -19037
v -226 -178 -18386
v -273 -157 -17713
v -300 -178 -17102
v -326 -269 -16461
v -349 -331 -15799
v -399 -331 -15127
v -440 -310 -14424
v -504 -239 -13670
v -535 -168 -13029
v -543 -76 -12367
v -572 16 -11623
v -594 179 -10981
v -640 413 -10370
v -640 515 -9759
v -640 769 -9108
v -640 1095 -8456
v -640 1360 -7804
v -640 1533 -7091
v -640 1435 -6409
v -640 1455 -5747
v -789 1700 -5125
v -789 1980 -3776
v -640 1926 -2559
v -640 -294 -1853
v -500 -420 -1809
v -640 -889 -2151
v -1253 -1205 -2264
v -1152 -1058 -2215
v -1035 -476 -2214
v -1064 -270 -2164
v -1028 -113 -2054
v -1053 108 -2054
v -1087 300 -2109
v -1221 449 -2266
v -1252 535 -2478
v -1329 456 -2768
v -1210 286 -2987
v -1270 -13 -3003
v -1270 -149 -2909
v -1236 -241 -2831
v -1101 -445 -2718
v -1094 -766 -2738
v -1223 -1050 -2617
v -1337 -1193 -2646
v -1292 -1395 -2614
v 1292 -1395 -2614
v 1337 -1193 -2646
v 1223 -1050 -2617
v 1094 -766 -2738
v 1101 -445 -2718
v 1236 -241 -2831
v 1270 -149 -2909
v 1270 -13 -3003
v 1210 286 -2987
v 1329 456 -2768
v 1252 535 -2478
v 1221 449 -2266
v 1087 300 -2109
v 1053 108 -2054
v 1028 -113 -2054
v 1064 -270 -2164
v 1035 -476 -2214
v 1152 -1058 -2215
v 1253 -1205 -2264
v 640 -889 -2151
v 500 -420 -1809
v 640 -294 -1853
v 640 1926 -2559
v 789 1980 -3776
v 789 1700 -5125
v 640 1455 -5747
v 640 1435 -6409
v 640 1533 -7091
v 640 1360 -7804
v 640 1095 -8456
v 640 769 -9108
v 640 515 -9759
v 640 413 -10370
v 594 179 -10981
v 572 16 -11623
v 543 -76 -12367
v 535 -168 -13029
v 504 -239 -13670
v 440 -310 -14424
v 399 -331 -15127
v 349 -331 -15799
v 326 -269 -16461
v 300 -178 -17102
v 273 -157 -17713
v 226 -178 -18386
v 189 -249 -19037
v 139 -432 -19750
v 109 -799 -20392
v 79 -1247 -20881
v 63 -1736 -21309
v 6 -2184 -21573
v 58 -1850 -21202
v 72 -1478 -20740
v 100 -1173 -20262
v 127 -977 -19643
v 173 -905 -19048
v 207 -906 -18396
v 249 -957 -17764
v 275 -1059 -17092
v 298 -1179 -16501
v 319 -1352 -15840
v 365 -1543 -15157
v 402 -1715 -14475
v 504 -1908 -13670
v 539 -2019 -13018
v 576 -2121 -12387
v 603 -2254 -11613
v 616 -2345 -10971
v 640 -2406 -10391
v 640 -2498 -9780
v 640 -2692 -9077
v 640 -2600 -8476
v 640 -2692 -7875
v 1034 -2820 -6789
v 1031 -2631 -6957
v 792 -2117 -7749
v 874 -1873 -8317
v 973 -1481 -8858
v 1191 -1007 -9183
v 1191 -331 -9304
v 973 400 -9210
v 711 846 -8790
v 711 1157 -8141
v 711 1319 -7519
v 711 1374 -6815
v 711 1265 -6234
v 995 927 -5774
v 1241 413 -5476
v 1347 -236 -5314
v 1347 -629 -5314
v 1081 -1332 -5111
v 989 -1927 -5043
v 825 -2387 -5030
v 640 -2315 -4586
v 640 -1907 -3863
v 640 -1653 -3190
v -1720 -124 -5804
v -1777 -310 -5756
v -1983 -1332 -5514
v -2059 -1927 -5377
v -2063 -2387 -5364
v -2111 -2928 -5437
v -2111 -3510 -5618
v -2028 -4105 -6005
v -1891 -4484 -6441
v -1659 -4714 -6743
v -1523 -5174 -7009
v -1433 -5661 -7053
v -1439 -5972 -7156
v -1485 -6283 -7116
v -1531 -6513 -6951
v -1808 -6669 -6642
v -2011 -6628 -6368
v -2166 -6649 -6004
v -2212 -6734 -5900
v -2358 -6954 -5565
v -2275 -7364 -5403
v -2309 -7250 -5693
v -2192 -7193 -5966
v -2119 -7354 -6143
v -1399 -7352 -7587
v -1338 -7176 -7878
v -1294 -6743 -8090
v -1243 -6324 -7988
v -1183 -6148 -7975
v -1221 -5782 -7824
v -1358 -5268 -7938
v -1495 -4930 -7925
v -1656 -4443 -7492
v -1911 -3916 -7492
v -2051 -3293 -7316
v -1922 -2820 -6924
v -1914 -2631 -7099
v -1795 -1046 -7606
v -1587 -760 -8137
v -1490 -541 -8289
v -1382 -222 -8339
v -1285 125 -8284
v -1257 341 -8074
v -1269 497 -7754
v -1301 582 -7449
v -1355 617 -6754
v -1422 574 -6377
v -1512 420 -6084
v -1612 181 -5899
v 1720 -124 -5805
v 1612 181 -5899
v 1512 420 -6084
v 1422 574 -6377
v 1355 617 -6754
v 1301 582 -7449
v 1269 497 -7754
v 1257 341 -8074
v 1285 125 -8284
v 1382 -222 -8340
v 1490 -541 -8289
v 1587 -760 -8138
v 1795 -1046 -7606
v 1911 -2631 -7099
v 1918 -2820 -6924
v 2051 -3293 -7316
v 1911 -3916 -7492
v 1656 -4443 -7492
v 1495 -4930 -7925
v 1359 -5268 -7938
v 1232 -5782 -7816
v 1185 -6148 -7974
v 1243 -6324 -7988
v 1294 -6743 -8090
v 1338 -7176 -7878
v 1399 -7352 -7587
v 2119 -7354 -6142
v 2192 -7193 -5965
v 2309 -7250 -5693
v 2275 -7364 -5403
v 2358 -6954 -5565
v 2212 -6734 -5900
v 2166 -6649 -6004
v 2011 -6628 -6368
v 1808 -6669 -6642
v 1531 -6513 -6951
v 1485 -6283 -7116
v 1439 -5972 -7156
v 1433 -5661 -7053
v 1523 -5174 -7009
v 1659 -4714 -6743
v 1891 -4484 -6441
v 2028 -4105 -6005
v 2111 -3510 -5618
v 2111 -2928 -5437
v 2063 -2387 -5364
v 2059 -1927 -5377
v 1986 -1332 -5514
v 1777 -310 -5756
v 1662 -1321 -2613
v 1543 -1152 -2646
v 1593 -975 -2616
v 1601 -664 -2737
v 1471 -370 -2717
v 1438 -206 -2775
v 1405 -97 -2809
v 1395 6 -2881
v 1385 155 -2869
v 1356 284 -2702
v 1356 344 -2482
v 1356 279 -2322
v 1385 166 -2203
v 1395 20 -2161
v 1405 -147 -2161
v 1434 -195 -2163
v 1541 -373 -2213
v -1623 -1130 -2264
v -1659 -956 -2214
v -1541 -373 -2213
v -1434 -195 -2163
v -1405 -147 -2161
v -1395 20 -2161
v -1385 166 -2203
v -1356 279 -2322
v -1356 344 -2482
v -1356 284 -2702
v -1385 155 -2869
v -1395 6 -2881
v -1405 -97 -2809
v -1438 -206 -2775
v -1471 -370 -2717
v -1601 -664 -2737
v -1592 -975 -2616
v -1543 -1152 -2646
v -1662 -1320 -2613
v -1739 -1539 -2427
v 1739 -1539 -2427
v 1753 -1913 -2232
v -1753 -1913 -2232
v 1787 -2080 -2221
v -1787 -2080 -2221
v 1805 -2170 -2084
v -1805 -2170 -2084
v 1874 -2373 -2110
v -1874 -2373 -2110
v 1986 -2625 -1911
v -1986 -2625 -1911
v 1991 -2650 -1839
v -1991 -2650 -1839
v 2041 -2897 -1852
v -2041 -2897 -1852
v 2026 -3132 -1938
v -2026 -3132 -1938
v 2039 -2888 -1702
v -2039 -2888 -1702
v 1984 -2616 -1620
v -1984 -2616 -1620
v 1858 -2299 -1722
v -1858 -2299 -1722
v 1780 -2052 -1931
v -1780 -2052 -1931
v 1742 -1860 -2014
v -1742 -1860 -2014
v 1700 -1350 -2098
v -1700 -1350 -2098
v 1623 -1130 -2264
v 1659 -956 -2214
v 1426 -1923 -2015
v 1267 -1438 -2098
v 1464 -2115 -1931
v 1488 -2374 -1723
v 1495 -2715 -1621
v 1550 -2986 -1703
v 1657 -3207 -1939
v 1306 -1626 -2428
v 1437 -1977 -2232
v 1471 -2144 -2221
v 1488 -2234 -2084
v 1504 -2448 -2111
v 1497 -2724 -1912
v 1502 -2749 -1840
v 1552 -2996 -1853
v 844 -3510 -5314
v 844 -2928 -5111
v 704 -4105 -5747
v 756 -4484 -6234
v 674 -4714 -6572
v 565 -5174 -6869
v 512 -5661 -6983
v 459 -5972 -6999
v 461 -6283 -6903
v 487 -6513 -6734
v 357 -6669 -6340
v 281 -6954 -5133
v 282 -6734 -5499
v 422 -7364 -5017
v 282 -6649 -5612
v 280 -6628 -6008
v 573 -3293 -7164
v 588 -3916 -7332
v 672 -4443 -7332
v 572 -4930 -7746
v 490 -5268 -7759
v 405 -5782 -7645
v 377 -6148 -7891
v 335 -6324 -7844
v 250 -6743 -7873
v 294 -7176 -7661
v 355 -7352 -7370
v 271 -7354 -5758
v 274 -7193 -5567
v 276 -7250 -5270
v -1267 -1437 -2098
v -1426 -1923 -2015
v -1464 -2115 -1931
v -1488 -2374 -1723
v -1495 -2715 -1621
v -1550 -2986 -1703
v -1657 -3207 -1939
v -1437 -1977 -2232
v -1306 -1626 -2428
v -1471 -2144 -2221
v -1488 -2234 -2084
v -1504 -2448 -2111
v -1497 -2724 -1912
v -1502 -2749 -1840
v -1552 -2996 -1853
v -844 -2928 -5111
v -844 -3510 -5314
v -704 -4105 -5747
v -756 -4484 -6234
v -674 -4714 -6572
v -565 -5174 -6869
v -512 -5661 -6983
v -459 -5972 -6999
v -461 -6283 -6903
v -487 -6513 -6734
v -357 -6669 -6340
v -282 -6734 -5499
v -281 -6954 -5133
v -422 -7364 -5017
v -282 -6649 -5612
v -280 -6628 -6008
v -588 -3916 -7332
v -573 -3293 -7164
v -672 -4443 -7332
v -572 -4930 -7746
v -489 -5268 -7759
v -404 -5782 -7645
v -376 -6148 -7891
v -335 -6324 -7844
v -250 -6743 -7873
v -294 -7176 -7661
v -355 -7352 -7370
v -271 -7354 -5758
v -274 -7193 -5567
v -276 -7250 -5270
v 0 2318 -3842
v 0 -2603 -5062
v 0 -850 -1856
v 0 -1105 -2151
v 0 -1251 -2305
v 0 -1493 -2612
v 0 -1868 -3190
v 0 -2123 -3863
v 0 -2530 -4586
v 0 -2990 -7064
v 0 -2907 -7875
v 0 -2816 -8476
v 0 -2907 -9077
v 0 -2714 -9780
v 0 -2622 -10391
v 0 -2561 -10971
v 0 -2469 -11613
v 0 -2337 -12387
v 0 -2235 -13018
v 0 -2113 -13670
v 0 -1919 -14475
v 0 -1726 -15157
v 0 -1512 -15840
v 0 -1329 -16501
v 0 -1186 -17092
v 0 -1084 -17764
v 0 -1033 -18396
v 0 -982 -19048
v 0 -1043 -19643
v 0 -1217 -20262
v 0 -1523 -20740
v 1 -1883 -21202
v 0 -1687 -21358
v 0 -1198 -20930
v 0 -750 -20441
v 0 -383 -19799
v 0 -144 -19037
v 0 -45 -18386
v 0 -25 -17713
v 0 -45 -17102
v 0 -137 -16461
v 0 -198 -15799
v 0 -198 -15127
v 0 -177 -14424
v 0 -106 -13670
v 0 -35 -13029
v 0 57 -12367
v 0 148 -11623
v 0 311 -10981
v 0 546 -10370
v 0 647 -9759
v 0 902 -9108
v 0 1228 -8456
v 0 1493 -7804
v 0 1666 -7091
v 0 1717 -6409
v 0 1737 -5747
v 0 1982 -5125
v 0 2246 -2559
v -149 769 -9108
v -149 1095 -8456
v -149 1360 -7804
v -149 1533 -7091
v -149 1584 -6409
v -149 1604 -5747
v -149 1849 -5125
v -149 2185 -3842
v -149 2114 -2559
v -149 515 -9759
v -149 413 -10370
v -149 179 -10981
v -149 16 -11623
v -149 -76 -12367
v -149 -168 -13029
v -149 -239 -13670
v -149 -310 -14424
v -135 -331 -15127
v -118 -331 -15799
v -110 -269 -16461
v -102 -178 -17102
v -92 -157 -17713
v -76 -178 -18386
v -64 -249 -19037
v -47 -432 -19750
v -58 -799 -20392
v -49 -1247 -20881
v -27 -1736 -21309
v 149 2114 -2559
v 149 2185 -3842
v 149 1849 -5125
v 149 1604 -5747
v 149 1584 -6409
v 149 1533 -7091
v 149 1360 -7804
v 149 1095 -8456
v 149 769 -9108
v 149 515 -9759
v 149 413 -10370
v 149 179 -10981
v 149 16 -11623
v 149 -76 -12367
v 149 -168 -13029
v 149 -239 -13670
v 149 -310 -14424
v 135 -331 -15127
v 118 -331 -15799
v 110 -269 -16461
v 102 -178 -17102
v 92 -157 -17713
v 76 -178 -18386
v 64 -249 -19037
v 47 -432 -19750
v 58 -799 -20392
v 49 -1247 -20881
v 27 -1736 -21309
v -952 1031 -2503
v -1186 1031 -3323
v 952 1031 -2503
v 1186 1031 -3323
v -640 -1278 -2612
v -640 -1035 -2305
v 640 -1278 -2612
v 640 -1035 -2305
v 640 -2774 -7064
v 640 -2388 -5062
v -640 -2388 -5062
v -640 -2774 -7064
v -1166 -1478 -9362
v -1086 -1393 -10383
v -1003 -1363 -10976
v -945 -1321 -11618
v -863 -1306 -12377
v -801 -1279 -13023
v -760 -1253 -13670
v -581 -1111 -15142
v -664 -1192 -14449
v -507 -999 -15819
v -474 -899 -16481
v -437 -781 -17097
v -396 -720 -17739
v -329 -705 -18391
v -275 -715 -19043
v -202 -837 -19661
v -159 -1097 -20311
v -115 -1424 -20794
v -91 -1787 -21227
v 1086 -1393 -10383
v 1003 -1363 -10976
v 945 -1321 -11618
v 863 -1306 -12377
v 801 -1279 -13023
v 760 -1253 -13670
v 664 -1192 -14449
v 581 -1111 -15142
v 507 -999 -15819
v 474 -899 -16481
v 437 -781 -17097
v 396 -720 -17739
v 329 -705 -18391
v 275 -715 -19043
v 202 -837 -19661
v 159 -1097 -20311
v 115 -1424 -20794
v 91 -1787 -21227
v 1166 -1478 -9362
v -1618 -2690 -1620
v -1860 -2641 -1620
v -1673 -2962 -1703
v -1915 -2913 -1702
v 1860 -2641 -1620
v 1618 -2690 -1620
v 1915 -2913 -1702
v 1673 -2962 -1703
v -1625 -2724 -1840
v -1868 -2675 -1839
v -1675 -2971 -1853
v -1918 -2922 -1853
v -1620 -2699 -1912
v -1863 -2650 -1911
v 1863 -2650 -1911
v 1620 -2699 -1912
v 1868 -2675 -1839
v 1625 -2724 -1840
v 1918 -2922 -1853
v 1675 -2971 -1853
v 1673 -2337 -1723
v -1673 -2337 -1723
v 1689 -2411 -2110
v -1689 -2411 -2110
v -577 -6959 -5135
v -1185 -6946 -5269
v -1475 -6946 -5329
v -2086 -6959 -5449
v 2086 -6959 -5449
v 1475 -6946 -5329
v 1185 -6946 -5269
v 577 -6959 -5135
v -1355 -7352 -5180
v 1355 -7352 -5180
v -1324 -6669 -6541
v -840 -6669 -6441
v 840 -6669 -6441
v 1324 -6669 -6541
v -578 -6739 -5501
v -1110 -6730 -5630
v -1400 -6730 -5690
v -1939 -6739 -5784
v -578 -6653 -5614
v -1087 -6646 -5741
v -1377 -6646 -5802
v -1894 -6653 -5888
v -576 -6632 -6010
v -1006 -6630 -6130
v -1296 -6630 -6190
v -1738 -6633 -6252
v 1738 -6632 -6252
v 1296 -6630 -6190
v 1006 -6630 -6130
v 576 -6632 -6010
v 1894 -6653 -5888
v 1377 -6646 -5802
v 1087 -6646 -5741
v 578 -6653 -5614
v 1939 -6739 -5784
v 1400 -6730 -5690
v 1110 -6730 -5630
v 578 -6739 -5501
v -1766 -7352 -6843
v 315 -7352 -6541
v -315 -7352 -6541
v 1766 -7352 -6843
v 799 -7352 -6642
v 1282 -7352 -6742
v -1282 -7352 -6742
v -799 -7352 -6642
v -567 -7358 -5760
v -1059 -7353 -5876
v -1349 -7353 -5936
v -1846 -7358 -6026
v -571 -7197 -5569
v -1097 -7189 -5690
v -1387 -7189 -5751
v -1919 -7197 -5849
v -572 -7255 -5272
v -1158 -7243 -5399
v -1448 -7243 -5459
v -2036 -7255 -5576
v 2036 -7255 -5576
v 1448 -7243 -5459
v 1158 -7243 -5399
v 572 -7255 -5272
v 1919 -7197 -5849
v 1387 -7189 -5751
v 1097 -7189 -5690
v 571 -7197 -5569
v 1846 -7358 -6026
v 1349 -7353 -5936
v 1059 -7353 -5876
v 567 -7358 -5760
v -1183 -6513 -6879
v -835 -6513 -6806
v 835 -6513 -6806
v 1183 -6513 -6879
v 0 -2169 -13373
v 520 -1959 -13373
v -779 -1265 -13373
v -520 -1959 -13373
v 779 -1265 -13373
v 518 -206 -13373
v -518 -206 -13373
v 149 -206 -13373
v 0 -73 -13373
v -149 -206 -13373
v 640 -2713 -7668
v 0 -2928 -7668
v -752 -2338 -7668
v -640 -2713 -7668
v -640 1393 -7668
v -674 1341 -7668
v -711 1280 -7668
v 674 1341 -7668
v 640 1393 -7668
v 711 1280 -7668
v 752 -2338 -7668
v -1278 521 -7668
v -1771 -1013 -7668
v 1771 -1013 -7668
v 1278 521 -7668
v -816 -2169 -7668
v -1099 -1195 -7668
v 1733 -1605 -7668
v 1714 -2187 -7668
v -1735 -1605 -7668
v 1099 -1195 -7668
v 816 -2169 -7668
v -1716 -2187 -7668
v -1609 -2258 -7668
v 1607 -2258 -7668
v 149 1393 -7668
v 0 1526 -7668
v -149 1393 -7668
v -791 -285 -1964
v -563 -632 -1964
v 846 1031 -1964
v 524 1884 -1964
v -846 1031 -1964
v -524 1884 -1964
v -787 547 -1964
v 791 -285 -1964
v 854 -194 -1964
v -868 -72 -1964
v -917 264 -1964
v 563 -632 -1964
v -854 -194 -1964
v 868 -72 -1964
v -877 450 -1964
v 787 547 -1964
v -896 387 -1964
v 896 387 -1964
v 877 450 -1964
v 917 264 -1964
v 149 2077 -1964
v 0 2247 -1964
v -149 2077 -1964
v -2031 -3218 -6170
v -2111 -3218 -5527
v 2111 -3218 -5527
v 2029 -3218 -6170
v 924 -3218 -5937
v 844 -3218 -5212
v -844 -3218 -5212
v -923 -3218 -5937
v 2030 -3218 -7254
v -645 -3218 -7105
v 646 -3218 -7105
v -2031 -3218 -7254
v -1223 -912 -6491
v 1223 -912 -6491
v 640 -2645 -6397
v 640 -2516 -5730
v -640 -2516 -5730
v -640 -2645 -6397
v 1223 658 -4891
v 1204 908 -3875
v 1285 112 -3763
v 1331 -90 -4649
v 1273 -370 -3658
v 1310 -527 -4486
v -1223 658 -4891
v -1204 908 -3875
v -1331 -90 -4649
v -1285 112 -3763
v -1310 -527 -4486
v -1273 -370 -3658
v -1786 -678 -6681
v -1949 -1981 -6307
v 1786 -678 -6681
v 1948 -1981 -6307
vt 0.02343750 0.74218750
vt 0.02473958 0.77343750
vt 0.01562500 0.77343750
vt 0.25911458 0.58007812
vt 0.22656250 0.61718750
vt 0.25911458 0.61328125
vt 0.13020833 0.05664062
vt 0.07942708 0.05664062
vt 0.07942708 0.07031250
vt 0.06250000 0.88476562
vt 0.11458333 0.93359375
vt 0.11067708 0.90625000
vt 0.25911458 0.98437500
vt 0.29296875 0.88476562
vt 0.29296875 0.96679688
vt 0.01692708 0.87304688
vt 0.01953125 0.83007812
vt 0.02864583 0.86718750
vt 0.30729167 0.12304688
vt 0.33072917 0.16210938
vt 0.30729167 0.16015625
vt 0.85937500 0.50000000
vt 0.91015625 0.42773438
vt 0.91536458 0.50000000
vt 0.13411458 0.60351562
vt 0.11848958 0.60351562
vt 0.13411458 0.61523438
vt 0.13020833 0.95898438
vt 0.11458333 0.93359375
vt 0.11718750 0.95312500
vt 0.11458333 0.93359375
vt 0.06250000 0.88476562
vt 0.11067708 0.90625000
vt 0.19401042 0.58398438
vt 0.16536458 0.59179688
vt 0.18489583 0.60937500
vt 0.22656250 0.99023438
vt 0.21614583 0.92968750
vt 0.20312500 0.93164062
vt 0.20182292 0.92968750
vt 0.17578125 0.82617188
vt 0.21093750 0.92773438
vt 0.06901042 0.88867188
vt 0.06250000 0.88476562
vt 0.05989583 0.88476562
vt 0.91276042 0.50195312
vt 0.91015625 0.51171875
vt 0.90885417 0.50195312
vt 0.14322917 0.90039062
vt 0.11588542 0.90039062
vt 0.11067708 0.90429688
vt 0.91796875 0.36328125
vt 0.93619792 0.41601562
vt 0.91406250 0.36718750
vt 0.26953125 0.16406250
vt 0.30078125 0.19726562
vt 0.26953125 0.16992188
vt 0.20182292 0.92968750
vt 0.21614583 0.92968750
vt 0.21093750 0.92773438
vt 0.00000000 1.00000000
vt 0.00000000 0.99804688
vt 0.00000000 1.00000000
vt 0.02604167 0.92382812
vt 0.02213542 0.89257812
vt 0.00651042 0.89648438
vt 0.90885417 0.50195312
vt 0.90885417 0.50195312
vt 0.91015625 0.51171875
vt 0.19921875 0.93164062
vt 0.15755208 0.85742188
vt 0.15625000 0.85742188
vt 0.29296875 0.83398438
vt 0.20312500 0.80273438
vt 0.29296875 0.78906250
vt 0.21484375 0.86328125
vt 0.18880208 0.78710938
vt 0.17578125 0.82617188
vt 0.07421875 0.80859375
vt 0.07942708 0.77539062
vt 0.03906250 0.77929688
vt 0.03255208 0.95312500
vt 0.02604167 0.92382812
vt 0.01562500 0.93359375
vt 0.03776042 0.93945312
vt 0.03255208 0.95312500
vt 0.02604167 0.92382812
vt 0.07421875 0.80859375
vt 0.07942708 0.77539062
vt 0.12109375 0.82617188
vt 0.91015625 0.37500000
vt 0.86458333 0.42773438
vt 0.86458333 0.37500000
vt 0.26953125 0.14843750
vt 0.30729167 0.12304688
vt 0.30729167 0.16015625
vt 0.95833333 0.51562500
vt 0.95052083 0.54492188
vt 0.94921875 0.51171875
vt 0.22656250 0.58398438
vt 0.19401042 0.58398438
vt 0.18489583 0.60937500
vt 0.14453125 0.62109375
vt 0.13411458 0.60351562
vt 0.13411458 0.61523438
vt 0.21614583 0.92968750
vt 0.20182292 0.92968750
vt 0.21093750 0.92773438
vt 0.05729167 0.95507812
vt 0.05598958 0.97070312
vt 0.10937500 0.97265625
vt 0.85937500 0.50000000
vt 0.91536458 0.50000000
vt 0.91536458 0.50000000
vt 0.39973958 0.48828125
vt 0.38932292 0.49023438
vt 0.39583333 0.47070312
vt 0.02734375 0.80859375
vt 0.07421875 0.80859375
vt 0.03906250 0.77929688
vt 0.08593750 0.83007812
vt 0.10286458 0.83984375
vt 0.09375000 0.83593750
vt 0.14322917 0.90039062
vt 0.17187500 0.91796875
vt 0.14192708 0.89843750
vt 0.05989583 0.90625000
vt 0.03906250 0.90820312
vt 0.06250000 0.88476562
vt 0.12109375 0.82617188
vt 0.17578125 0.82617188
vt 0.18880208 0.78710938
vt 0.17578125 0.82617188
vt 0.12109375 0.82617188
vt 0.18880208 0.78710938
vt 0.11848958 0.97265625
vt 0.13411458 0.97851562
vt 0.13411458 0.99414062
vt 0.19401042 0.08203125
vt 0.13020833 0.05664062
vt 0.18880208 0.08398438
vt 0.07942708 0.07031250
vt 0.03255208 0.05664062
vt 0.03385417 0.06835938
vt 0.02994792 0.57226562
vt 0.01171875 0.57226562
vt 0.03255208 0.58984375
vt 0.12109375 0.82617188
vt 0.12109375 0.85156250
vt 0.07291667 0.82031250
vt 0.25911458 0.55273438
vt 0.25911458 0.51953125
vt 0.22656250 0.51562500
vt 0.18489583 0.51367188
vt 0.19140625 0.50976562
vt 0.18489583 0.50390625
vt 0.17447917 0.50781250
vt 0.18489583 0.51367188
vt 0.18489583 0.50390625
vt 0.14843750 0.55664062
vt 0.17838542 0.55078125
vt 0.16536458 0.54101562
vt 0.11848958 0.53515625
vt 0.13411458 0.51757812
vt 0.11848958 0.52929688
vt 0.14843750 0.56640625
vt 0.13411458 0.55859375
vt 0.13411458 0.56640625
vt 0.19401042 0.56640625
vt 0.17838542 0.55078125
vt 0.17838542 0.56640625
vt 0.22656250 0.54882812
vt 0.19401042 0.56640625
vt 0.22656250 0.56640625
vt 0.22656250 0.56640625
vt 0.25911458 0.55273438
vt 0.22656250 0.54882812
vt 0.14192708 0.89843750
vt 0.14192708 0.92382812
vt 0.17187500 0.91796875
vt 0.07552083 0.57812500
vt 0.07552083 0.55468750
vt 0.06640625 0.56640625
vt 0.01692708 0.56640625
vt 0.02994792 0.56054688
vt 0.00651042 0.56640625
vt 0.01171875 0.56054688
vt 0.02994792 0.56054688
vt 0.03255208 0.54296875
vt 0.13411458 0.97851562
vt 0.11848958 0.97265625
vt 0.13411458 0.99414062
vt 0.14453125 1.00000000
vt 0.13932292 0.98242188
vt 0.13411458 0.99414062
vt 0.13411458 0.60351562
vt 0.14843750 0.57617188
vt 0.13411458 0.57421875
vt 0.13411458 0.52929688
vt 0.14453125 0.51171875
vt 0.13411458 0.51757812
vt 0.12239583 0.55078125
vt 0.10416667 0.53710938
vt 0.07552083 0.55468750
vt 0.11848958 0.60351562
vt 0.11848958 0.59765625
vt 0.10416667 0.59570312
vt 0.11848958 0.59765625
vt 0.13411458 0.60351562
vt 0.12239583 0.58203125
vt 0.13411458 0.52929688
vt 0.11848958 0.53515625
vt 0.12239583 0.55078125
vt 0.15625000 0.60937500
vt 0.16927083 0.61328125
vt 0.16536458 0.59179688
vt 0.16536458 0.51367188
vt 0.15625000 0.52343750
vt 0.16927083 0.51953125
vt 0.12239583 0.58203125
vt 0.13411458 0.60351562
vt 0.13411458 0.57421875
vt 0.13411458 0.52929688
vt 0.12239583 0.55078125
vt 0.13411458 0.55859375
vt 0.14843750 0.57617188
vt 0.16536458 0.59179688
vt 0.17838542 0.58203125
vt 0.14843750 0.55664062
vt 0.13411458 0.52929688
vt 0.13411458 0.55859375
vt 0.15625000 0.52343750
vt 0.14843750 0.55664062
vt 0.16536458 0.54101562
vt 0.14843750 0.57617188
vt 0.15625000 0.60937500
vt 0.16536458 0.59179688
vt 0.10937500 0.97265625
vt 0.11718750 0.95312500
vt 0.11848958 0.97265625
vt 0.00130208 1.00000000
vt 0.00130208 1.00000000
vt 0.00130208 1.00000000
vt 0.14453125 0.98437500
vt 0.15625000 1.00000000
vt 0.14453125 1.00000000
vt 0.14453125 0.51171875
vt 0.15625000 0.52343750
vt 0.15625000 0.50781250
vt 0.14453125 0.51171875
vt 0.13411458 0.52929688
vt 0.15625000 0.52343750
vt 0.15625000 0.60937500
vt 0.14453125 0.62109375
vt 0.15625000 0.62500000
vt 0.13411458 0.60351562
vt 0.14453125 0.62109375
vt 0.15625000 0.60937500
vt 0.14192708 0.89843750
vt 0.14192708 0.92382812
vt 0.11458333 0.93359375
vt 0.07421875 0.80859375
vt 0.07291667 0.82031250
vt 0.12109375 0.82617188
vt 0.07942708 0.77539062
vt 0.07421875 0.80859375
vt 0.12109375 0.82617188
vt 0.07942708 0.77539062
vt 0.07421875 0.80859375
vt 0.03906250 0.77929688
vt 0.12109375 0.85156250
vt 0.17578125 0.82617188
vt 0.12109375 0.82617188
vt 0.07421875 0.80859375
vt 0.07291667 0.82031250
vt 0.02734375 0.80859375
vt 0.20312500 0.80273438
vt 0.21484375 0.86328125
vt 0.22005208 0.86523438
vt 0.17578125 0.82617188
vt 0.21484375 0.86328125
vt 0.21093750 0.92773438
vt 0.17578125 0.82617188
vt 0.15625000 0.85742188
vt 0.20182292 0.92968750
vt 0.17578125 0.82617188
vt 0.12109375 0.85156250
vt 0.12109375 0.82617188
vt 0.18489583 0.60937500
vt 0.16536458 0.59179688
vt 0.18489583 0.61914062
vt 0.18489583 0.52343750
vt 0.16536458 0.54101562
vt 0.19401042 0.54882812
vt 0.19140625 0.50976562
vt 0.18489583 0.52343750
vt 0.22656250 0.51562500
vt 0.19140625 0.62304688
vt 0.18489583 0.60937500
vt 0.18489583 0.61914062
vt 0.20312500 0.80273438
vt 0.21484375 0.86328125
vt 0.18880208 0.78710938
vt 0.20312500 0.80273438
vt 0.29296875 0.83398438
vt 0.29296875 0.78906250
vt 0.29296875 0.05664062
vt 0.17838542 0.05664062
vt 0.19401042 0.08203125
vt 0.21093750 0.92773438
vt 0.22005208 0.86523438
vt 0.21614583 0.92968750
vt 0.21614583 0.92968750
vt 0.21484375 0.86328125
vt 0.21093750 0.92773438
vt 0.29296875 0.83398438
vt 0.22005208 0.86523438
vt 0.29296875 0.88476562
vt 0.22005208 0.86523438
vt 0.29296875 0.83398438
vt 0.29296875 0.88476562
vt 0.01432292 0.83007812
vt 0.01432292 0.87304688
vt 0.01041667 0.87304688
vt 0.00781250 0.83007812
vt 0.01041667 0.87304688
vt 0.00000000 0.86718750
vt 0.01432292 0.87304688
vt 0.01432292 0.83007812
vt 0.01692708 0.87304688
vt 0.02994792 0.57226562
vt 0.00651042 0.56640625
vt 0.01171875 0.57226562
vt 0.05598958 0.57421875
vt 0.06640625 0.56640625
vt 0.05598958 0.56640625
vt 0.14843750 0.57617188
vt 0.14843750 0.56640625
vt 0.13411458 0.57421875
vt 0.19401042 0.56640625
vt 0.17838542 0.58203125
vt 0.19401042 0.58398438
vt 0.22656250 0.58398438
vt 0.19401042 0.56640625
vt 0.19401042 0.58398438
vt 0.22656250 0.58398438
vt 0.25911458 0.56640625
vt 0.22656250 0.56640625
vt 0.01432292 0.83007812
vt 0.01041667 0.87304688
vt 0.00781250 0.83007812
vt 0.01692708 0.87304688
vt 0.01432292 0.83007812
vt 0.01953125 0.83007812
vt 0.12239583 0.56640625
vt 0.12239583 0.58203125
vt 0.13411458 0.57421875
vt 0.12239583 0.55078125
vt 0.12239583 0.56640625
vt 0.13411458 0.55859375
vt 0.11067708 0.90625000
vt 0.11458333 0.93359375
vt 0.14192708 0.89843750
vt 0.14453125 1.00000000
vt 0.14843750 0.98437500
vt 0.14453125 0.98437500
vt 0.16536458 0.99609375
vt 0.15364583 0.98437500
vt 0.15625000 1.00000000
vt 0.17187500 0.91796875
vt 0.14192708 0.92382812
vt 0.14192708 0.89843750
vt 0.19661458 0.93945312
vt 0.17187500 0.91796875
vt 0.19921875 0.93164062
vt 0.15364583 0.98437500
vt 0.16536458 0.99609375
vt 0.15625000 1.00000000
vt 0.20182292 0.92968750
vt 0.15625000 0.85742188
vt 0.19921875 0.93164062
vt 0.15625000 0.85742188
vt 0.20182292 0.92968750
vt 0.19921875 0.93164062
vt 0.00781250 0.74218750
vt 0.00651042 0.77343750
vt 0.00000000 0.77343750
vt 0.07942708 0.07031250
vt 0.03385417 0.06835938
vt 0.03906250 0.08007812
vt 0.18880208 0.11132812
vt 0.07942708 0.07031250
vt 0.07942708 0.08398438
vt 0.20312500 0.09570312
vt 0.18880208 0.08398438
vt 0.18880208 0.11132812
vt 0.29296875 0.07617188
vt 0.19401042 0.08203125
vt 0.29296875 0.08789062
vt 0.19401042 0.08203125
vt 0.29296875 0.07617188
vt 0.29296875 0.08789062
vt 0.18880208 0.08398438
vt 0.20312500 0.09570312
vt 0.18880208 0.11132812
vt 0.07942708 0.07031250
vt 0.18880208 0.11132812
vt 0.07942708 0.08398438
vt 0.03385417 0.06835938
vt 0.07942708 0.07031250
vt 0.03906250 0.08007812
vt 0.02473958 0.77343750
vt 0.02343750 0.74218750
vt 0.03125000 0.77343750
vt 0.83854167 0.41601562
vt 0.85546875 0.36328125
vt 0.85937500 0.36718750
vt 0.25911458 0.58007812
vt 0.25911458 0.61328125
vt 0.29296875 0.61132812
vt 0.29296875 0.56640625
vt 0.25911458 0.58007812
vt 0.29296875 0.58007812
vt 0.29296875 0.55273438
vt 0.25911458 0.56640625
vt 0.29296875 0.56640625
vt 0.29296875 0.52148438
vt 0.25911458 0.55273438
vt 0.29296875 0.55273438
vt 0.22656250 0.51562500
vt 0.18489583 0.52343750
vt 0.22656250 0.54882812
vt 0.22656250 0.61718750
vt 0.18489583 0.60937500
vt 0.19140625 0.62304688
vt 0.29296875 0.78906250
vt 0.32682292 0.82226562
vt 0.31901042 0.77734375
vt 0.29296875 0.83398438
vt 0.29296875 0.88476562
vt 0.32682292 0.82226562
vt 0.29296875 0.88476562
vt 0.29296875 0.96679688
vt 0.32682292 0.94726562
vt 0.29296875 0.52148438
vt 0.29296875 0.55273438
vt 0.32682292 0.52148438
vt 0.32682292 0.55273438
vt 0.29296875 0.56640625
vt 0.32682292 0.56640625
vt 0.32682292 0.56640625
vt 0.29296875 0.58007812
vt 0.32682292 0.58007812
vt 0.29296875 0.58007812
vt 0.32682292 0.61132812
vt 0.32682292 0.58007812
vt 0.32682292 0.94726562
vt 0.29296875 0.88476562
vt 0.32682292 0.87304688
vt 0.29296875 0.88476562
vt 0.32682292 0.82226562
vt 0.32682292 0.87304688
vt 0.32682292 0.82226562
vt 0.29296875 0.78906250
vt 0.31901042 0.77734375
vt 0.29296875 0.08789062
vt 0.29296875 0.07617188
vt 0.31770833 0.07617188
vt 0.29296875 0.05664062
vt 0.31770833 0.07617188
vt 0.31640625 0.05664062
vt 0.29296875 0.07617188
vt 0.29296875 0.08789062
vt 0.31770833 0.07617188
vt 0.14843750 0.56640625
vt 0.14843750 0.57617188
vt 0.17838542 0.58203125
vt 0.17838542 0.55078125
vt 0.14843750 0.56640625
vt 0.17838542 0.56640625
vt 0.13411458 0.99414062
vt 0.11848958 0.97265625
vt 0.11848958 0.98046875
vt 0.11848958 0.97265625
vt 0.13411458 0.99414062
vt 0.11848958 0.98046875
vt 0.11848958 0.98046875
vt 0.10937500 0.97265625
vt 0.11848958 0.97265625
vt 0.11848958 0.52929688
vt 0.05598958 0.54296875
vt 0.10416667 0.53710938
vt 0.11718750 0.95312500
vt 0.05729167 0.95507812
vt 0.10937500 0.97265625
vt 0.14453125 1.00000000
vt 0.13932292 0.98242188
vt 0.14453125 0.98437500
vt 0.19661458 0.93945312
vt 0.20312500 0.93164062
vt 0.19921875 0.93945312
vt 0.19010417 0.94921875
vt 0.18880208 0.94921875
vt 0.18880208 0.95898438
vt 0.21484375 0.86328125
vt 0.17578125 0.82617188
vt 0.21093750 0.92773438
vt 0.21484375 0.86328125
vt 0.17578125 0.82617188
vt 0.18880208 0.78710938
vt 0.21614583 0.92968750
vt 0.22656250 0.99023438
vt 0.25911458 0.98437500
vt 0.21614583 0.92968750
vt 0.22656250 0.99023438
vt 0.20312500 0.93164062
vt 0.18489583 0.61914062
vt 0.16536458 0.59179688
vt 0.16927083 0.61328125
vt 0.19140625 0.62304688
vt 0.18489583 0.61914062
vt 0.18489583 0.62890625
vt 0.18489583 0.51367188
vt 0.16536458 0.54101562
vt 0.18489583 0.52343750
vt 0.19140625 0.50976562
vt 0.18489583 0.51367188
vt 0.18489583 0.52343750
vt 0.16536458 0.62500000
vt 0.15625000 0.60937500
vt 0.15625000 0.62500000
vt 0.15625000 0.50781250
vt 0.16536458 0.51367188
vt 0.16536458 0.50781250
vt 0.29296875 0.05664062
vt 0.31770833 0.07617188
vt 0.29296875 0.07617188
vt 0.19401042 0.08203125
vt 0.29296875 0.05664062
vt 0.29296875 0.07617188
vt 0.13020833 0.05664062
vt 0.19401042 0.08203125
vt 0.18880208 0.08398438
vt 0.07942708 0.05664062
vt 0.13020833 0.05664062
vt 0.07942708 0.07031250
vt 0.03255208 0.05664062
vt 0.07942708 0.07031250
vt 0.03385417 0.06835938
vt 0.18880208 0.08398438
vt 0.20312500 0.09570312
vt 0.19401042 0.08203125
vt 0.20312500 0.09570312
vt 0.18880208 0.08398438
vt 0.19401042 0.08203125
vt 0.13020833 0.05664062
vt 0.19401042 0.08203125
vt 0.17838542 0.05664062
vt 0.19401042 0.08203125
vt 0.13020833 0.05664062
vt 0.17838542 0.05664062
vt 0.00781250 0.74218750
vt 0.01562500 0.77343750
vt 0.00651042 0.77343750
vt 0.12109375 0.82617188
vt 0.18880208 0.78710938
vt 0.07942708 0.77539062
vt 0.18880208 0.78710938
vt 0.12109375 0.82617188
vt 0.07942708 0.77539062
vt 0.22656250 0.54882812
vt 0.18489583 0.52343750
vt 0.19401042 0.54882812
vt 0.22656250 0.58398438
vt 0.18489583 0.60937500
vt 0.22656250 0.61718750
vt 0.19921875 0.93945312
vt 0.19921875 0.93164062
vt 0.19661458 0.93945312
vt 0.18880208 0.94921875
vt 0.19010417 0.94921875
vt 0.18880208 0.95898438
vt 0.18880208 0.94921875
vt 0.19661458 0.93945312
vt 0.19140625 0.94726562
vt 0.18880208 0.94921875
vt 0.19921875 0.93945312
vt 0.19010417 0.94921875
vt 0.06250000 0.88476562
vt 0.03906250 0.90820312
vt 0.05989583 0.90625000
vt 0.06250000 0.88476562
vt 0.03906250 0.90820312
vt 0.02213542 0.89257812
vt 0.02213542 0.89257812
vt 0.02604167 0.92382812
vt 0.03906250 0.90820312
vt 0.02213542 0.89257812
vt 0.02604167 0.92382812
vt 0.00651042 0.89648438
vt 0.10416667 0.59570312
vt 0.07552083 0.57812500
vt 0.05598958 0.58984375
vt 0.10416667 0.53710938
vt 0.11848958 0.53515625
vt 0.11848958 0.52929688
vt 0.10416667 0.59570312
vt 0.11848958 0.59765625
vt 0.12239583 0.58203125
vt 0.11848958 0.53515625
vt 0.10416667 0.53710938
vt 0.12239583 0.55078125
vt 0.07552083 0.57812500
vt 0.10416667 0.59570312
vt 0.12239583 0.58203125
vt 0.07552083 0.55468750
vt 0.05598958 0.54296875
vt 0.05598958 0.55859375
vt 0.06640625 0.56640625
vt 0.07552083 0.55468750
vt 0.05598958 0.55859375
vt 0.12239583 0.56640625
vt 0.07552083 0.57812500
vt 0.12239583 0.58203125
vt 0.07552083 0.55468750
vt 0.12239583 0.56640625
vt 0.12239583 0.55078125
vt 0.12239583 0.56640625
vt 0.07552083 0.55468750
vt 0.07552083 0.57812500
vt 0.05598958 0.58984375
vt 0.11848958 0.60351562
vt 0.10416667 0.59570312
vt 0.05598958 0.97265625
vt 0.10937500 0.97265625
vt 0.05598958 0.97070312
vt 0.03776042 0.93945312
vt 0.05729167 0.95507812
vt 0.03255208 0.95117188
vt 0.02994792 0.57226562
vt 0.05598958 0.58984375
vt 0.05598958 0.57421875
vt 0.02864583 0.56640625
vt 0.02994792 0.57226562
vt 0.05598958 0.57421875
vt 0.05598958 0.55859375
vt 0.02864583 0.56640625
vt 0.05598958 0.56640625
vt 0.05598958 0.54296875
vt 0.02994792 0.56054688
vt 0.05598958 0.55859375
vt 0.05598958 0.97265625
vt 0.03255208 0.95117188
vt 0.03255208 0.95312500
vt 0.03776042 0.93945312
vt 0.03255208 0.95312500
vt 0.03255208 0.95117188
vt 0.02604167 0.92382812
vt 0.03255208 0.95312500
vt 0.01562500 0.93359375
vt 0.03255208 0.95117188
vt 0.05598958 0.97070312
vt 0.05729167 0.95507812
vt 0.03255208 0.95312500
vt 0.05598958 0.97070312
vt 0.05598958 0.97265625
vt 0.19140625 0.97851562
vt 0.19140625 0.97851562
vt 0.18489583 0.98828125
vt 0.19140625 0.97851562
vt 0.19140625 0.97851562
vt 0.18489583 0.98828125
vt 0.19140625 0.94726562
vt 0.16015625 0.93945312
vt 0.17838542 0.94726562
vt 0.17838542 0.94726562
vt 0.15364583 0.95312500
vt 0.15625000 0.95703125
vt 0.14713542 0.94726562
vt 0.14192708 0.92382812
vt 0.14322917 0.94531250
vt 0.13671875 0.94726562
vt 0.11458333 0.93359375
vt 0.13411458 0.95117188
vt 0.18619792 0.96289062
vt 0.18489583 0.98828125
vt 0.19140625 0.97851562
vt 0.11718750 0.95312500
vt 0.05989583 0.90625000
vt 0.05729167 0.95507812
vt 0.05989583 0.90625000
vt 0.03906250 0.90820312
vt 0.03776042 0.93945312
vt 0.11458333 0.93359375
vt 0.13020833 0.95898438
vt 0.11718750 0.95312500
vt 0.14322917 0.94531250
vt 0.16015625 0.93945312
vt 0.14713542 0.94726562
vt 0.11458333 0.93359375
vt 0.14192708 0.92382812
vt 0.13671875 0.94726562
vt 0.05989583 0.90625000
vt 0.11458333 0.93359375
vt 0.11718750 0.95312500
vt 0.03776042 0.93945312
vt 0.05989583 0.90625000
vt 0.05729167 0.95507812
vt 0.16015625 0.93945312
vt 0.15625000 0.95703125
vt 0.15364583 0.95312500
vt 0.19140625 0.97851562
vt 0.18619792 0.96289062
vt 0.18880208 0.95898438
vt 0.11718750 0.95312500
vt 0.10937500 0.97265625
vt 0.11848958 0.97265625
vt 0.12630208 0.96679688
vt 0.11718750 0.95312500
vt 0.11848958 0.97265625
vt 0.05729167 0.95507812
vt 0.10937500 0.97265625
vt 0.05598958 0.97070312
vt 0.11718750 0.95312500
vt 0.10937500 0.97265625
vt 0.05729167 0.95507812
vt 0.11718750 0.95312500
vt 0.12630208 0.96679688
vt 0.11848958 0.97265625
vt 0.04296875 0.88867188
vt 0.05989583 0.88476562
vt 0.05078125 0.88671875
vt 0.02343750 0.89257812
vt 0.06250000 0.88476562
vt 0.02213542 0.89257812
vt 0.01432292 0.89453125
vt 0.00651042 0.89648438
vt 0.00781250 0.89453125
vt 0.00781250 0.89453125
vt 0.00000000 0.89648438
vt 0.00260417 0.89648438
vt 0.00260417 0.89648438
vt 0.00000000 0.89648438
vt 0.00260417 0.89648438
vt 0.00260417 0.89648438
vt 0.00651042 0.89648438
vt 0.00781250 0.89453125
vt 0.01432292 0.89453125
vt 0.02213542 0.89257812
vt 0.02343750 0.89257812
vt 0.06901042 0.88867188
vt 0.08723958 0.89648438
vt 0.07812500 0.89257812
vt 0.04296875 0.81250000
vt 0.02864583 0.80859375
vt 0.03515625 0.81054688
vt 0.02604167 0.80664062
vt 0.02083333 0.80664062
vt 0.02343750 0.80664062
vt 0.02343750 0.80664062
vt 0.01953125 0.80664062
vt 0.02213542 0.80664062
vt 0.02343750 0.80664062
vt 0.02083333 0.80664062
vt 0.02343750 0.80664062
vt 0.02604167 0.80664062
vt 0.02734375 0.80859375
vt 0.02864583 0.80859375
vt 0.04296875 0.81250000
vt 0.06119792 0.81835938
vt 0.05208333 0.81445312
vt 0.07682292 0.82421875
vt 0.07291667 0.82031250
vt 0.07291667 0.82226562
vt 0.99218750 0.54687500
vt 0.99479167 0.53906250
vt 0.99869792 0.54101562
vt 0.90364583 0.27929688
vt 0.90625000 0.27343750
vt 0.90885417 0.28906250
vt 0.95572917 0.51367188
vt 0.94921875 0.51171875
vt 0.95052083 0.54492188
vt 0.88671875 0.21484375
vt 0.88541667 0.21875000
vt 0.88281250 0.21484375
vt 0.90885417 0.50195312
vt 0.91015625 0.51171875
vt 0.91276042 0.50195312
vt 0.89453125 0.21679688
vt 0.89453125 0.22070312
vt 0.89192708 0.21484375
vt 0.17187500 0.91992188
vt 0.15755208 0.85742188
vt 0.20312500 0.93359375
vt 0.12109375 0.85156250
vt 0.15755208 0.85742188
vt 0.15625000 0.85742188
vt 0.15625000 0.85742188
vt 0.12239583 0.85351562
vt 0.12109375 0.85156250
vt 0.15625000 0.85742188
vt 0.20312500 0.93359375
vt 0.19921875 0.93164062
vt 0.11067708 0.90625000
vt 0.14322917 0.90039062
vt 0.14192708 0.89843750
vt 0.14192708 0.89843750
vt 0.11067708 0.90429688
vt 0.11067708 0.90625000
vt 0.17187500 0.91796875
vt 0.14322917 0.90039062
vt 0.14192708 0.89843750
vt 0.19921875 0.93164062
vt 0.17187500 0.91992188
vt 0.17187500 0.91796875
vt 0.17187500 0.91796875
vt 0.20312500 0.93359375
vt 0.19921875 0.93164062
vt 0.85937500 0.50000000
vt 0.88541667 0.44140625
vt 0.86197917 0.44140625
vt 0.36458333 0.49414062
vt 0.36718750 0.49414062
vt 0.36718750 0.48242188
vt 0.36848958 0.49414062
vt 0.36979167 0.49218750
vt 0.37239583 0.48046875
vt 0.37500000 0.49218750
vt 0.37890625 0.49218750
vt 0.37760417 0.47851562
vt 0.38411458 0.49023438
vt 0.38932292 0.49023438
vt 0.38671875 0.47070312
vt 0.59505208 0.95703125
vt 0.59114583 0.96289062
vt 0.58723958 0.95703125
vt 0.26953125 0.16406250
vt 0.26171875 0.16992188
vt 0.26432292 0.16406250
vt 0.42057292 0.48242188
vt 0.41536458 0.48437500
vt 0.42317708 0.45703125
vt 0.38411458 0.49023438
vt 0.38151042 0.49218750
vt 0.38671875 0.47070312
vt 0.36979167 0.49218750
vt 0.36848958 0.49414062
vt 0.37239583 0.48046875
vt 0.45182292 0.49414062
vt 0.46093750 0.49804688
vt 0.45833333 0.48632812
vt 0.90494792 0.29296875
vt 0.91015625 0.37500000
vt 0.90364583 0.27929688
vt 0.99479167 0.53906250
vt 0.99218750 0.54687500
vt 0.99869792 0.54101562
vt 0.86197917 0.44140625
vt 0.85937500 0.50000000
vt 0.85937500 0.50000000
vt 0.63411458 0.92968750
vt 0.60286458 0.96289062
vt 0.60286458 0.95703125
vt 0.59765625 0.96289062
vt 0.60286458 0.95703125
vt 0.60286458 0.96289062
vt 0.46484375 0.50000000
vt 0.46614583 0.49218750
vt 0.46093750 0.49804688
vt 0.46614583 0.49218750
vt 0.46484375 0.50000000
vt 0.46744792 0.50000000
vt 0.45703125 0.49609375
vt 0.45833333 0.48632812
vt 0.45182292 0.49414062
vt 0.45833333 0.48632812
vt 0.45703125 0.49609375
vt 0.46093750 0.49804688
vt 0.42057292 0.48242188
vt 0.42578125 0.48437500
vt 0.42317708 0.45703125
vt 0.58203125 0.96289062
vt 0.57812500 0.95703125
vt 0.58723958 0.95703125
vt 0.44921875 0.48632812
vt 0.44791667 0.49414062
vt 0.45182292 0.49414062
vt 0.44401042 0.49218750
vt 0.44791667 0.49414062
vt 0.44921875 0.48632812
vt 0.57421875 0.96289062
vt 0.56901042 0.95703125
vt 0.57812500 0.95703125
vt 0.44140625 0.47460938
vt 0.43880208 0.49023438
vt 0.44401042 0.49218750
vt 0.43489583 0.48828125
vt 0.43880208 0.49023438
vt 0.44140625 0.47460938
vt 0.56510417 0.96484375
vt 0.55989583 0.95898438
vt 0.56901042 0.95703125
vt 0.43229167 0.46289062
vt 0.42968750 0.48632812
vt 0.43489583 0.48828125
vt 0.42578125 0.48437500
vt 0.42968750 0.48632812
vt 0.43229167 0.46289062
vt 0.55598958 0.96484375
vt 0.55078125 0.95898438
vt 0.55989583 0.95898438
vt 0.41536458 0.48437500
vt 0.42057292 0.48242188
vt 0.42317708 0.45703125
vt 0.54557292 0.96679688
vt 0.54296875 0.96093750
vt 0.55078125 0.95898438
vt 0.41276042 0.46875000
vt 0.41276042 0.48437500
vt 0.41536458 0.48437500
vt 0.40885417 0.48632812
vt 0.41276042 0.48437500
vt 0.41276042 0.46875000
vt 0.53906250 0.97070312
vt 0.53385417 0.96484375
vt 0.54296875 0.96093750
vt 0.40494792 0.46289062
vt 0.40364583 0.48632812
vt 0.40885417 0.48632812
vt 0.39973958 0.48828125
vt 0.40364583 0.48632812
vt 0.40494792 0.46289062
vt 0.52994792 0.97265625
vt 0.52473958 0.96875000
vt 0.53385417 0.96484375
vt 0.39583333 0.47070312
vt 0.39453125 0.48828125
vt 0.39973958 0.48828125
vt 0.38932292 0.49023438
vt 0.39453125 0.48828125
vt 0.39583333 0.47070312
vt 0.51953125 0.97656250
vt 0.51432292 0.97265625
vt 0.52473958 0.96875000
vt 0.38151042 0.49218750
vt 0.38411458 0.49023438
vt 0.38671875 0.47070312
vt 0.51171875 0.98242188
vt 0.50520833 0.98046875
vt 0.51432292 0.97265625
vt 0.37500000 0.49218750
vt 0.37760417 0.47851562
vt 0.37239583 0.49218750
vt 0.37239583 0.49218750
vt 0.36848958 0.49414062
vt 0.37239583 0.48046875
vt 0.36979167 0.49218750
vt 0.37239583 0.49218750
vt 0.37239583 0.48046875
vt 0.36458333 0.49414062
vt 0.36848958 0.49414062
vt 0.36718750 0.48242188
vt 0.50260417 0.99023438
vt 0.50000000 0.98632812
vt 0.50520833 0.98046875
vt 0.49869792 0.99609375
vt 0.49479167 0.99609375
vt 0.50000000 0.98632812
vt 0.36718750 0.49414062
vt 0.36458333 0.49414062
vt 0.36718750 0.48242188
vt 0.16276042 0.12304688
vt 0.16145833 0.13085938
vt 0.16145833 0.12304688
vt 0.46744792 0.50000000
vt 0.46484375 0.50000000
vt 0.46614583 0.49218750
vt 0.46614583 0.49218750
vt 0.46484375 0.50000000
vt 0.46093750 0.49804688
vt 0.45833333 0.48632812
vt 0.45703125 0.49609375
vt 0.45182292 0.49414062
vt 0.25390625 0.16992188
vt 0.25781250 0.16406250
vt 0.26171875 0.16992188
vt 0.45703125 0.49609375
vt 0.45833333 0.48632812
vt 0.46093750 0.49804688
vt 0.44921875 0.48632812
vt 0.44791667 0.49414062
vt 0.44401042 0.49218750
vt 0.24479167 0.16992188
vt 0.24869792 0.16406250
vt 0.25390625 0.16992188
vt 0.44791667 0.49414062
vt 0.44921875 0.48632812
vt 0.45182292 0.49414062
vt 0.43489583 0.48828125
vt 0.42968750 0.48632812
vt 0.43229167 0.46289062
vt 0.43880208 0.49023438
vt 0.44140625 0.47460938
vt 0.44401042 0.49218750
vt 0.23567708 0.16992188
vt 0.24088542 0.16406250
vt 0.24479167 0.16992188
vt 0.44140625 0.47460938
vt 0.43880208 0.49023438
vt 0.43489583 0.48828125
vt 0.22656250 0.16992188
vt 0.23177083 0.16406250
vt 0.23567708 0.16992188
vt 0.43229167 0.46289062
vt 0.42968750 0.48632812
vt 0.42578125 0.48437500
vt 0.42578125 0.48437500
vt 0.42057292 0.48242188
vt 0.42317708 0.45703125
vt 0.21744792 0.16796875
vt 0.22265625 0.16406250
vt 0.22656250 0.16992188
vt 0.41536458 0.48437500
vt 0.41276042 0.48437500
vt 0.41276042 0.47070312
vt 0.20963542 0.16601562
vt 0.21223958 0.16210938
vt 0.21744792 0.16796875
vt 0.41276042 0.47070312
vt 0.41276042 0.48437500
vt 0.40885417 0.48632812
vt 0.40885417 0.48632812
vt 0.40364583 0.48632812
vt 0.40494792 0.46484375
vt 0.20052083 0.16210938
vt 0.20572917 0.15820312
vt 0.20963542 0.16601562
vt 0.40494792 0.46484375
vt 0.40364583 0.48632812
vt 0.39973958 0.48828125
vt 0.39973958 0.48828125
vt 0.39453125 0.48828125
vt 0.39453125 0.47070312
vt 0.19140625 0.15820312
vt 0.19661458 0.15429688
vt 0.20052083 0.16210938
vt 0.39453125 0.47070312
vt 0.39453125 0.48828125
vt 0.38932292 0.49023438
vt 0.38932292 0.49023438
vt 0.38411458 0.49023438
vt 0.38671875 0.47070312
vt 0.18098958 0.15429688
vt 0.18619792 0.15039062
vt 0.19140625 0.15820312
vt 0.37890625 0.49218750
vt 0.37500000 0.49218750
vt 0.37760417 0.47851562
vt 0.17187500 0.14648438
vt 0.17838542 0.14453125
vt 0.18098958 0.15429688
vt 0.37760417 0.47851562
vt 0.37500000 0.49218750
vt 0.37239583 0.49218750
vt 0.16927083 0.13867188
vt 0.17187500 0.14648438
vt 0.16666667 0.14062500
vt 0.37239583 0.49218750
vt 0.36979167 0.49218750
vt 0.37239583 0.48046875
vt 0.16536458 0.13085938
vt 0.16666667 0.14062500
vt 0.16145833 0.13085938
vt 0.36848958 0.49414062
vt 0.36458333 0.49414062
vt 0.36718750 0.48242188
vt 0.38932292 0.49023438
vt 0.38151042 0.49218750
vt 0.38671875 0.47070312
vt 0.40885417 0.48632812
vt 0.39973958 0.48828125
vt 0.40494792 0.46289062
vt 0.42578125 0.48437500
vt 0.41536458 0.48437500
vt 0.42317708 0.45703125
vt 0.41536458 0.48437500
vt 0.40885417 0.48632812
vt 0.41276042 0.46875000
vt 0.43489583 0.48828125
vt 0.42578125 0.48437500
vt 0.43229167 0.46289062
vt 0.44401042 0.49218750
vt 0.43489583 0.48828125
vt 0.44140625 0.47460938
vt 0.45182292 0.49414062
vt 0.44401042 0.49218750
vt 0.44921875 0.48632812
vt 0.46093750 0.49804688
vt 0.45182292 0.49414062
vt 0.45833333 0.48632812
vt 0.46744792 0.50000000
vt 0.46093750 0.49804688
vt 0.46614583 0.49218750
vt 0.53906250 0.97070312
vt 0.51953125 0.97656250
vt 0.52994792 0.97265625
vt 0.46093750 0.49804688
vt 0.46744792 0.50000000
vt 0.46614583 0.49218750
vt 0.44401042 0.49218750
vt 0.45182292 0.49414062
vt 0.44921875 0.48632812
vt 0.43489583 0.48828125
vt 0.44401042 0.49218750
vt 0.44140625 0.47460938
vt 0.42578125 0.48437500
vt 0.43489583 0.48828125
vt 0.43229167 0.46289062
vt 0.41536458 0.48437500
vt 0.42578125 0.48437500
vt 0.42317708 0.45703125
vt 0.40885417 0.48632812
vt 0.41536458 0.48437500
vt 0.41276042 0.47070312
vt 0.39973958 0.48828125
vt 0.40885417 0.48632812
vt 0.40494792 0.46484375
vt 0.38932292 0.49023438
vt 0.39973958 0.48828125
vt 0.39453125 0.47070312
vt 0.38151042 0.49218750
vt 0.38932292 0.49023438
vt 0.38671875 0.47070312
vt 0.24088542 0.16406250
vt 0.25781250 0.16406250
vt 0.24869792 0.16406250
vt 0.37760417 0.47851562
vt 0.38151042 0.49218750
vt 0.37890625 0.49218750
vt 0.36848958 0.49414062
vt 0.37239583 0.49218750
vt 0.37239583 0.48046875
vt 0.36718750 0.49414062
vt 0.36848958 0.49414062
vt 0.36718750 0.48242188
vt 0.36848958 0.49414062
vt 0.36718750 0.49414062
vt 0.36718750 0.48242188
vt 0.37890625 0.49218750
vt 0.37239583 0.49218750
vt 0.37760417 0.47851562
vt 0.16536458 0.13085938
vt 0.17838542 0.14453125
vt 0.16927083 0.13867188
vt 0.99218750 0.54687500
vt 0.99479167 0.53906250
vt 0.98958333 0.53515625
vt 0.99479167 0.53906250
vt 0.99218750 0.54687500
vt 0.98958333 0.53515625
vt 0.98307292 0.54492188
vt 0.98567708 0.53320312
vt 0.98177083 0.53125000
vt 0.91536458 0.33593750
vt 0.91015625 0.32812500
vt 0.91276042 0.32226562
vt 0.97395833 0.54687500
vt 0.97656250 0.52929688
vt 0.97265625 0.52539062
vt 0.91276042 0.32226562
vt 0.90885417 0.31640625
vt 0.91145833 0.30859375
vt 0.96484375 0.53710938
vt 0.96875000 0.52343750
vt 0.96354167 0.51953125
vt 0.91145833 0.30859375
vt 0.90625000 0.30273438
vt 0.91015625 0.29492188
vt 0.95703125 0.53710938
vt 0.95963542 0.51757812
vt 0.95833333 0.51562500
vt 0.91015625 0.29492188
vt 0.90494792 0.29296875
vt 0.90885417 0.28906250
vt 0.90625000 0.27343750
vt 0.90234375 0.26562500
vt 0.90494792 0.25976562
vt 0.94401042 0.53125000
vt 0.94401042 0.51171875
vt 0.94010417 0.50976562
vt 0.90494792 0.25976562
vt 0.90104167 0.25195312
vt 0.90364583 0.24609375
vt 0.93359375 0.52343750
vt 0.93489583 0.50781250
vt 0.93098958 0.50781250
vt 0.90364583 0.24609375
vt 0.89973958 0.23828125
vt 0.90234375 0.23242188
vt 0.92447917 0.51562500
vt 0.92578125 0.50585938
vt 0.92187500 0.50390625
vt 0.90104167 0.22265625
vt 0.89843750 0.22656250
vt 0.89843750 0.22070312
vt 0.91536458 0.51757812
vt 0.91666667 0.50390625
vt 0.91276042 0.50195312
vt 0.85546875 0.36328125
vt 0.86197917 0.35546875
vt 0.85937500 0.36718750
vt 0.98958333 0.53515625
vt 0.98567708 0.53320312
vt 0.98307292 0.54492188
vt 0.91666667 0.34765625
vt 0.91145833 0.34179688
vt 0.91536458 0.33593750
vt 0.91406250 0.36718750
vt 0.91666667 0.34765625
vt 0.91796875 0.36328125
vt 0.85937500 0.33593750
vt 0.86328125 0.34179688
vt 0.85807292 0.34765625
vt 0.98177083 0.53125000
vt 0.97656250 0.52929688
vt 0.97395833 0.54687500
vt 0.97265625 0.52539062
vt 0.96875000 0.52343750
vt 0.96484375 0.53710938
vt 0.96354167 0.51953125
vt 0.95963542 0.51757812
vt 0.95703125 0.53710938
vt 0.86848958 0.29296875
vt 0.86458333 0.29492188
vt 0.86588542 0.28906250
vt 0.94921875 0.51171875
vt 0.94401042 0.51171875
vt 0.94401042 0.53125000
vt 0.94010417 0.50976562
vt 0.93489583 0.50781250
vt 0.93359375 0.52343750
vt 0.93098958 0.50781250
vt 0.92578125 0.50585938
vt 0.92447917 0.51562500
vt 0.92187500 0.50390625
vt 0.91666667 0.50390625
vt 0.91536458 0.51757812
vt 0.87630208 0.22656250
vt 0.87369792 0.22265625
vt 0.87630208 0.22070312
vt 0.86067708 0.32226562
vt 0.86458333 0.32812500
vt 0.85937500 0.33593750
vt 0.86328125 0.30859375
vt 0.86588542 0.31640625
vt 0.86067708 0.32226562
vt 0.86458333 0.29492188
vt 0.86718750 0.30273438
vt 0.86328125 0.30859375
vt 0.86718750 0.27343750
vt 0.86979167 0.27929688
vt 0.86588542 0.28906250
vt 0.86848958 0.25976562
vt 0.87239583 0.26562500
vt 0.86718750 0.27343750
vt 0.87109375 0.24609375
vt 0.87369792 0.25195312
vt 0.86848958 0.25976562
vt 0.87239583 0.23242188
vt 0.87500000 0.23828125
vt 0.87109375 0.24609375
vt 0.95833333 0.51562500
vt 0.95572917 0.51367188
vt 0.95052083 0.54492188
vt 0.98567708 0.53320312
vt 0.98958333 0.53515625
vt 0.98307292 0.54492188
vt 0.98177083 0.53125000
vt 0.98567708 0.53320312
vt 0.98307292 0.54492188
vt 0.97656250 0.52929688
vt 0.98177083 0.53125000
vt 0.97395833 0.54687500
vt 0.97265625 0.52539062
vt 0.97656250 0.52929688
vt 0.97395833 0.54687500
vt 0.96875000 0.52343750
vt 0.97265625 0.52539062
vt 0.96484375 0.53710938
vt 0.96354167 0.51953125
vt 0.96875000 0.52343750
vt 0.96484375 0.53710938
vt 0.95963542 0.51757812
vt 0.96354167 0.51953125
vt 0.95703125 0.53710938
vt 0.95833333 0.51562500
vt 0.95963542 0.51757812
vt 0.95703125 0.53710938
vt 0.95572917 0.51367188
vt 0.95833333 0.51562500
vt 0.95052083 0.54492188
vt 0.94921875 0.51171875
vt 0.95572917 0.51367188
vt 0.95052083 0.54492188
vt 0.94401042 0.51171875
vt 0.94921875 0.51171875
vt 0.94401042 0.53125000
vt 0.94010417 0.50976562
vt 0.94401042 0.51171875
vt 0.94401042 0.53125000
vt 0.93489583 0.50781250
vt 0.94010417 0.50976562
vt 0.93359375 0.52343750
vt 0.93098958 0.50781250
vt 0.93489583 0.50781250
vt 0.93359375 0.52343750
vt 0.92578125 0.50585938
vt 0.93098958 0.50781250
vt 0.92447917 0.51562500
vt 0.92187500 0.50390625
vt 0.92578125 0.50585938
vt 0.92447917 0.51562500
vt 0.91666667 0.50390625
vt 0.92187500 0.50390625
vt 0.91536458 0.51757812
vt 0.91276042 0.50195312
vt 0.91666667 0.50390625
vt 0.91536458 0.51757812
vt 0.88281250 0.21484375
vt 0.88020833 0.22070312
vt 0.87890625 0.21679688
vt 0.89192708 0.21484375
vt 0.88932292 0.21875000
vt 0.88671875 0.21484375
vt 0.90625000 0.50195312
vt 0.90885417 0.50195312
vt 0.90494792 0.51953125
vt 0.90885417 0.50195312
vt 0.90625000 0.50195312
vt 0.90494792 0.51953125
vt 0.90625000 0.50195312
vt 0.90885417 0.50195312
vt 0.90494792 0.51953125
vt 0.90885417 0.50195312
vt 0.90625000 0.50195312
vt 0.90494792 0.51953125
vt 0.88020833 0.22070312
vt 0.87630208 0.22070312
vt 0.87890625 0.21679688
vt 0.89843750 0.22070312
vt 0.89453125 0.22070312
vt 0.89453125 0.21679688
vt 0.90885417 0.50195312
vt 0.90885417 0.50195312
vt 0.91015625 0.51171875
vt 0.86458333 0.37500000
vt 0.90364583 0.27929688
vt 0.91015625 0.37500000
vt 0.87369792 0.22265625
vt 0.87630208 0.22656250
vt 0.87239583 0.23242188
vt 0.89843750 0.22656250
vt 0.90104167 0.22265625
vt 0.90234375 0.23242188
vt 0.87369792 0.25195312
vt 0.86979167 0.27929688
vt 0.87239583 0.26562500
vt 0.94010417 0.50976562
vt 0.94921875 0.51171875
vt 0.94401042 0.53125000
vt 0.93098958 0.50781250
vt 0.94010417 0.50976562
vt 0.93359375 0.52343750
vt 0.92187500 0.50390625
vt 0.93098958 0.50781250
vt 0.92447917 0.51562500
vt 0.91276042 0.50195312
vt 0.92187500 0.50390625
vt 0.91536458 0.51757812
vt 0.90885417 0.50195312
vt 0.91276042 0.50195312
vt 0.91015625 0.51171875
vt 0.90885417 0.50195312
vt 0.90885417 0.50195312
vt 0.90494792 0.51953125
vt 0.90885417 0.50195312
vt 0.90885417 0.50195312
vt 0.90494792 0.51953125
vt 0.91276042 0.50195312
vt 0.90885417 0.50195312
vt 0.91015625 0.51171875
vt 0.92187500 0.50390625
vt 0.91276042 0.50195312
vt 0.91536458 0.51757812
vt 0.93098958 0.50781250
vt 0.92187500 0.50390625
vt 0.92447917 0.51562500
vt 0.94010417 0.50976562
vt 0.93098958 0.50781250
vt 0.93359375 0.52343750
vt 0.94921875 0.51171875
vt 0.94010417 0.50976562
vt 0.94401042 0.53125000
vt 0.95833333 0.51562500
vt 0.94921875 0.51171875
vt 0.95052083 0.54492188
vt 0.96354167 0.51953125
vt 0.95833333 0.51562500
vt 0.95703125 0.53710938
vt 0.97265625 0.52539062
vt 0.96354167 0.51953125
vt 0.96484375 0.53710938
vt 0.98177083 0.53125000
vt 0.97265625 0.52539062
vt 0.97395833 0.54687500
vt 0.98958333 0.53515625
vt 0.98177083 0.53125000
vt 0.98307292 0.54492188
vt 0.99869792 0.54101562
vt 0.98958333 0.53515625
vt 0.99218750 0.54687500
vt 0.86328125 0.34179688
vt 0.85937500 0.36718750
vt 0.86197917 0.35546875
vt 0.98958333 0.53515625
vt 0.99869792 0.54101562
vt 0.99218750 0.54687500
vt 0.98177083 0.53125000
vt 0.98958333 0.53515625
vt 0.98307292 0.54492188
vt 0.97265625 0.52539062
vt 0.98177083 0.53125000
vt 0.97395833 0.54687500
vt 0.96354167 0.51953125
vt 0.97265625 0.52539062
vt 0.96484375 0.53710938
vt 0.95833333 0.51562500
vt 0.96354167 0.51953125
vt 0.95703125 0.53710938
vt 0.50911458 0.98437500
vt 0.50520833 0.98046875
vt 0.51171875 0.98242188
vt 0.17187500 0.14648438
vt 0.17578125 0.14257812
vt 0.17838542 0.14453125
vt 0.88671875 0.21484375
vt 0.88932292 0.21875000
vt 0.88541667 0.21875000
vt 0.26953125 0.14843750
vt 0.17838542 0.12304688
vt 0.26953125 0.12304688
vt 0.12630208 0.85742188
vt 0.15755208 0.85742188
vt 0.12500000 0.85351562
vt 0.12630208 0.85742188
vt 0.14322917 0.90039062
vt 0.15755208 0.85742188
vt 0.15755208 0.85742188
vt 0.14322917 0.90039062
vt 0.17187500 0.91992188
vt 0.86067708 0.37109375
vt 0.85937500 0.50000000
vt 0.86197917 0.44140625
vt 0.60677083 0.96484375
vt 0.64062500 0.96875000
vt 0.60286458 0.97851562
vt 0.12369792 0.88867188
vt 0.14843750 0.91992188
vt 0.11588542 0.90039062
vt 0.86458333 0.42773438
vt 0.86067708 0.37109375
vt 0.86458333 0.37500000
vt 0.86067708 0.37109375
vt 0.86458333 0.42773438
vt 0.85937500 0.50000000
vt 0.14322917 0.90039062
vt 0.12369792 0.88867188
vt 0.11588542 0.90039062
vt 0.14322917 0.90039062
vt 0.12890625 0.87500000
vt 0.12369792 0.88867188
vt 0.14322917 0.90039062
vt 0.12630208 0.85742188
vt 0.12890625 0.87500000
vt 0.14843750 0.91992188
vt 0.12890625 0.87500000
vt 0.12630208 0.85742188
vt 0.14843750 0.91992188
vt 0.12369792 0.88867188
vt 0.12890625 0.87500000
vt 0.91406250 0.37109375
vt 0.91015625 0.42773438
vt 0.91015625 0.37500000
vt 0.11588542 0.90039062
vt 0.14322917 0.90039062
vt 0.11067708 0.90429688
vt 0.15755208 0.85742188
vt 0.12630208 0.85742188
vt 0.12500000 0.85351562
vt 0.12630208 0.85742188
vt 0.15755208 0.85742188
vt 0.14322917 0.90039062
vt 0.14843750 0.91992188
vt 0.12630208 0.85742188
vt 0.12890625 0.87500000
vt 0.91406250 0.37109375
vt 0.91536458 0.50000000
vt 0.91015625 0.42773438
vt 0.12630208 0.85742188
vt 0.14843750 0.91992188
vt 0.17317708 0.93554688
vt 0.91536458 0.50000000
vt 0.91276042 0.44140625
vt 0.91536458 0.50000000
vt 0.91406250 0.37109375
vt 0.91276042 0.44140625
vt 0.91536458 0.50000000
vt 0.12630208 0.85742188
vt 0.17317708 0.93554688
vt 0.14843750 0.91992188
vt 0.30729167 0.16015625
vt 0.27343750 0.16210938
vt 0.26953125 0.14843750
vt 0.14843750 0.91992188
vt 0.12369792 0.88867188
vt 0.11588542 0.90039062
vt 0.14843750 0.91992188
vt 0.12890625 0.87500000
vt 0.12369792 0.88867188
vt 0.12630208 0.85742188
vt 0.14322917 0.90039062
vt 0.12890625 0.87500000
vt 0.12890625 0.87500000
vt 0.14322917 0.90039062
vt 0.12369792 0.88867188
vt 0.12369792 0.88867188
vt 0.14322917 0.90039062
vt 0.11588542 0.90039062
vt 0.15755208 0.85742188
vt 0.17187500 0.91992188
vt 0.14322917 0.90039062
vt 0.15755208 0.85742188
vt 0.17187500 0.91992188
vt 0.20312500 0.93359375
vt 0.17447917 0.99218750
vt 0.18619792 0.96289062
vt 0.18489583 0.98828125
vt 0.16927083 0.98437500
vt 0.17838542 0.96093750
vt 0.15755208 0.96875000
vt 0.17838542 0.96093750
vt 0.16927083 0.98437500
vt 0.15755208 0.96875000
vt 0.18619792 0.96289062
vt 0.17447917 0.99218750
vt 0.18489583 0.98828125
vt 0.14453125 0.97265625
vt 0.15755208 0.96875000
vt 0.15625000 0.95703125
vt 0.16536458 0.99609375
vt 0.17447917 0.99218750
vt 0.16927083 0.98437500
vt 0.19140625 0.94726562
vt 0.17838542 0.94726562
vt 0.18880208 0.94921875
vt 0.13541667 0.95898438
vt 0.13020833 0.95898438
vt 0.12890625 0.96484375
vt 0.13541667 0.95898438
vt 0.13020833 0.95898438
vt 0.13411458 0.95117188
vt 0.17447917 0.99218750
vt 0.16536458 0.99609375
vt 0.16927083 0.98437500
vt 0.19140625 0.94726562
vt 0.18880208 0.94921875
vt 0.17838542 0.94726562
vt 0.14453125 0.97265625
vt 0.15625000 0.95703125
vt 0.15755208 0.96875000
vt 0.13932292 0.97656250
vt 0.13411458 0.97851562
vt 0.13281250 0.97460938
vt 0.14453125 0.98437500
vt 0.13932292 0.98242188
vt 0.13932292 0.97656250
vt 0.13671875 0.94726562
vt 0.14322917 0.94531250
vt 0.13541667 0.95898438
vt 0.14713542 0.94726562
vt 0.15364583 0.95312500
vt 0.14192708 0.96093750
vt 0.13541667 0.95898438
vt 0.14322917 0.94531250
vt 0.13671875 0.94726562
vt 0.14192708 0.96093750
vt 0.15364583 0.95312500
vt 0.14713542 0.94726562
vt 0.13411458 0.97851562
vt 0.13932292 0.97851562
vt 0.13281250 0.97460938
vt 0.16536458 0.99609375
vt 0.15755208 0.96875000
vt 0.15364583 0.98437500
vt 0.18619792 0.96289062
vt 0.16927083 0.98437500
vt 0.17447917 0.99218750
vt 0.13020833 0.95898438
vt 0.11718750 0.95312500
vt 0.12630208 0.96679688
vt 0.11718750 0.95312500
vt 0.13020833 0.95898438
vt 0.12630208 0.96679688
vt 0.17838542 0.96093750
vt 0.17447917 0.99218750
vt 0.16927083 0.98437500
vt 0.15364583 0.98437500
vt 0.16927083 0.98437500
vt 0.16536458 0.99609375
vt 0.11458333 0.93359375
vt 0.13411458 0.95117188
vt 0.13020833 0.95898438
vt 0.13281250 0.97460938
vt 0.11848958 0.97265625
vt 0.12630208 0.96679688
vt 0.13932292 0.98242188
vt 0.13411458 0.99414062
vt 0.13411458 0.97851562
vt 0.15625000 1.00000000
vt 0.14843750 0.98437500
vt 0.15364583 0.98437500
vt 0.15755208 0.96875000
vt 0.17838542 0.94726562
vt 0.17838542 0.96093750
vt 0.14192708 0.92382812
vt 0.14322917 0.94531250
vt 0.13671875 0.94726562
vt 0.16015625 0.93945312
vt 0.15364583 0.95312500
vt 0.14713542 0.94726562
vt 0.13411458 0.95117188
vt 0.13671875 0.94726562
vt 0.13541667 0.95898438
vt 0.13281250 0.97460938
vt 0.13281250 0.97460938
vt 0.12890625 0.96679688
vt 0.14453125 0.97265625
vt 0.14453125 0.98437500
vt 0.13932292 0.97656250
vt 0.14192708 0.96093750
vt 0.15625000 0.95703125
vt 0.14453125 0.97265625
vt 0.13541667 0.95898438
vt 0.14713542 0.94726562
vt 0.14192708 0.96093750
vt 0.12630208 0.96679688
vt 0.11848958 0.97265625
vt 0.13281250 0.97460938
vt 0.11458333 0.93359375
vt 0.13020833 0.95898438
vt 0.13411458 0.95117188
vt 0.14192708 0.92382812
vt 0.13671875 0.94726562
vt 0.14322917 0.94531250
vt 0.17838542 0.96093750
vt 0.15625000 0.95703125
vt 0.15755208 0.96875000
vt 0.16015625 0.93945312
vt 0.14713542 0.94726562
vt 0.15364583 0.95312500
vt 0.15625000 1.00000000
vt 0.15364583 0.98437500
vt 0.14843750 0.98437500
vt 0.13932292 0.98242188
vt 0.14453125 1.00000000
vt 0.14453125 0.98437500
vt 0.13411458 0.97851562
vt 0.13411458 0.99414062
vt 0.13932292 0.98242188
vt 0.12890625 0.96484375
vt 0.13411458 0.97851562
vt 0.13281250 0.97460938
vt 0.14322917 0.94531250
vt 0.14192708 0.96093750
vt 0.14713542 0.94726562
vt 0.15364583 0.95312500
vt 0.14453125 0.97265625
vt 0.15625000 0.95703125
vt 0.13932292 0.97851562
vt 0.14843750 0.98437500
vt 0.14453125 0.97265625
vt 0.16536458 0.61914062
vt 0.17447917 0.62500000
vt 0.16927083 0.61328125
vt 0.16927083 0.51953125
vt 0.16536458 0.50781250
vt 0.16536458 0.51367188
vt 0.12890625 0.96484375
vt 0.12630208 0.96679688
vt 0.13281250 0.97460938
vt 0.15755208 0.96875000
vt 0.14453125 0.97265625
vt 0.15364583 0.98437500
vt 0.12630208 0.96679688
vt 0.12890625 0.96679688
vt 0.13281250 0.97460938
vt 0.14453125 0.97265625
vt 0.15364583 0.98437500
vt 0.14843750 0.98437500
vt 0.14453125 0.97265625
vt 0.15755208 0.96875000
vt 0.15364583 0.98437500
vt 0.13020833 0.95898438
vt 0.12890625 0.96679688
vt 0.12630208 0.96679688
vt 0.12890625 0.96484375
vt 0.13020833 0.95898438
vt 0.12630208 0.96679688
vt 0.13932292 0.98242188
vt 0.14453125 1.00000000
vt 0.13411458 0.99414062
vt 0.14453125 0.97265625
vt 0.14843750 0.98437500
vt 0.15364583 0.98437500
vt 0.13932292 0.97851562
vt 0.13932292 0.98242188
vt 0.14453125 0.98437500
vt 0.17838542 0.94726562
vt 0.18880208 0.94921875
vt 0.18880208 0.95898438
vt 0.18619792 0.96289062
vt 0.17838542 0.94726562
vt 0.17838542 0.96093750
vt 0.16015625 0.93945312
vt 0.19140625 0.94726562
vt 0.17838542 0.94726562
vt 0.17187500 0.91796875
vt 0.19661458 0.93945312
vt 0.19140625 0.94726562
vt 0.17187500 0.91796875
vt 0.19140625 0.94726562
vt 0.19661458 0.93945312
vt 0.17187500 0.91796875
vt 0.19661458 0.93945312
vt 0.19921875 0.93164062
vt 0.17838542 0.94726562
vt 0.18619792 0.96289062
vt 0.17838542 0.96093750
vt 0.17838542 0.94726562
vt 0.18880208 0.95898438
vt 0.18619792 0.96289062
vt 0.18619792 0.96289062
vt 0.19140625 0.97851562
vt 0.18489583 0.98828125
vt 0.17838542 0.94726562
vt 0.18880208 0.95898438
vt 0.18880208 0.94921875
vt 0.17838542 0.94726562
vt 0.18619792 0.96289062
vt 0.18880208 0.95898438
vt 0.18619792 0.96289062
vt 0.19140625 0.97851562
vt 0.18880208 0.95898438
vt 0.13411458 0.95117188
vt 0.13541667 0.95898438
vt 0.13671875 0.94726562
vt 0.11458333 0.93359375
vt 0.13671875 0.94726562
vt 0.13411458 0.95117188
vt 0.11458333 0.93359375
vt 0.13671875 0.94726562
vt 0.14192708 0.92382812
vt 0.00000000 1.00000000
vt 0.00000000 1.00000000
vt 0.00000000 1.00000000
vt 0.00000000 0.99804688
vt 0.00000000 1.00000000
vt 0.00130208 1.00000000
vt 0.14192708 0.96093750
vt 0.14453125 0.97265625
vt 0.13932292 0.96484375
vt 0.00000000 1.00000000
vt 0.00130208 1.00000000
vt 0.00130208 1.00000000
vt 0.00130208 1.00000000
vt 0.00000000 1.00000000
vt 0.00000000 1.00000000
vt 0.00000000 1.00000000
vt 0.00000000 1.00000000
vt 0.00000000 1.00000000
vt 0.00000000 1.00000000
vt 0.00000000 1.00000000
vt 0.00000000 1.00000000
vt 0.00000000 1.00000000
vt 0.00000000 1.00000000
vt 0.00130208 1.00000000
vt 0.00000000 1.00000000
vt 0.00130208 1.00000000
vt 0.00130208 1.00000000
vt 0.00000000 1.00000000
vt 0.00130208 1.00000000
vt 0.00130208 1.00000000
vt 0.00130208 1.00000000
vt 0.00000000 1.00000000
vt 0.00000000 0.99804688
vt 0.00000000 0.99804688
vt 0.00000000 1.00000000
vt 0.00000000 1.00000000
vt 0.13281250 0.96875000
vt 0.12890625 0.96484375
vt 0.13281250 0.97460938
vt 0.13932292 0.97851562
vt 0.13281250 0.96875000
vt 0.13281250 0.97460938
vt 0.14453125 0.97265625
vt 0.13802083 0.97070312
vt 0.13932292 0.97851562
vt 0.13932292 0.96484375
vt 0.14453125 0.97265625
vt 0.14192708 0.96093750
vt 0.13541667 0.95898438
vt 0.13932292 0.96484375
vt 0.14192708 0.96093750
vt 0.12890625 0.96484375
vt 0.13281250 0.96289062
vt 0.13541667 0.95898438
vt 0.13802083 0.97070312
vt 0.14453125 0.97265625
vt 0.13932292 0.97656250
vt 0.13281250 0.96875000
vt 0.13802083 0.97070312
vt 0.13932292 0.97656250
vt 0.12890625 0.96679688
vt 0.13281250 0.96875000
vt 0.13281250 0.97460938
vt 0.13281250 0.96289062
vt 0.12890625 0.96679688
vt 0.13541667 0.95898438
vt 0.14192708 0.96093750
vt 0.13281250 0.96289062
vt 0.13541667 0.95898438
vt 0.00130208 1.00000000
vt 0.00130208 1.00000000
vt 0.00130208 1.00000000
vt 0.00130208 1.00000000
vt 0.00000000 1.00000000
vt 0.00130208 1.00000000
vt 0.00130208 1.00000000
vt 0.00130208 1.00000000
vt 0.00130208 1.00000000
vt 0.00000000 0.99804688
vt 0.00130208 1.00000000
vt 0.00000000 1.00000000
vt 0.00000000 0.99804688
vt 0.00000000 1.00000000
vt 0.00000000 1.00000000
vt 0.13281250 0.96289062
vt 0.12890625 0.96484375
vt 0.13281250 0.96875000
vt 0.13281250 0.96289062
vt 0.13281250 0.96875000
vt 0.13932292 0.96484375
vt 0.14453125 0.97265625
vt 0.13932292 0.96484375
vt 0.13802083 0.97070312
vt 0.13932292 0.96484375
vt 0.14453125 0.97265625
vt 0.13802083 0.97070312
vt 0.13281250 0.96289062
vt 0.13932292 0.96484375
vt 0.13281250 0.96875000
vt 0.12890625 0.96679688
vt 0.13281250 0.96289062
vt 0.13281250 0.96875000
vt 0.96223958 0.85351562
vt 0.97526042 0.94335938
vt 0.99609375 0.82031250
vt 0.67838542 0.54687500
vt 0.66666667 0.57812500
vt 0.73567708 0.65234375
vt 0.43229167 0.75000000
vt 0.43750000 0.79296875
vt 0.48046875 0.73632812
vt 0.53776042 0.81835938
vt 0.55338542 0.91015625
vt 0.55468750 0.86523438
vt 0.55338542 0.91015625
vt 0.58203125 0.89453125
vt 0.55468750 0.86523438
vt 0.55338542 0.91015625
vt 0.59244792 0.90820312
vt 0.58203125 0.89453125
vt 0.59244792 0.90820312
vt 0.61588542 0.90429688
vt 0.58203125 0.89453125
vt 0.59244792 0.90820312
vt 0.63281250 0.91796875
vt 0.61588542 0.90429688
vt 0.63281250 0.91796875
vt 0.65755208 0.89843750
vt 0.61588542 0.90429688
vt 0.66666667 0.90039062
vt 0.66666667 0.90429688
vt 0.67447917 0.90234375
vt 0.66666667 0.90039062
vt 0.69401042 0.88476562
vt 0.66666667 0.89453125
vt 0.67447917 0.90234375
vt 0.71223958 0.87890625
vt 0.69401042 0.88476562
vt 0.71223958 0.87890625
vt 0.73177083 0.85742188
vt 0.69401042 0.88476562
vt 0.71223958 0.87890625
vt 0.75000000 0.84960938
vt 0.73177083 0.85742188
vt 0.75000000 0.84960938
vt 0.75651042 0.81835938
vt 0.73177083 0.85742188
vt 0.85937500 0.57812500
vt 0.89713542 0.66796875
vt 0.89713542 0.58593750
vt 0.89713542 0.58593750
vt 0.94140625 0.66796875
vt 0.94140625 0.59765625
vt 0.94140625 0.59765625
vt 0.97916667 0.67187500
vt 0.97916667 0.60546875
vt 0.00000000 0.11132812
vt 0.01692708 0.17382812
vt 0.01692708 0.11523438
vt 0.01692708 0.11523438
vt 0.06250000 0.17773438
vt 0.06380208 0.13281250
vt 0.06380208 0.13281250
vt 0.10286458 0.18554688
vt 0.10416667 0.14843750
vt 0.10416667 0.14843750
vt 0.14192708 0.19531250
vt 0.14322917 0.16406250
vt 0.14322917 0.16406250
vt 0.18098958 0.20507812
vt 0.18229167 0.17968750
vt 0.18229167 0.17968750
vt 0.21744792 0.21484375
vt 0.21614583 0.18945312
vt 0.21614583 0.18945312
vt 0.25390625 0.22070312
vt 0.25651042 0.19921875
vt 0.25651042 0.19921875
vt 0.29296875 0.22070312
vt 0.29296875 0.20312500
vt 0.29296875 0.20312500
vt 0.33203125 0.22070312
vt 0.33203125 0.20312500
vt 0.66666667 0.20312500
vt 0.70052083 0.20898438
vt 0.69921875 0.19726562
vt 0.69921875 0.19726562
vt 0.73828125 0.18750000
vt 0.73567708 0.17968750
vt 0.73567708 0.17968750
vt 0.76692708 0.15820312
vt 0.76302083 0.15429688
vt 0.76692708 0.15820312
vt 0.79166667 0.12695312
vt 0.76302083 0.15429688
vt 0.79166667 0.12695312
vt 0.81119792 0.09179688
vt 0.79036458 0.12109375
vt 0.39192708 0.80859375
vt 0.38020833 0.82226562
vt 0.41145833 0.87304688
vt 0.33333333 0.72851562
vt 0.33333333 0.75781250
vt 0.34375000 0.70507812
vt 0.38281250 0.22070312
vt 0.39973958 0.19531250
vt 0.39062500 0.22656250
vt 0.40494792 0.63867188
vt 0.44401042 0.61523438
vt 0.48046875 0.73632812
vt 0.48046875 0.73632812
vt 0.48958333 0.77539062
vt 0.43750000 0.79296875
vt 0.43880208 0.95703125
vt 0.36458333 0.87304688
vt 0.41145833 0.87304688
vt 0.51692708 0.93164062
vt 0.43880208 0.95703125
vt 0.44401042 0.86328125
vt 0.36718750 0.95117188
vt 0.33333333 0.87304688
vt 0.36458333 0.87304688
vt 0.97526042 0.94335938
vt 0.96223958 0.85351562
vt 0.99609375 0.82031250
vt 0.53776042 0.81835938
vt 0.55338542 0.91015625
vt 0.51692708 0.93164062
vt 0.58203125 0.89453125
vt 0.59244792 0.90820312
vt 0.55338542 0.91015625
vt 0.55468750 0.86523438
vt 0.58203125 0.89453125
vt 0.55338542 0.91015625
vt 0.61588542 0.90429688
vt 0.63281250 0.91796875
vt 0.59244792 0.90820312
vt 0.58203125 0.89453125
vt 0.61588542 0.90429688
vt 0.59244792 0.90820312
vt 0.66666667 0.90429688
vt 0.66666667 0.90039062
vt 0.67447917 0.90234375
vt 0.61588542 0.90429688
vt 0.65755208 0.89843750
vt 0.63281250 0.91796875
vt 0.69401042 0.88476562
vt 0.71223958 0.87890625
vt 0.67447917 0.90234375
vt 0.67447917 0.90234375
vt 0.66666667 0.89453125
vt 0.69401042 0.88476562
vt 0.73177083 0.85742188
vt 0.75000000 0.84960938
vt 0.71223958 0.87890625
vt 0.69401042 0.88476562
vt 0.73177083 0.85742188
vt 0.71223958 0.87890625
vt 0.75651042 0.81835938
vt 0.76171875 0.75390625
vt 0.78776042 0.82812500
vt 0.73177083 0.85742188
vt 0.75651042 0.81835938
vt 0.75000000 0.84960938
vt 0.82421875 0.66015625
vt 0.85937500 0.79882812
vt 0.82421875 0.81835938
vt 0.85937500 0.66406250
vt 0.89713542 0.78515625
vt 0.85937500 0.79882812
vt 0.89713542 0.66796875
vt 0.94010417 0.77734375
vt 0.89713542 0.78515625
vt 0.94140625 0.66796875
vt 0.97916667 0.76757812
vt 0.94010417 0.77734375
vt 0.00000000 0.26562500
vt 0.00000000 0.17187500
vt 0.01692708 0.26171875
vt 0.01692708 0.17382812
vt 0.06119792 0.25585938
vt 0.01692708 0.26171875
vt 0.06250000 0.17773438
vt 0.10156250 0.25390625
vt 0.06119792 0.25585938
vt 0.10286458 0.18554688
vt 0.14062500 0.25390625
vt 0.10156250 0.25390625
vt 0.14192708 0.19531250
vt 0.17968750 0.25976562
vt 0.14062500 0.25390625
vt 0.18098958 0.20507812
vt 0.21744792 0.26757812
vt 0.17968750 0.25976562
vt 0.21744792 0.21484375
vt 0.25260417 0.26953125
vt 0.21744792 0.26757812
vt 0.25390625 0.22070312
vt 0.29166667 0.26757812
vt 0.25260417 0.26953125
vt 0.29296875 0.22070312
vt 0.33203125 0.26171875
vt 0.29166667 0.26757812
vt 0.66666667 0.22070312
vt 0.70572917 0.24609375
vt 0.66666667 0.26171875
vt 0.70052083 0.20898438
vt 0.74218750 0.21289062
vt 0.70572917 0.24609375
vt 0.73828125 0.18750000
vt 0.77083333 0.17382812
vt 0.74218750 0.21289062
vt 0.76692708 0.15820312
vt 0.79687500 0.13085938
vt 0.77083333 0.17382812
vt 0.79166667 0.12695312
vt 0.81119792 0.09179688
vt 0.79687500 0.13085938
vt 0.76432292 0.65429688
vt 0.82421875 0.81835938
vt 0.78776042 0.82812500
vt 0.67838542 0.54687500
vt 0.66666667 0.57812500
vt 0.66666667 0.54492188
vt 0.10546875 0.50000000
vt 0.03385417 0.44531250
vt 0.03385417 0.48828125
vt 0.10937500 0.44531250
vt 0.18359375 0.50000000
vt 0.18359375 0.44531250
vt 0.22005208 0.44531250
vt 0.18359375 0.50000000
vt 0.22005208 0.48828125
vt 0.25911458 0.44531250
vt 0.22005208 0.48828125
vt 0.25911458 0.48828125
vt 0.29947917 0.48828125
vt 0.25911458 0.44531250
vt 0.25911458 0.48828125
vt 0.33333333 0.08203125
vt 0.34114583 0.12500000
vt 0.34114583 0.08203125
vt 0.37890625 0.08203125
vt 0.34114583 0.08203125
vt 0.37890625 0.12500000
vt 0.41666667 0.08203125
vt 0.37890625 0.08203125
vt 0.41666667 0.12500000
vt 0.45442708 0.08203125
vt 0.41666667 0.08203125
vt 0.45442708 0.12500000
vt 0.49088542 0.12500000
vt 0.45442708 0.08203125
vt 0.45442708 0.12500000
vt 0.52604167 0.08203125
vt 0.49088542 0.08203125
vt 0.52604167 0.12109375
vt 0.56380208 0.11914062
vt 0.52604167 0.08203125
vt 0.52604167 0.12109375
vt 0.60677083 0.11523438
vt 0.56380208 0.08203125
vt 0.56380208 0.11914062
vt 0.64583333 0.08203125
vt 0.60677083 0.08203125
vt 0.64583333 0.11523438
vt 0.01692708 0.69140625
vt 0.00000000 0.69140625
vt 0.01692708 0.72265625
vt 0.06119792 0.71679688
vt 0.01692708 0.69140625
vt 0.01692708 0.72265625
vt 0.10156250 0.68945312
vt 0.06119792 0.69140625
vt 0.10156250 0.71289062
vt 0.14062500 0.70898438
vt 0.10156250 0.68945312
vt 0.10156250 0.71289062
vt 0.17968750 0.68750000
vt 0.14062500 0.68750000
vt 0.17968750 0.70703125
vt 0.21744792 0.70312500
vt 0.17968750 0.68750000
vt 0.17968750 0.70703125
vt 0.25260417 0.68554688
vt 0.21744792 0.68750000
vt 0.25260417 0.70117188
vt 0.29166667 0.69726562
vt 0.25260417 0.68554688
vt 0.25260417 0.70117188
vt 0.33203125 0.68359375
vt 0.29166667 0.68359375
vt 0.33203125 0.69335938
vt 0.19270833 0.75781250
vt 0.15364583 0.75195312
vt 0.15364583 0.76171875
vt 0.22916667 0.75195312
vt 0.19270833 0.75000000
vt 0.22916667 0.75585938
vt 0.25781250 0.75390625
vt 0.22916667 0.75195312
vt 0.22916667 0.75585938
vt 0.28385417 0.74804688
vt 0.25781250 0.75000000
vt 0.28385417 0.75195312
vt 0.29817708 0.74609375
vt 0.28385417 0.74804688
vt 0.28385417 0.75195312
vt 0.10026042 0.29101562
vt 0.10026042 0.28710938
vt 0.11979167 0.28710938
vt 0.07421875 0.29296875
vt 0.07421875 0.28710938
vt 0.10026042 0.29101562
vt 0.07421875 0.29296875
vt 0.04817708 0.28710938
vt 0.07421875 0.28710938
vt 0.01432292 0.29687500
vt 0.01432292 0.28710938
vt 0.04817708 0.29492188
vt 0.01432292 0.29687500
vt 0.00000000 0.28710938
vt 0.01432292 0.28710938
vt 0.95963542 0.96093750
vt 0.95963542 0.94335938
vt 0.99869792 0.95898438
vt 0.95963542 0.96093750
vt 0.92317708 0.94335938
vt 0.95963542 0.94335938
vt 0.88281250 0.96679688
vt 0.88281250 0.94335938
vt 0.92317708 0.96484375
vt 0.88281250 0.96679688
vt 0.84895833 0.94335938
vt 0.88281250 0.94335938
vt 0.80989583 0.97070312
vt 0.80989583 0.94335938
vt 0.84895833 0.96875000
vt 0.80989583 0.97070312
vt 0.77083333 0.94335938
vt 0.80989583 0.94335938
vt 0.73046875 0.97851562
vt 0.73046875 0.94335938
vt 0.77083333 0.97460938
vt 0.73046875 0.97851562
vt 0.68359375 0.94335938
vt 0.73046875 0.94335938
vt 0.66666667 0.98828125
vt 0.66666667 0.94335938
vt 0.68359375 0.98632812
vt 0.27473958 0.35546875
vt 0.27473958 0.30468750
vt 0.31250000 0.35156250
vt 0.27473958 0.35546875
vt 0.23046875 0.30468750
vt 0.27473958 0.30468750
vt 0.19270833 0.35742188
vt 0.19270833 0.30468750
vt 0.23046875 0.35742188
vt 0.19270833 0.35742188
vt 0.15885417 0.30468750
vt 0.19270833 0.30468750
vt 0.12239583 0.35937500
vt 0.12239583 0.30468750
vt 0.15885417 0.35937500
vt 0.08203125 0.35937500
vt 0.08203125 0.30468750
vt 0.12239583 0.30468750
vt 0.04687500 0.35937500
vt 0.08203125 0.30468750
vt 0.08203125 0.35937500
vt 0.01171875 0.35937500
vt 0.01171875 0.30468750
vt 0.04687500 0.30468750
vt 0.11067708 0.05468750
vt 0.11067708 0.00195312
vt 0.15234375 0.05468750
vt 0.11067708 0.05468750
vt 0.07161458 0.00195312
vt 0.11067708 0.00195312
vt 0.03776042 0.00195312
vt 0.07161458 0.05468750
vt 0.03776042 0.05468750
vt 0.01953125 0.05468750
vt 0.01041667 0.05468750
vt 0.01953125 0.00195312
vt 0.40234375 0.17773438
vt 0.36979167 0.13671875
vt 0.40755208 0.15429688
vt 0.31901042 0.77734375
vt 0.32682292 0.75781250
vt 0.32682292 0.82226562
vt 0.03385417 0.44531250
vt 0.00000000 0.47851562
vt 0.03385417 0.48828125
vt 0.66666667 0.69335938
vt 0.66666667 0.82812500
vt 0.67057292 0.82617188
vt 0.60807292 0.72265625
vt 0.54036458 0.66601562
vt 0.55468750 0.75585938
vt 0.58593750 0.60937500
vt 0.53255208 0.61328125
vt 0.54036458 0.66601562
vt 0.62239583 0.53515625
vt 0.53125000 0.57421875
vt 0.53255208 0.61328125
vt 0.62239583 0.53515625
vt 0.53515625 0.52734375
vt 0.53125000 0.57421875
vt 0.49869792 0.50000000
vt 0.53645833 0.50000000
vt 0.50390625 0.47851562
vt 0.50390625 0.47851562
vt 0.60416667 0.49609375
vt 0.52734375 0.42578125
vt 0.52734375 0.42578125
vt 0.61458333 0.44140625
vt 0.55208333 0.39257812
vt 0.55208333 0.39257812
vt 0.61458333 0.39648438
vt 0.57031250 0.37304688
vt 0.57031250 0.37304688
vt 0.63932292 0.35351562
vt 0.58593750 0.33203125
vt 0.63932292 0.35351562
vt 0.64062500 0.32421875
vt 0.58593750 0.33203125
vt 0.64062500 0.32421875
vt 0.63281250 0.27929688
vt 0.58854167 0.28906250
vt 0.63281250 0.27929688
vt 0.64192708 0.24609375
vt 0.59505208 0.26171875
vt 0.64192708 0.24609375
vt 0.64322917 0.23046875
vt 0.59505208 0.26171875
vt 0.64322917 0.23046875
vt 0.64843750 0.19335938
vt 0.59244792 0.23437500
vt 0.64843750 0.19335938
vt 0.63671875 0.15820312
vt 0.58203125 0.21484375
vt 0.63671875 0.15820312
vt 0.61979167 0.14062500
vt 0.58203125 0.21484375
vt 0.61979167 0.14062500
vt 0.56380208 0.20117188
vt 0.58203125 0.21484375
vt 0.54817708 0.20507812
vt 0.57552083 0.14062500
vt 0.53515625 0.14062500
vt 0.54817708 0.20507812
vt 0.52473958 0.15429688
vt 0.52734375 0.20312500
vt 0.52473958 0.15429688
vt 0.52083333 0.19531250
vt 0.52734375 0.20312500
vt 0.70833333 0.12695312
vt 0.69661458 0.13476562
vt 0.68880208 0.13867188
vt 0.69661458 0.13476562
vt 0.67968750 0.13281250
vt 0.68880208 0.13867188
vt 0.70182292 0.73632812
vt 0.66666667 0.69335938
vt 0.69401042 0.71679688
vt 0.66276042 0.69140625
vt 0.58593750 0.60937500
vt 0.63281250 0.55273438
vt 0.53255208 0.61328125
vt 0.62239583 0.53515625
vt 0.58593750 0.60937500
vt 0.52734375 0.42578125
vt 0.60416667 0.49609375
vt 0.50390625 0.47851562
vt 0.53645833 0.50000000
vt 0.49869792 0.50000000
vt 0.50390625 0.47851562
vt 0.53125000 0.57421875
vt 0.53515625 0.52734375
vt 0.62239583 0.53515625
vt 0.53255208 0.61328125
vt 0.53125000 0.57421875
vt 0.62239583 0.53515625
vt 0.55208333 0.39257812
vt 0.61458333 0.44140625
vt 0.52734375 0.42578125
vt 0.57031250 0.37304688
vt 0.61458333 0.39648438
vt 0.55208333 0.39257812
vt 0.58593750 0.33203125
vt 0.63932292 0.35351562
vt 0.57031250 0.37304688
vt 0.58593750 0.33203125
vt 0.64062500 0.32421875
vt 0.63932292 0.35351562
vt 0.58854167 0.28906250
vt 0.63281250 0.27929688
vt 0.64062500 0.32421875
vt 0.59505208 0.26171875
vt 0.64192708 0.24609375
vt 0.63281250 0.27929688
vt 0.59505208 0.26171875
vt 0.64322917 0.23046875
vt 0.64192708 0.24609375
vt 0.59244792 0.23437500
vt 0.64843750 0.19335938
vt 0.64322917 0.23046875
vt 0.64843750 0.19335938
vt 0.58203125 0.21484375
vt 0.63671875 0.15820312
vt 0.58203125 0.21484375
vt 0.61979167 0.14062500
vt 0.63671875 0.15820312
vt 0.56380208 0.20117188
vt 0.57552083 0.14062500
vt 0.61979167 0.14062500
vt 0.58203125 0.21484375
vt 0.56380208 0.20117188
vt 0.61979167 0.14062500
vt 0.53515625 0.14062500
vt 0.52734375 0.20312500
vt 0.52473958 0.15429688
vt 0.56380208 0.20117188
vt 0.54817708 0.20507812
vt 0.57552083 0.14062500
vt 0.70833333 0.12695312
vt 0.69661458 0.13476562
vt 0.71223958 0.12500000
vt 0.52734375 0.20312500
vt 0.52083333 0.19531250
vt 0.52473958 0.15429688
vt 0.68880208 0.13867188
vt 0.67968750 0.13281250
vt 0.69661458 0.13476562
vt 0.52864583 0.76171875
vt 0.55468750 0.75585938
vt 0.55729167 0.77148438
vt 0.95312500 0.47265625
vt 0.99088542 0.41210938
vt 0.97916667 0.50000000
vt 0.93229167 0.35937500
vt 0.99479167 0.35937500
vt 0.93750000 0.41210938
vt 0.93229167 0.35937500
vt 0.99479167 0.31835938
vt 0.99479167 0.35937500
vt 0.92317708 0.31835938
vt 0.99869792 0.27148438
vt 0.92447917 0.27148438
vt 0.92317708 0.31835938
vt 0.99869792 0.27148438
vt 0.99479167 0.31835938
vt 0.99869792 0.27148438
vt 0.99869792 0.22070312
vt 0.99869792 0.24609375
vt 0.92447917 0.22070312
vt 0.99348958 0.16796875
vt 0.99869792 0.22070312
vt 0.91536458 0.16796875
vt 0.98567708 0.13476562
vt 0.99348958 0.16796875
vt 0.91927083 0.13476562
vt 0.97135417 0.11523438
vt 0.98567708 0.13476562
vt 0.91406250 0.11523438
vt 0.96354167 0.07421875
vt 0.97135417 0.11523438
vt 0.90755208 0.07421875
vt 0.95833333 0.03125000
vt 0.96354167 0.07421875
vt 0.90494792 0.03125000
vt 0.95833333 0.00390625
vt 0.95833333 0.03125000
vt 0.08072917 0.77148438
vt 0.14062500 0.74609375
vt 0.13802083 0.77148438
vt 0.08072917 0.74609375
vt 0.14453125 0.72460938
vt 0.14062500 0.74609375
vt 0.75130208 0.09179688
vt 0.72916667 0.08593750
vt 0.73567708 0.10937500
vt 0.67057292 0.03710938
vt 0.67838542 0.03515625
vt 0.66666667 0.05078125
vt 0.68229167 0.11523438
vt 0.67968750 0.13281250
vt 0.68880208 0.13867188
vt 0.68229167 0.11523438
vt 0.68880208 0.11132812
vt 0.67968750 0.13281250
vt 0.72526042 0.34960938
vt 0.73177083 0.27539062
vt 0.75260417 0.34179688
vt 0.47395833 0.98242188
vt 0.47656250 1.00000000
vt 0.41536458 1.00000000
vt 0.90494792 0.03906250
vt 0.96614583 0.03906250
vt 0.90755208 0.00390625
vt 0.91015625 0.07617188
vt 0.96223958 0.07617188
vt 0.90494792 0.03906250
vt 0.91145833 0.09179688
vt 0.95963542 0.09179688
vt 0.91015625 0.07617188
vt 0.91406250 0.12304688
vt 0.96223958 0.12304688
vt 0.91145833 0.09179688
vt 0.91927083 0.16992188
vt 0.97005208 0.16992188
vt 0.91406250 0.12304688
vt 0.92317708 0.19921875
vt 0.97786458 0.19921875
vt 0.91927083 0.16992188
vt 0.92968750 0.24218750
vt 0.98697917 0.24218750
vt 0.92317708 0.19921875
vt 0.92447917 0.28710938
vt 0.99869792 0.28710938
vt 0.92968750 0.24218750
vt 0.92447917 0.28710938
vt 0.92317708 0.34179688
vt 0.99869792 0.34179688
vt 0.92317708 0.34179688
vt 0.99869792 0.38281250
vt 0.92838542 0.34960938
vt 0.66666667 0.67773438
vt 0.70442708 0.61914062
vt 0.73567708 0.65234375
vt 0.92838542 0.34960938
vt 0.99869792 0.38281250
vt 0.92317708 0.34179688
vt 0.95052083 0.40039062
vt 0.99869792 0.38281250
vt 0.95052083 0.38281250
vt 0.98437500 0.43359375
vt 0.94140625 0.46679688
vt 0.94661458 0.50000000
vt 0.75390625 0.69531250
vt 0.66666667 0.64257812
vt 0.66666667 0.59179688
vt 0.76171875 0.75390625
vt 0.70182292 0.73632812
vt 0.75390625 0.69531250
vt 0.75651042 0.81835938
vt 0.70572917 0.76367188
vt 0.76171875 0.75390625
vt 0.73177083 0.85742188
vt 0.70182292 0.79492188
vt 0.75651042 0.81835938
vt 0.69401042 0.88476562
vt 0.69010417 0.81250000
vt 0.73177083 0.85742188
vt 0.66666667 0.89453125
vt 0.67057292 0.82617188
vt 0.69401042 0.88476562
vt 0.61588542 0.90429688
vt 0.65364583 0.83398438
vt 0.65755208 0.89843750
vt 0.58203125 0.89453125
vt 0.61197917 0.83789062
vt 0.61588542 0.90429688
vt 0.55468750 0.86523438
vt 0.59114583 0.83398438
vt 0.58203125 0.89453125
vt 0.55468750 0.86523438
vt 0.56250000 0.79882812
vt 0.57291667 0.82031250
vt 0.53776042 0.81835938
vt 0.55729167 0.77148438
vt 0.56250000 0.79882812
vt 0.95312500 0.47265625
vt 0.99088542 0.41210938
vt 0.94010417 0.41210938
vt 0.52864583 0.72851562
vt 0.55729167 0.77148438
vt 0.55468750 0.75585938
vt 0.55729167 0.77148438
vt 0.53776042 0.81835938
vt 0.56250000 0.79882812
vt 0.56250000 0.79882812
vt 0.55468750 0.86523438
vt 0.57291667 0.82031250
vt 0.58203125 0.89453125
vt 0.57291667 0.82031250
vt 0.55468750 0.86523438
vt 0.61588542 0.90429688
vt 0.59114583 0.83398438
vt 0.58203125 0.89453125
vt 0.65755208 0.89843750
vt 0.61197917 0.83789062
vt 0.61588542 0.90429688
vt 0.67057292 0.82617188
vt 0.66666667 0.89453125
vt 0.69401042 0.88476562
vt 0.69401042 0.88476562
vt 0.69010417 0.81250000
vt 0.67057292 0.82617188
vt 0.75651042 0.81835938
vt 0.69010417 0.81250000
vt 0.73177083 0.85742188
vt 0.76171875 0.75390625
vt 0.70182292 0.79492188
vt 0.75651042 0.81835938
vt 0.76171875 0.75390625
vt 0.70182292 0.73632812
vt 0.70572917 0.76367188
vt 0.69401042 0.71679688
vt 0.66666667 0.64257812
vt 0.66666667 0.69335938
vt 0.94140625 0.46679688
vt 0.93619792 0.44531250
vt 0.99869792 0.40039062
vt 0.93750000 0.44140625
vt 0.99869792 0.40039062
vt 0.93619792 0.44531250
vt 0.99869792 0.38281250
vt 0.99869792 0.40039062
vt 0.95052083 0.40039062
vt 0.94010417 0.41210938
vt 0.99479167 0.35937500
vt 0.93229167 0.35937500
vt 0.92317708 0.31835938
vt 0.93229167 0.35937500
vt 0.99479167 0.31835938
vt 0.45312500 0.40429688
vt 0.43880208 0.38281250
vt 0.45052083 0.38671875
vt 0.46354167 0.40820312
vt 0.45052083 0.38671875
vt 0.45833333 0.37695312
vt 0.48177083 0.41015625
vt 0.45833333 0.37695312
vt 0.47526042 0.36523438
vt 0.49869792 0.39843750
vt 0.47526042 0.36523438
vt 0.49348958 0.36523438
vt 0.50781250 0.39648438
vt 0.49348958 0.36523438
vt 0.50651042 0.37695312
vt 0.38151042 0.77539062
vt 0.38281250 0.76171875
vt 0.38802083 0.76953125
vt 0.39322917 0.78125000
vt 0.38151042 0.77539062
vt 0.38802083 0.76953125
vt 0.38541667 0.79687500
vt 0.39322917 0.78125000
vt 0.39192708 0.80859375
vt 0.38541667 0.79687500
vt 0.39192708 0.80859375
vt 0.38020833 0.82226562
vt 0.92187500 0.85156250
vt 0.93229167 0.84570312
vt 0.92578125 0.87109375
vt 0.92187500 0.88476562
vt 0.93619792 0.87109375
vt 0.93229167 0.89062500
vt 0.91536458 0.89453125
vt 0.92187500 0.88476562
vt 0.93229167 0.89062500
vt 0.36328125 0.78320312
vt 0.36328125 0.79687500
vt 0.34505208 0.80859375
vt 0.36328125 0.76953125
vt 0.36328125 0.78320312
vt 0.34375000 0.79101562
vt 0.36588542 0.76562500
vt 0.34114583 0.77148438
vt 0.34375000 0.75781250
vt 0.37239583 0.75000000
vt 0.36588542 0.76562500
vt 0.34375000 0.75781250
vt 0.37890625 0.69726562
vt 0.35546875 0.67578125
vt 0.34895833 0.68945312
vt 0.34244792 0.74023438
vt 0.37890625 0.69726562
vt 0.34895833 0.68945312
vt 0.34375000 0.75781250
vt 0.37239583 0.75000000
vt 0.34244792 0.74023438
vt 0.34114583 0.77148438
vt 0.36588542 0.76562500
vt 0.34375000 0.75781250
vt 0.36328125 0.78320312
vt 0.36328125 0.76953125
vt 0.34375000 0.79101562
vt 0.34505208 0.80859375
vt 0.36328125 0.78320312
vt 0.34375000 0.79101562
vt 0.35286458 0.82031250
vt 0.36328125 0.79687500
vt 0.34505208 0.80859375
vt 0.92578125 0.87109375
vt 0.93229167 0.89062500
vt 0.93619792 0.87109375
vt 0.92578125 0.87109375
vt 0.93619792 0.87109375
vt 0.93229167 0.84570312
vt 0.92187500 0.85156250
vt 0.93229167 0.84570312
vt 0.91406250 0.83593750
vt 0.39322917 0.78125000
vt 0.38541667 0.79687500
vt 0.39192708 0.80859375
vt 0.38671875 0.78320312
vt 0.39322917 0.78125000
vt 0.38151042 0.77539062
vt 0.38151042 0.77539062
vt 0.38281250 0.76171875
vt 0.38020833 0.76562500
vt 0.49869792 0.39843750
vt 0.50651042 0.37695312
vt 0.49348958 0.36523438
vt 0.48177083 0.41015625
vt 0.49348958 0.36523438
vt 0.47526042 0.36523438
vt 0.46354167 0.40820312
vt 0.47526042 0.36523438
vt 0.45833333 0.37695312
vt 0.45312500 0.40429688
vt 0.45833333 0.37695312
vt 0.45052083 0.38671875
vt 0.44270833 0.41601562
vt 0.45052083 0.38671875
vt 0.43880208 0.38281250
vt 0.42447917 0.38476562
vt 0.44270833 0.41601562
vt 0.43880208 0.38281250
vt 0.43880208 0.38281250
vt 0.42968750 0.42187500
vt 0.42447917 0.38476562
vt 0.40885417 0.42382812
vt 0.42447917 0.38476562
vt 0.42968750 0.42187500
vt 0.39453125 0.39843750
vt 0.40885417 0.42382812
vt 0.39843750 0.42578125
vt 0.39322917 0.42773438
vt 0.39453125 0.39843750
vt 0.39843750 0.42578125
vt 0.38932292 0.40039062
vt 0.39322917 0.42773438
vt 0.37890625 0.41796875
vt 0.37760417 0.40039062
vt 0.36197917 0.41210938
vt 0.36067708 0.40039062
vt 0.36067708 0.41210938
vt 0.36067708 0.40039062
vt 0.36197917 0.41210938
vt 0.35937500 0.40039062
vt 0.34635417 0.41601562
vt 0.34505208 0.40625000
vt 0.34635417 0.41601562
vt 0.33333333 0.41406250
vt 0.34505208 0.40625000
vt 0.73177083 0.93945312
vt 0.71875000 0.91796875
vt 0.73177083 0.92578125
vt 0.38541667 0.60156250
vt 0.37890625 0.57617188
vt 0.39062500 0.58007812
vt 0.38411458 0.61914062
vt 0.36718750 0.59570312
vt 0.38541667 0.60156250
vt 0.38151042 0.66406250
vt 0.36458333 0.61328125
vt 0.38411458 0.61914062
vt 0.35546875 0.67578125
vt 0.38151042 0.66406250
vt 0.37630208 0.68359375
vt 0.35546875 0.65625000
vt 0.35546875 0.67578125
vt 0.38151042 0.66406250
vt 0.37630208 0.68359375
vt 0.37890625 0.69726562
vt 0.35546875 0.67578125
vt 0.34895833 0.68945312
vt 0.37239583 0.75000000
vt 0.34244792 0.74023438
vt 0.88411458 0.89453125
vt 0.89322917 0.84570312
vt 0.89453125 0.89843750
vt 0.86718750 0.84765625
vt 0.88411458 0.84960938
vt 0.88411458 0.89453125
vt 0.85026042 0.89453125
vt 0.86718750 0.84765625
vt 0.88411458 0.89453125
vt 0.91406250 0.83593750
vt 0.89973958 0.84179688
vt 0.90625000 0.83593750
vt 0.85026042 0.89453125
vt 0.84895833 0.85937500
vt 0.86718750 0.84765625
vt 0.85026042 0.89453125
vt 0.83854167 0.85546875
vt 0.84895833 0.85937500
vt 0.83984375 0.89062500
vt 0.82812500 0.85937500
vt 0.83854167 0.85546875
vt 0.82812500 0.85937500
vt 0.82682292 0.90429688
vt 0.81510417 0.87500000
vt 0.82682292 0.90429688
vt 0.79427083 0.89257812
vt 0.81510417 0.87500000
vt 0.79427083 0.89257812
vt 0.78515625 0.91992188
vt 0.78385417 0.89453125
vt 0.78515625 0.91992188
vt 0.77864583 0.90625000
vt 0.78385417 0.89453125
vt 0.78515625 0.91992188
vt 0.76692708 0.90429688
vt 0.77864583 0.90625000
vt 0.75260417 0.91992188
vt 0.75260417 0.94726562
vt 0.75000000 0.92773438
vt 0.75260417 0.94726562
vt 0.73567708 0.92578125
vt 0.75000000 0.92773438
vt 0.73697917 0.93945312
vt 0.72265625 0.91796875
vt 0.73567708 0.92578125
vt 0.88411458 0.89453125
vt 0.89322917 0.84570312
vt 0.88411458 0.84960938
vt 0.88411458 0.84960938
vt 0.86718750 0.84765625
vt 0.88411458 0.89453125
vt 0.86718750 0.84765625
vt 0.85026042 0.89453125
vt 0.88411458 0.89453125
vt 0.86718750 0.84765625
vt 0.84895833 0.85937500
vt 0.85026042 0.89453125
vt 0.85026042 0.89453125
vt 0.83854167 0.85546875
vt 0.83984375 0.89062500
vt 0.83854167 0.85546875
vt 0.82812500 0.85937500
vt 0.83984375 0.89062500
vt 0.82812500 0.85937500
vt 0.81510417 0.87500000
vt 0.82682292 0.90429688
vt 0.82682292 0.90429688
vt 0.79427083 0.89257812
vt 0.79687500 0.91210938
vt 0.79687500 0.91210938
vt 0.78385417 0.89453125
vt 0.78515625 0.91992188
vt 0.78385417 0.89453125
vt 0.77864583 0.90625000
vt 0.78515625 0.91992188
vt 0.78515625 0.91992188
vt 0.76692708 0.90429688
vt 0.77083333 0.93750000
vt 0.75260417 0.94726562
vt 0.75260417 0.91992188
vt 0.75000000 0.92773438
vt 0.75260417 0.94726562
vt 0.73567708 0.92578125
vt 0.73697917 0.93945312
vt 0.73567708 0.92578125
vt 0.72265625 0.91796875
vt 0.73697917 0.93945312
vt 0.92187500 0.85156250
vt 0.92187500 0.88476562
vt 0.92578125 0.87109375
vt 0.73046875 0.92578125
vt 0.73046875 0.93945312
vt 0.71875000 0.91796875
vt 0.38411458 0.61914062
vt 0.35546875 0.65625000
vt 0.38151042 0.66406250
vt 0.38541667 0.60156250
vt 0.36458333 0.61328125
vt 0.38411458 0.61914062
vt 0.36848958 0.57421875
vt 0.36718750 0.59570312
vt 0.37890625 0.57617188
vt 0.37630208 0.54687500
vt 0.36848958 0.57421875
vt 0.37890625 0.57617188
vt 0.73437500 0.92578125
vt 0.73567708 0.93945312
vt 0.72265625 0.91796875
vt 0.42968750 0.42187500
vt 0.40494792 0.39453125
vt 0.40885417 0.42382812
vt 0.40885417 0.42382812
vt 0.39453125 0.39843750
vt 0.39843750 0.42578125
vt 0.39843750 0.42578125
vt 0.38932292 0.40039062
vt 0.39322917 0.42773438
vt 0.38932292 0.40039062
vt 0.37890625 0.41796875
vt 0.39322917 0.42773438
vt 0.38151042 0.43359375
vt 0.36458333 0.43359375
vt 0.36718750 0.44335938
vt 0.36718750 0.44335938
vt 0.36328125 0.43359375
vt 0.36458333 0.44335938
vt 0.36458333 0.44335938
vt 0.34895833 0.43750000
vt 0.35026042 0.44921875
vt 0.34895833 0.43750000
vt 0.33723958 0.44726562
vt 0.35026042 0.44921875
vt 0.92447917 0.22070312
vt 0.92447917 0.27148438
vt 0.99869792 0.22070312
vt 0.91536458 0.16796875
vt 0.92447917 0.22070312
vt 0.99348958 0.16796875
vt 0.91927083 0.13476562
vt 0.91536458 0.16796875
vt 0.98567708 0.13476562
vt 0.97135417 0.11523438
vt 0.91927083 0.13476562
vt 0.98567708 0.13476562
vt 0.90755208 0.07421875
vt 0.91406250 0.11523438
vt 0.96354167 0.07421875
vt 0.90494792 0.03125000
vt 0.90755208 0.07421875
vt 0.95833333 0.03125000
vt 0.90104167 0.00390625
vt 0.90494792 0.03125000
vt 0.95833333 0.00390625
vt 0.08203125 0.74609375
vt 0.08072917 0.77148438
vt 0.14062500 0.74609375
vt 0.12369792 0.72460938
vt 0.08203125 0.74609375
vt 0.14453125 0.72460938
vt 0.83203125 0.52734375
vt 0.87500000 0.51953125
vt 0.87890625 0.54882812
vt 0.67447917 0.06250000
vt 0.68229167 0.06054688
vt 0.66666667 0.05078125
vt 0.77473958 0.51367188
vt 0.78125000 0.50195312
vt 0.78125000 0.52734375
vt 0.99869792 0.34179688
vt 0.92447917 0.28710938
vt 0.99869792 0.28710938
vt 0.99869792 0.28710938
vt 0.92968750 0.24218750
vt 0.98697917 0.24218750
vt 0.98697917 0.24218750
vt 0.92317708 0.19921875
vt 0.97786458 0.19921875
vt 0.97786458 0.19921875
vt 0.91927083 0.16992188
vt 0.97005208 0.16992188
vt 0.97005208 0.16992188
vt 0.91406250 0.12304688
vt 0.96093750 0.12304688
vt 0.96093750 0.12304688
vt 0.91145833 0.09179688
vt 0.95963542 0.09179688
vt 0.95963542 0.09179688
vt 0.91015625 0.07617188
vt 0.96223958 0.07617188
vt 0.96223958 0.07617188
vt 0.90494792 0.03906250
vt 0.96614583 0.03906250
vt 0.96614583 0.03906250
vt 0.90755208 0.00390625
vt 0.96875000 0.00390625
vt 0.41666667 1.00000000
vt 0.47395833 0.98242188
vt 0.41276042 0.98242188
vt 0.75260417 0.34179688
vt 0.69661458 0.35937500
vt 0.72526042 0.34960938
vt 0.78125000 0.91992188
vt 0.77994792 0.89453125
vt 0.77473958 0.90625000
vt 0.03776042 0.00195312
vt 0.01953125 0.05468750
vt 0.01953125 0.00195312
vt 0.78125000 0.50195312
vt 0.78906250 0.50195312
vt 0.77473958 0.51367188
vt 0.76692708 0.90429688
vt 0.75260417 0.94726562
vt 0.77083333 0.93750000
vt 0.77083333 0.93750000
vt 0.75260417 0.91992188
vt 0.76692708 0.90429688
vt 0.82552083 0.57226562
vt 0.85937500 0.66406250
vt 0.85937500 0.57812500
vt 0.74869792 0.54687500
vt 0.76432292 0.65429688
vt 0.78906250 0.56445312
vt 0.76432292 0.65429688
vt 0.73567708 0.65234375
vt 0.75390625 0.69531250
vt 0.10937500 0.41796875
vt 0.18359375 0.43164062
vt 0.18359375 0.41796875
vt 0.03385417 0.41796875
vt 0.10937500 0.43164062
vt 0.10937500 0.41796875
vt 0.00000000 0.41796875
vt 0.03385417 0.43164062
vt 0.03385417 0.41796875
vt 0.36979167 0.13671875
vt 0.33723958 0.17773438
vt 0.33333333 0.15429688
vt 0.01953125 0.00195312
vt 0.01041667 0.00195312
vt 0.01041667 0.05664062
vt 0.03776042 0.00195312
vt 0.01953125 0.00195312
vt 0.01953125 0.05664062
vt 0.07161458 0.05664062
vt 0.03776042 0.00195312
vt 0.03776042 0.05664062
vt 0.11067708 0.00195312
vt 0.07161458 0.00195312
vt 0.11067708 0.05664062
vt 0.15234375 0.00195312
vt 0.11067708 0.00195312
vt 0.15234375 0.05664062
vt 0.04687500 0.30468750
vt 0.01171875 0.36132812
vt 0.04687500 0.36132812
vt 0.08203125 0.30468750
vt 0.04687500 0.36132812
vt 0.08203125 0.36132812
vt 0.12239583 0.30468750
vt 0.08203125 0.30468750
vt 0.08203125 0.36132812
vt 0.15885417 0.30468750
vt 0.12239583 0.30468750
vt 0.15885417 0.36132812
vt 0.19270833 0.30468750
vt 0.15885417 0.30468750
vt 0.19270833 0.35742188
vt 0.23046875 0.35742188
vt 0.19270833 0.30468750
vt 0.19270833 0.35742188
vt 0.27473958 0.30468750
vt 0.23046875 0.30468750
vt 0.27473958 0.35546875
vt 0.31250000 0.35156250
vt 0.27473958 0.30468750
vt 0.27473958 0.35546875
vt 0.66666667 0.94335938
vt 0.66666667 0.98828125
vt 0.68359375 0.98632812
vt 0.73046875 0.94335938
vt 0.68359375 0.94335938
vt 0.73046875 0.97851562
vt 0.77083333 0.97460938
vt 0.73046875 0.94335938
vt 0.73046875 0.97851562
vt 0.80989583 0.94335938
vt 0.77083333 0.94335938
vt 0.80989583 0.97070312
vt 0.84895833 0.96875000
vt 0.80989583 0.94335938
vt 0.80989583 0.97070312
vt 0.88281250 0.94531250
vt 0.84895833 0.94335938
vt 0.88281250 0.96679688
vt 0.92317708 0.96484375
vt 0.88281250 0.94531250
vt 0.88281250 0.96679688
vt 0.95963542 0.94531250
vt 0.92317708 0.94531250
vt 0.95963542 0.96093750
vt 0.99869792 0.95898438
vt 0.95963542 0.94531250
vt 0.95963542 0.96093750
vt 0.01432292 0.28515625
vt 0.00000000 0.28515625
vt 0.01432292 0.29687500
vt 0.04817708 0.29492188
vt 0.01432292 0.28515625
vt 0.01432292 0.29687500
vt 0.07421875 0.28515625
vt 0.04817708 0.28515625
vt 0.07421875 0.29296875
vt 0.10026042 0.29101562
vt 0.07421875 0.28515625
vt 0.07421875 0.29296875
vt 0.11979167 0.28515625
vt 0.10026042 0.28515625
vt 0.10026042 0.29101562
vt 0.28385417 0.74414062
vt 0.29817708 0.74609375
vt 0.28385417 0.74023438
vt 0.25781250 0.74218750
vt 0.28645833 0.74609375
vt 0.28385417 0.74414062
vt 0.22916667 0.74023438
vt 0.26171875 0.74609375
vt 0.25781250 0.74218750
vt 0.19270833 0.74218750
vt 0.23307292 0.74609375
vt 0.22916667 0.74023438
vt 0.15364583 0.74023438
vt 0.19531250 0.74609375
vt 0.19270833 0.74218750
vt 0.29166667 0.67187500
vt 0.33203125 0.67773438
vt 0.33203125 0.67187500
vt 0.25260417 0.66992188
vt 0.29166667 0.67773438
vt 0.29166667 0.67187500
vt 0.21744792 0.66796875
vt 0.25260417 0.67773438
vt 0.25260417 0.66992188
vt 0.17968750 0.66796875
vt 0.21744792 0.67773438
vt 0.21744792 0.66796875
vt 0.14062500 0.66796875
vt 0.17968750 0.67773438
vt 0.17968750 0.66796875
vt 0.10156250 0.66601562
vt 0.14062500 0.67773438
vt 0.14062500 0.66796875
vt 0.06119792 0.66406250
vt 0.10156250 0.67773438
vt 0.10156250 0.66601562
vt 0.01692708 0.66406250
vt 0.06119792 0.67773438
vt 0.06119792 0.66406250
vt 0.00000000 0.66406250
vt 0.01692708 0.67773438
vt 0.01692708 0.66406250
vt 0.60677083 0.05468750
vt 0.64583333 0.06835938
vt 0.64583333 0.05468750
vt 0.56380208 0.05468750
vt 0.60677083 0.06835938
vt 0.60677083 0.05468750
vt 0.52604167 0.05468750
vt 0.56380208 0.06835938
vt 0.56380208 0.05468750
vt 0.49088542 0.05468750
vt 0.52604167 0.06835938
vt 0.52604167 0.05468750
vt 0.45442708 0.05468750
vt 0.49088542 0.06835938
vt 0.49088542 0.05468750
vt 0.41666667 0.05468750
vt 0.45442708 0.06835938
vt 0.45442708 0.05468750
vt 0.37890625 0.05468750
vt 0.41666667 0.06835938
vt 0.41666667 0.05468750
vt 0.34114583 0.05468750
vt 0.37890625 0.06835938
vt 0.37890625 0.05468750
vt 0.33333333 0.05468750
vt 0.34114583 0.06835938
vt 0.34114583 0.05468750
vt 0.25911458 0.41796875
vt 0.29947917 0.43164062
vt 0.29947917 0.41796875
vt 0.22005208 0.41796875
vt 0.25911458 0.43164062
vt 0.25911458 0.41796875
vt 0.18359375 0.41796875
vt 0.22005208 0.43164062
vt 0.22005208 0.41796875
vt 0.37890625 0.05468750
vt 0.41666667 0.01171875
vt 0.37890625 0.01171875
vt 0.34114583 0.05468750
vt 0.37890625 0.01171875
vt 0.34114583 0.01171875
vt 0.33333333 0.05468750
vt 0.34114583 0.01171875
vt 0.33333333 0.01171875
vt 0.25911458 0.41796875
vt 0.29947917 0.37500000
vt 0.25911458 0.37500000
vt 0.22005208 0.37500000
vt 0.25911458 0.41796875
vt 0.25911458 0.37500000
vt 0.18359375 0.36328125
vt 0.22005208 0.41796875
vt 0.22005208 0.37500000
vt 0.10937500 0.41796875
vt 0.18359375 0.41796875
vt 0.18359375 0.36328125
vt 0.03385417 0.41796875
vt 0.10546875 0.36328125
vt 0.03385417 0.37500000
vt 0.00000000 0.38476562
vt 0.03385417 0.41796875
vt 0.03385417 0.37500000
vt 0.41666667 0.05468750
vt 0.45442708 0.05468750
vt 0.45442708 0.01171875
vt 0.45442708 0.05468750
vt 0.49088542 0.01171875
vt 0.45442708 0.01171875
vt 0.49088542 0.05468750
vt 0.52604167 0.05468750
vt 0.52604167 0.01562500
vt 0.52604167 0.05468750
vt 0.56380208 0.01757812
vt 0.52604167 0.01562500
vt 0.56380208 0.05468750
vt 0.60677083 0.02148438
vt 0.56380208 0.01757812
vt 0.60677083 0.05468750
vt 0.64583333 0.05468750
vt 0.64583333 0.02148438
vt 0.00000000 0.66406250
vt 0.01692708 0.66406250
vt 0.01692708 0.63281250
vt 0.01692708 0.66406250
vt 0.06119792 0.63867188
vt 0.01692708 0.63281250
vt 0.06119792 0.66406250
vt 0.10156250 0.66601562
vt 0.10156250 0.64257812
vt 0.10156250 0.66601562
vt 0.14062500 0.64648438
vt 0.10156250 0.64257812
vt 0.14062500 0.66796875
vt 0.17968750 0.66796875
vt 0.17968750 0.64843750
vt 0.17968750 0.66796875
vt 0.21744792 0.65234375
vt 0.17968750 0.64843750
vt 0.21744792 0.66796875
vt 0.25260417 0.66992188
vt 0.25260417 0.65429688
vt 0.25260417 0.66992188
vt 0.29166667 0.65820312
vt 0.25260417 0.65429688
vt 0.29166667 0.67187500
vt 0.33203125 0.67187500
vt 0.33203125 0.66210938
vt 0.15364583 0.74023438
vt 0.19270833 0.73437500
vt 0.15364583 0.73046875
vt 0.19270833 0.74218750
vt 0.22916667 0.73632812
vt 0.19270833 0.73437500
vt 0.22916667 0.74023438
vt 0.25781250 0.73828125
vt 0.22916667 0.73632812
vt 0.25781250 0.74218750
vt 0.28385417 0.74414062
vt 0.28385417 0.74023438
vt 0.00000000 0.43164062
vt 0.03385417 0.44531250
vt 0.03385417 0.43164062
vt 0.03385417 0.43164062
vt 0.10937500 0.44531250
vt 0.10937500 0.43164062
vt 0.10937500 0.43164062
vt 0.18359375 0.44531250
vt 0.18359375 0.43164062
vt 0.22005208 0.43164062
vt 0.25911458 0.44531250
vt 0.25911458 0.43164062
vt 0.18359375 0.43164062
vt 0.22005208 0.44531250
vt 0.22005208 0.43164062
vt 0.25911458 0.43164062
vt 0.29947917 0.44531250
vt 0.29947917 0.43164062
vt 0.34114583 0.06835938
vt 0.33333333 0.08203125
vt 0.34114583 0.08203125
vt 0.34114583 0.06835938
vt 0.37890625 0.08203125
vt 0.37890625 0.06835938
vt 0.37890625 0.06835938
vt 0.41666667 0.08203125
vt 0.41666667 0.06835938
vt 0.41666667 0.06835938
vt 0.45442708 0.08203125
vt 0.45442708 0.06835938
vt 0.45442708 0.06835938
vt 0.49088542 0.08203125
vt 0.49088542 0.06835938
vt 0.49088542 0.06835938
vt 0.52604167 0.08203125
vt 0.52604167 0.06835938
vt 0.52604167 0.06835938
vt 0.56380208 0.08203125
vt 0.56380208 0.06835938
vt 0.56380208 0.06835938
vt 0.60677083 0.08203125
vt 0.60677083 0.06835938
vt 0.60677083 0.06835938
vt 0.64583333 0.08203125
vt 0.64583333 0.06835938
vt 0.00000000 0.67773438
vt 0.01692708 0.69140625
vt 0.01692708 0.67773438
vt 0.01692708 0.67773438
vt 0.06119792 0.69140625
vt 0.06119792 0.67773438
vt 0.06119792 0.67773438
vt 0.10156250 0.68945312
vt 0.10156250 0.67773438
vt 0.10156250 0.67773438
vt 0.14062500 0.68750000
vt 0.14062500 0.67773438
vt 0.14062500 0.67773438
vt 0.17968750 0.68750000
vt 0.17968750 0.67773438
vt 0.17968750 0.67773438
vt 0.21744792 0.68750000
vt 0.21744792 0.67773438
vt 0.21744792 0.67773438
vt 0.25260417 0.68554688
vt 0.25260417 0.67773438
vt 0.25260417 0.67773438
vt 0.29166667 0.68359375
vt 0.29166667 0.67773438
vt 0.29166667 0.67773438
vt 0.33203125 0.68359375
vt 0.33203125 0.67773438
vt 0.15364583 0.74609375
vt 0.19270833 0.75000000
vt 0.19531250 0.74609375
vt 0.19531250 0.74609375
vt 0.22916667 0.75195312
vt 0.23307292 0.74609375
vt 0.23307292 0.74609375
vt 0.25781250 0.75000000
vt 0.26171875 0.74609375
vt 0.26171875 0.74609375
vt 0.28385417 0.74804688
vt 0.28645833 0.74609375
vt 0.36718750 0.95117188
vt 0.33333333 0.87304688
vt 0.33333333 0.94726562
vt 0.43880208 0.95703125
vt 0.36458333 0.87304688
vt 0.36718750 0.95117188
vt 0.50390625 0.83984375
vt 0.44401042 0.86328125
vt 0.51692708 0.93164062
vt 0.41145833 0.87304688
vt 0.38020833 0.82226562
vt 0.39192708 0.80859375
vt 0.44401042 0.86328125
vt 0.48958333 0.77539062
vt 0.50390625 0.83984375
vt 0.48958333 0.77539062
vt 0.43750000 0.79296875
vt 0.44401042 0.86328125
vt 0.36458333 0.87304688
vt 0.33333333 0.83007812
vt 0.33333333 0.87304688
vt 0.36458333 0.87304688
vt 0.35026042 0.82226562
vt 0.36328125 0.83007812
vt 0.33854167 0.77343750
vt 0.33333333 0.75781250
vt 0.34375000 0.75976562
vt 0.33854167 0.79296875
vt 0.33333333 0.77734375
vt 0.33333333 0.80664062
vt 0.34375000 0.70507812
vt 0.33333333 0.75781250
vt 0.33333333 0.72851562
vt 0.18098958 0.05468750
vt 0.15234375 0.05468750
vt 0.15234375 0.00195312
vt 0.25781250 0.05468750
vt 0.18098958 0.00195312
vt 0.29687500 0.00195312
vt 0.01171875 0.30468750
vt 0.00000000 0.35937500
vt 0.00000000 0.30468750
vt 0.00000000 0.36132812
vt 0.01171875 0.36132812
vt 0.01171875 0.30468750
vt 0.18098958 0.00195312
vt 0.25781250 0.05664062
vt 0.29687500 0.00195312
vt 0.15234375 0.00195312
vt 0.18098958 0.05664062
vt 0.18098958 0.00195312
vt 0.48046875 0.73632812
vt 0.40494792 0.63867188
vt 0.43229167 0.75000000
vt 0.48567708 0.58007812
vt 0.52864583 0.72851562
vt 0.44401042 0.61523438
vt 0.73567708 0.65234375
vt 0.67838542 0.54687500
vt 0.71354167 0.55468750
vt 0.67838542 0.54687500
vt 0.73567708 0.65234375
vt 0.71354167 0.55468750
vt 0.52864583 0.72851562
vt 0.48567708 0.58007812
vt 0.44401042 0.61523438
vt 0.29817708 0.74609375
vt 0.28385417 0.74414062
vt 0.28645833 0.74609375
vt 0.28385417 0.74804688
vt 0.29817708 0.74609375
vt 0.28645833 0.74609375
vt 0.78776042 0.82812500
vt 0.76171875 0.75390625
vt 0.75651042 0.81835938
vt 0.76432292 0.65429688
vt 0.82421875 0.81835938
vt 0.82421875 0.66015625
vt 0.85937500 0.66406250
vt 0.82421875 0.66015625
vt 0.85937500 0.79882812
vt 0.89713542 0.66796875
vt 0.85937500 0.66406250
vt 0.89713542 0.78515625
vt 0.94140625 0.66796875
vt 0.89713542 0.66796875
vt 0.94010417 0.77734375
vt 0.97916667 0.67187500
vt 0.94140625 0.66796875
vt 0.97916667 0.76757812
vt 0.00000000 0.17187500
vt 0.01692708 0.26171875
vt 0.01692708 0.17382812
vt 0.06250000 0.17773438
vt 0.01692708 0.17382812
vt 0.06119792 0.25585938
vt 0.10286458 0.18554688
vt 0.06250000 0.17773438
vt 0.10156250 0.25390625
vt 0.14192708 0.19531250
vt 0.10286458 0.18554688
vt 0.14062500 0.25390625
vt 0.18098958 0.20507812
vt 0.14192708 0.19531250
vt 0.17968750 0.25976562
vt 0.21744792 0.21484375
vt 0.18098958 0.20507812
vt 0.21744792 0.26757812
vt 0.25390625 0.22070312
vt 0.21744792 0.21484375
vt 0.25260417 0.26953125
vt 0.29296875 0.22070312
vt 0.25390625 0.22070312
vt 0.29166667 0.26757812
vt 0.33203125 0.22070312
vt 0.29296875 0.22070312
vt 0.33203125 0.26171875
vt 0.70052083 0.20898438
vt 0.66666667 0.22070312
vt 0.70572917 0.24609375
vt 0.73828125 0.18750000
vt 0.70052083 0.20898438
vt 0.74218750 0.21289062
vt 0.76692708 0.15820312
vt 0.73828125 0.18750000
vt 0.77083333 0.17382812
vt 0.79166667 0.12695312
vt 0.76692708 0.15820312
vt 0.79687500 0.13085938
vt 0.81119792 0.09179688
vt 0.79166667 0.12695312
vt 0.79687500 0.13085938
vt 0.76432292 0.65429688
vt 0.73567708 0.65234375
vt 0.74869792 0.54687500
vt 0.82421875 0.66015625
vt 0.78906250 0.56445312
vt 0.82552083 0.57226562
vt 0.85937500 0.66406250
vt 0.82421875 0.66015625
vt 0.82552083 0.57226562
vt 0.89713542 0.66796875
vt 0.85937500 0.66406250
vt 0.85937500 0.57812500
vt 0.94140625 0.66796875
vt 0.89713542 0.66796875
vt 0.89713542 0.58593750
vt 0.97916667 0.67187500
vt 0.94140625 0.66796875
vt 0.94140625 0.59765625
vt 0.00000000 0.17187500
vt 0.00000000 0.11132812
vt 0.01692708 0.17382812
vt 0.06250000 0.17773438
vt 0.01692708 0.17382812
vt 0.01692708 0.11523438
vt 0.10286458 0.18554688
vt 0.06250000 0.17773438
vt 0.06380208 0.13281250
vt 0.14192708 0.19531250
vt 0.10286458 0.18554688
vt 0.10416667 0.14843750
vt 0.18098958 0.20507812
vt 0.14192708 0.19531250
vt 0.14322917 0.16406250
vt 0.21744792 0.21484375
vt 0.18098958 0.20507812
vt 0.18229167 0.17968750
vt 0.25390625 0.22070312
vt 0.21744792 0.21484375
vt 0.21614583 0.18945312
vt 0.29296875 0.22070312
vt 0.25390625 0.22070312
vt 0.25651042 0.19921875
vt 0.33203125 0.22070312
vt 0.29296875 0.22070312
vt 0.29296875 0.20312500
vt 0.70052083 0.20898438
vt 0.66666667 0.22070312
vt 0.66666667 0.20312500
vt 0.73828125 0.18750000
vt 0.70052083 0.20898438
vt 0.69921875 0.19726562
vt 0.76692708 0.15820312
vt 0.73828125 0.18750000
vt 0.73567708 0.17968750
vt 0.79166667 0.12695312
vt 0.76692708 0.15820312
vt 0.76302083 0.15429688
vt 0.81119792 0.09179688
vt 0.79166667 0.12695312
vt 0.79036458 0.12109375
vt 0.73567708 0.65234375
vt 0.74869792 0.54687500
vt 0.71354167 0.55468750
vt 0.73567708 0.65234375
vt 0.76432292 0.65429688
vt 0.75390625 0.69531250
vt 0.39713542 0.55273438
vt 0.37890625 0.57617188
vt 0.39062500 0.58007812
vt 0.40104167 0.52929688
vt 0.39062500 0.55078125
vt 0.39713542 0.55273438
vt 0.39973958 0.50781250
vt 0.39322917 0.52734375
vt 0.40104167 0.52929688
vt 0.37890625 0.52148438
vt 0.37890625 0.50195312
vt 0.37239583 0.51953125
vt 0.36848958 0.54492188
vt 0.37890625 0.52148438
vt 0.37239583 0.51953125
vt 0.36848958 0.54492188
vt 0.37890625 0.57617188
vt 0.36848958 0.57421875
vt 0.37239583 0.51953125
vt 0.37630208 0.54687500
vt 0.36848958 0.54492188
vt 0.37890625 0.50195312
vt 0.37890625 0.52148438
vt 0.37239583 0.51953125
vt 0.39322917 0.52734375
vt 0.39973958 0.50781250
vt 0.40104167 0.52929688
vt 0.39713542 0.55273438
vt 0.39322917 0.52734375
vt 0.40104167 0.52929688
vt 0.39062500 0.58007812
vt 0.39062500 0.55078125
vt 0.39713542 0.55273438
vt 0.36067708 0.40039062
vt 0.37890625 0.41796875
vt 0.37760417 0.40039062
vt 0.35937500 0.40039062
vt 0.36197917 0.41210938
vt 0.36067708 0.40039062
vt 0.34505208 0.40625000
vt 0.36067708 0.41210938
vt 0.35937500 0.40039062
vt 0.33333333 0.41406250
vt 0.34635417 0.41601562
vt 0.34505208 0.40625000
vt 0.36718750 0.44335938
vt 0.37890625 0.41796875
vt 0.38151042 0.43359375
vt 0.36458333 0.44335938
vt 0.36458333 0.43359375
vt 0.36718750 0.44335938
vt 0.35026042 0.44921875
vt 0.36328125 0.43359375
vt 0.36458333 0.44335938
vt 0.33723958 0.44726562
vt 0.34895833 0.43750000
vt 0.35026042 0.44921875
vt 0.74869792 0.94726562
vt 0.76432292 0.90429688
vt 0.74739583 0.91992188
vt 0.75130208 0.94726562
vt 0.76432292 0.90429688
vt 0.75000000 0.91992188
vt 0.74869792 0.94726562
vt 0.74739583 0.91992188
vt 0.74609375 0.92773438
vt 0.73177083 0.93945312
vt 0.74609375 0.92773438
vt 0.73177083 0.92578125
vt 0.73177083 0.93945312
vt 0.73177083 0.92578125
vt 0.71875000 0.91796875
vt 0.75130208 0.94726562
vt 0.75000000 0.91992188
vt 0.74869792 0.92773438
vt 0.73567708 0.93945312
vt 0.74869792 0.92773438
vt 0.73437500 0.92578125
vt 0.73567708 0.93945312
vt 0.73437500 0.92578125
vt 0.72265625 0.91796875
vt 0.76953125 0.93750000
vt 0.75000000 0.91992188
vt 0.76432292 0.90429688
vt 0.75130208 0.94726562
vt 0.74869792 0.92773438
vt 0.75000000 0.91992188
vt 0.75130208 0.94726562
vt 0.73437500 0.92578125
vt 0.74869792 0.92773438
vt 0.76953125 0.93750000
vt 0.74739583 0.91992188
vt 0.76432292 0.90429688
vt 0.74869792 0.94726562
vt 0.74609375 0.92773438
vt 0.74739583 0.91992188
vt 0.74869792 0.94726562
vt 0.73177083 0.92578125
vt 0.74609375 0.92773438
vt 0.74739583 0.94531250
vt 0.73046875 0.92578125
vt 0.74479167 0.92773438
vt 0.74739583 0.94531250
vt 0.74479167 0.92773438
vt 0.74609375 0.91992188
vt 0.76692708 0.93750000
vt 0.74609375 0.91992188
vt 0.76302083 0.90429688
vt 0.78125000 0.91992188
vt 0.76302083 0.90429688
vt 0.77473958 0.90625000
vt 0.78125000 0.91992188
vt 0.77473958 0.90625000
vt 0.77994792 0.89453125
vt 0.73046875 0.93945312
vt 0.73046875 0.92578125
vt 0.71875000 0.91796875
vt 0.73046875 0.93945312
vt 0.74479167 0.92773438
vt 0.73046875 0.92578125
vt 0.74739583 0.94531250
vt 0.74609375 0.91992188
vt 0.74479167 0.92773438
vt 0.76692708 0.93750000
vt 0.77473958 0.90625000
vt 0.76302083 0.90429688
vt 0.76302083 0.90429688
vt 0.74739583 0.94531250
vt 0.76692708 0.93750000
vt 0.67968750 0.13281250
vt 0.68229167 0.11523438
vt 0.68880208 0.13867188
vt 0.66666667 0.05078125
vt 0.67057292 0.03710938
vt 0.67447917 0.06250000
vt 0.77473958 0.51367188
vt 0.78125000 0.52734375
vt 0.78906250 0.52539062
vt 0.77473958 0.51367188
vt 0.78125000 0.52734375
vt 0.78125000 0.50195312
vt 0.66666667 0.05078125
vt 0.67447917 0.06250000
vt 0.67057292 0.03710938
vt 0.71354167 0.12304688
vt 0.72916667 0.08593750
vt 0.73567708 0.10937500
vt 0.70833333 0.12695312
vt 0.70703125 0.09960938
vt 0.71354167 0.12304688
vt 0.68880208 0.13867188
vt 0.70182292 0.10351562
vt 0.70833333 0.12695312
vt 0.70182292 0.05273438
vt 0.72135417 0.02148438
vt 0.72526042 0.04687500
vt 0.69531250 0.05468750
vt 0.69921875 0.02734375
vt 0.70182292 0.05273438
vt 0.67447917 0.06250000
vt 0.69270833 0.02929688
vt 0.69531250 0.05468750
vt 0.80208333 0.50195312
vt 0.78125000 0.52734375
vt 0.78125000 0.50195312
vt 0.80859375 0.50195312
vt 0.80208333 0.52734375
vt 0.80208333 0.50195312
vt 0.83203125 0.50195312
vt 0.80859375 0.52734375
vt 0.80859375 0.50195312
vt 0.80859375 0.50195312
vt 0.83203125 0.52734375
vt 0.83203125 0.50195312
vt 0.80208333 0.50195312
vt 0.80859375 0.52734375
vt 0.80859375 0.50195312
vt 0.78125000 0.50195312
vt 0.80208333 0.52734375
vt 0.80208333 0.50195312
vt 0.69921875 0.02734375
vt 0.72526042 0.04687500
vt 0.72135417 0.02148438
vt 0.69270833 0.02929688
vt 0.70182292 0.05273438
vt 0.69921875 0.02734375
vt 0.67057292 0.03710938
vt 0.69531250 0.05468750
vt 0.69270833 0.02929688
vt 0.70833333 0.12695312
vt 0.68229167 0.11523438
vt 0.68880208 0.13867188
vt 0.71354167 0.12304688
vt 0.70182292 0.10351562
vt 0.70833333 0.12695312
vt 0.73567708 0.10937500
vt 0.70703125 0.09960938
vt 0.71354167 0.12304688
vt 0.66796875 0.36718750
vt 0.68359375 0.43554688
vt 0.66666667 0.43554688
vt 0.55859375 0.14062500
vt 0.54687500 0.20117188
vt 0.52734375 0.20507812
vt 0.57552083 0.14062500
vt 0.56380208 0.20117188
vt 0.61979167 0.14062500
vt 0.55859375 0.14062500
vt 0.54687500 0.20117188
vt 0.60677083 0.14062500
vt 0.51302083 0.14062500
vt 0.52734375 0.20507812
vt 0.55859375 0.14062500
vt 0.51302083 0.14062500
vt 0.50390625 0.20312500
vt 0.52734375 0.20507812
vt 0.50130208 0.15429688
vt 0.49739583 0.19531250
vt 0.50390625 0.20312500
vt 0.80598958 0.50195312
vt 0.78125000 0.50195312
vt 0.80208333 0.50195312
vt 0.50130208 0.15429688
vt 0.52734375 0.20507812
vt 0.50390625 0.20312500
vt 0.50130208 0.15429688
vt 0.50390625 0.20312500
vt 0.49739583 0.19531250
vt 0.78906250 0.50195312
vt 0.80208333 0.50195312
vt 0.78125000 0.50195312
vt 0.78906250 0.50195312
vt 0.78125000 0.50195312
vt 0.77473958 0.51367188
vt 0.77343750 0.40234375
vt 0.72526042 0.34960938
vt 0.75260417 0.34179688
vt 0.77734375 0.41796875
vt 0.75781250 0.41210938
vt 0.77343750 0.40234375
vt 0.78515625 0.44140625
vt 0.76171875 0.42773438
vt 0.77734375 0.41796875
vt 0.78255208 0.46679688
vt 0.76953125 0.45117188
vt 0.78515625 0.44140625
vt 0.68359375 0.47851562
vt 0.67447917 0.50000000
vt 0.66666667 0.47851562
vt 0.66666667 0.45312500
vt 0.68359375 0.47851562
vt 0.66666667 0.47851562
vt 0.66666667 0.43554688
vt 0.68359375 0.45312500
vt 0.66666667 0.45312500
vt 0.72916667 0.41992188
vt 0.69661458 0.35937500
vt 0.72526042 0.34960938
vt 0.73046875 0.43750000
vt 0.71223958 0.42578125
vt 0.72916667 0.41992188
vt 0.73437500 0.46289062
vt 0.71354167 0.44140625
vt 0.73046875 0.43750000
vt 0.72916667 0.48632812
vt 0.71744792 0.46679688
vt 0.73437500 0.46289062
vt 0.66666667 0.43554688
vt 0.69661458 0.35937500
vt 0.66796875 0.36718750
vt 0.66666667 0.45312500
vt 0.68359375 0.43554688
vt 0.66666667 0.43554688
vt 0.66666667 0.47851562
vt 0.68359375 0.45312500
vt 0.66666667 0.45312500
vt 0.67447917 0.50000000
vt 0.68359375 0.47851562
vt 0.66666667 0.47851562
vt 0.71223958 0.42578125
vt 0.72526042 0.34960938
vt 0.69661458 0.35937500
vt 0.71354167 0.44140625
vt 0.72916667 0.41992188
vt 0.71223958 0.42578125
vt 0.71744792 0.46679688
vt 0.73046875 0.43750000
vt 0.71354167 0.44140625
vt 0.72916667 0.48632812
vt 0.73437500 0.46289062
vt 0.71744792 0.46679688
vt 0.76953125 0.45117188
vt 0.78255208 0.46679688
vt 0.78515625 0.44140625
vt 0.77734375 0.41796875
vt 0.76953125 0.45117188
vt 0.78515625 0.44140625
vt 0.77343750 0.40234375
vt 0.76171875 0.42773438
vt 0.77734375 0.41796875
vt 0.75260417 0.34179688
vt 0.75781250 0.41210938
vt 0.77343750 0.40234375
vt 0.57031250 0.14062500
vt 0.55859375 0.20117188
vt 0.52864583 0.14062500
vt 0.56380208 0.14062500
vt 0.55208333 0.20117188
vt 0.51953125 0.14062500
vt 0.56380208 0.14062500
vt 0.55208333 0.20117188
vt 0.51302083 0.14062500
vt 0.57031250 0.14062500
vt 0.55859375 0.20117188
vt 0.52343750 0.14062500
vt 0.68229167 0.06054688
vt 0.67447917 0.06250000
vt 0.66666667 0.05078125
vt 0.68229167 0.06054688
vt 0.69531250 0.05468750
vt 0.67447917 0.06250000
vt 0.51171875 0.15429688
vt 0.51562500 0.20312500
vt 0.50911458 0.19531250
vt 0.51171875 0.15429688
vt 0.53776042 0.20507812
vt 0.51562500 0.20312500
vt 0.52343750 0.14062500
vt 0.55859375 0.20117188
vt 0.53776042 0.20507812
vt 0.78906250 0.52539062
vt 0.78125000 0.52734375
vt 0.77473958 0.51367188
vt 0.78906250 0.52539062
vt 0.80208333 0.52734375
vt 0.78125000 0.52734375
vt 0.50130208 0.15429688
vt 0.50390625 0.20312500
vt 0.49739583 0.19531250
vt 0.50130208 0.15429688
vt 0.52734375 0.20312500
vt 0.50390625 0.20312500
vt 0.51302083 0.14062500
vt 0.55208333 0.20117188
vt 0.52734375 0.20312500
vt 0.67838542 0.03515625
vt 0.67057292 0.03710938
vt 0.66666667 0.05078125
vt 0.67838542 0.03515625
vt 0.69270833 0.02929688
vt 0.67057292 0.03710938
vt 0.50911458 0.15429688
vt 0.51171875 0.20312500
vt 0.50520833 0.19531250
vt 0.50911458 0.15429688
vt 0.53385417 0.20507812
vt 0.51171875 0.20312500
vt 0.51953125 0.14062500
vt 0.55208333 0.20117188
vt 0.53385417 0.20507812
vt 0.68880208 0.11132812
vt 0.68229167 0.11523438
vt 0.67968750 0.13281250
vt 0.68880208 0.11132812
vt 0.70182292 0.10351562
vt 0.68229167 0.11523438
vt 0.51822917 0.15429688
vt 0.52083333 0.20312500
vt 0.51432292 0.19531250
vt 0.51822917 0.15429688
vt 0.54166667 0.20312500
vt 0.52083333 0.20312500
vt 0.52864583 0.14062500
vt 0.55859375 0.20117188
vt 0.54166667 0.20312500
vt 0.52343750 0.14062500
vt 0.55859375 0.20117188
vt 0.57031250 0.14062500
vt 0.52343750 0.14062500
vt 0.53776042 0.20507812
vt 0.55859375 0.20117188
vt 0.52343750 0.14062500
vt 0.51562500 0.20312500
vt 0.53776042 0.20507812
vt 0.51171875 0.15429688
vt 0.50911458 0.19531250
vt 0.51562500 0.20312500
vt 0.69921875 0.05468750
vt 0.67447917 0.06250000
vt 0.69531250 0.05468750
vt 0.50130208 0.15429688
vt 0.49739583 0.19531250
vt 0.50390625 0.20312500
vt 0.78125000 0.52734375
vt 0.80598958 0.52539062
vt 0.78906250 0.52539062
vt 0.51302083 0.14062500
vt 0.55208333 0.20117188
vt 0.56380208 0.14062500
vt 0.50390625 0.20312500
vt 0.51302083 0.14062500
vt 0.50130208 0.15429688
vt 0.55208333 0.20117188
vt 0.51302083 0.14062500
vt 0.52734375 0.20312500
vt 0.50911458 0.15429688
vt 0.50520833 0.19531250
vt 0.51171875 0.20312500
vt 0.67057292 0.03710938
vt 0.69531250 0.02929688
vt 0.67838542 0.03515625
vt 0.51953125 0.14062500
vt 0.55208333 0.20117188
vt 0.56380208 0.14062500
vt 0.51171875 0.20312500
vt 0.51953125 0.14062500
vt 0.50911458 0.15429688
vt 0.55208333 0.20117188
vt 0.51953125 0.14062500
vt 0.53385417 0.20507812
vt 0.52864583 0.14062500
vt 0.55859375 0.20117188
vt 0.57031250 0.14062500
vt 0.68229167 0.11523438
vt 0.70572917 0.10156250
vt 0.68880208 0.11132812
vt 0.52083333 0.20312500
vt 0.51822917 0.15429688
vt 0.51432292 0.19531250
vt 0.52083333 0.20312500
vt 0.52864583 0.14062500
vt 0.51822917 0.15429688
vt 0.55859375 0.20117188
vt 0.52864583 0.14062500
vt 0.54166667 0.20312500
vt 0.85677083 0.55078125
vt 0.87890625 0.54882812
vt 0.83203125 0.52734375
vt 0.74609375 0.04882812
vt 0.76562500 0.03710938
vt 0.72526042 0.04687500
vt 0.73958333 0.00585938
vt 0.76041667 0.00585938
vt 0.72135417 0.02148438
vt 0.74609375 0.04882812
vt 0.76562500 0.03710938
vt 0.72916667 0.08593750
vt 0.85156250 0.50781250
vt 0.87890625 0.54882812
vt 0.87500000 0.51953125
vt 0.72135417 0.02148438
vt 0.76041667 0.00585938
vt 0.73958333 0.00585938
vt 0.72135417 0.02148438
vt 0.76562500 0.03710938
vt 0.76041667 0.00585938
vt 0.72916667 0.08593750
vt 0.76562500 0.03710938
vt 0.74609375 0.04882812
vt 0.83203125 0.52734375
vt 0.87890625 0.54882812
vt 0.85677083 0.54882812
vt 0.72526042 0.04687500
vt 0.76041667 0.00585938
vt 0.76562500 0.03710938
vt 0.72526042 0.04687500
vt 0.76562500 0.03710938
vt 0.74609375 0.04882812
vt 0.75130208 0.09179688
vt 0.76562500 0.03710938
vt 0.76953125 0.06640625
vt 0.57552083 0.14062500
vt 0.54817708 0.20507812
vt 0.56380208 0.20117188
vt 0.55859375 0.14062500
vt 0.52734375 0.20507812
vt 0.54687500 0.20117188
vt 0.55859375 0.14062500
vt 0.52734375 0.20507812
vt 0.51302083 0.14062500
vt 0.57552083 0.14062500
vt 0.54817708 0.20507812
vt 0.53515625 0.14062500
vt 0.63020833 0.32421875
vt 0.58463542 0.28906250
vt 0.57812500 0.33203125
vt 0.62239583 0.27929688
vt 0.58463542 0.26171875
vt 0.58463542 0.28906250
vt 0.63411458 0.23046875
vt 0.58463542 0.26171875
vt 0.63671875 0.24609375
vt 0.63411458 0.23046875
vt 0.57942708 0.23437500
vt 0.58463542 0.26171875
vt 0.63671875 0.19335938
vt 0.57031250 0.21484375
vt 0.57942708 0.23437500
vt 0.60677083 0.14062500
vt 0.57031250 0.21484375
vt 0.62369792 0.15820312
vt 0.60677083 0.14062500
vt 0.54687500 0.20117188
vt 0.57031250 0.21484375
vt 0.63020833 0.32421875
vt 0.57812500 0.33203125
vt 0.62890625 0.35351562
vt 0.62890625 0.35351562
vt 0.57812500 0.33203125
vt 0.55989583 0.37304688
vt 0.60416667 0.44140625
vt 0.55989583 0.37304688
vt 0.54036458 0.39257812
vt 0.59505208 0.49609375
vt 0.54036458 0.39257812
vt 0.51171875 0.42578125
vt 0.59505208 0.49609375
vt 0.51171875 0.42578125
vt 0.48697917 0.47851562
vt 0.48046875 0.50000000
vt 0.52343750 0.50000000
vt 0.48697917 0.47851562
vt 0.61458333 0.53515625
vt 0.51692708 0.52734375
vt 0.51171875 0.57421875
vt 0.51692708 0.66601562
vt 0.51171875 0.57421875
vt 0.51302083 0.61328125
vt 0.67057292 0.59765625
vt 0.66666667 0.67773438
vt 0.70442708 0.61914062
vt 0.62890625 0.35351562
vt 0.57812500 0.33203125
vt 0.63020833 0.32421875
vt 0.63671875 0.19335938
vt 0.57031250 0.21484375
vt 0.62369792 0.15820312
vt 0.58463542 0.28906250
vt 0.62239583 0.27929688
vt 0.63020833 0.32421875
vt 0.58463542 0.26171875
vt 0.63671875 0.24609375
vt 0.62239583 0.27929688
vt 0.58463542 0.26171875
vt 0.63411458 0.23046875
vt 0.63671875 0.24609375
vt 0.57942708 0.23437500
vt 0.63671875 0.19335938
vt 0.63411458 0.23046875
vt 0.62369792 0.15820312
vt 0.57031250 0.21484375
vt 0.60677083 0.14062500
vt 0.60677083 0.14062500
vt 0.57031250 0.21484375
vt 0.54687500 0.20117188
vt 0.60677083 0.14062500
vt 0.54687500 0.20117188
vt 0.55859375 0.14062500
vt 0.60416667 0.39648438
vt 0.55989583 0.37304688
vt 0.62890625 0.35351562
vt 0.60416667 0.39648438
vt 0.54036458 0.39257812
vt 0.55989583 0.37304688
vt 0.60416667 0.44140625
vt 0.51171875 0.42578125
vt 0.54036458 0.39257812
vt 0.59505208 0.49609375
vt 0.48697917 0.47851562
vt 0.51171875 0.42578125
vt 0.52343750 0.50000000
vt 0.48046875 0.50000000
vt 0.48697917 0.47851562
vt 0.61458333 0.53515625
vt 0.51171875 0.57421875
vt 0.51692708 0.52734375
vt 0.61458333 0.53515625
vt 0.51302083 0.61328125
vt 0.51171875 0.57421875
vt 0.61458333 0.53515625
vt 0.51692708 0.66601562
vt 0.51302083 0.61328125
vt 0.39973958 0.21875000
vt 0.51302083 0.33398438
vt 0.44401042 0.35937500
vt 0.36067708 0.23046875
vt 0.37500000 0.38281250
vt 0.33333333 0.23632812
vt 0.37500000 0.38281250
vt 0.36067708 0.23046875
vt 0.33333333 0.23632812
vt 0.51302083 0.33398438
vt 0.39973958 0.21875000
vt 0.44401042 0.35937500
vt 0.93750000 0.44140625
vt 0.99869792 0.40039062
vt 0.95052083 0.40039062
vt 0.53645833 0.50000000
vt 0.60416667 0.49609375
vt 0.60026042 0.50000000
vt 0.52343750 0.50000000
vt 0.59505208 0.49609375
vt 0.59114583 0.50000000
vt 0.59505208 0.49609375
vt 0.48697917 0.47851562
vt 0.52343750 0.50000000
vt 0.60416667 0.49609375
vt 0.50390625 0.47851562
vt 0.53645833 0.50000000
vt 0.94661458 0.50000000
vt 0.99869792 0.40039062
vt 0.98437500 0.43359375
vt 0.94140625 0.46679688
vt 0.99869792 0.40039062
vt 0.93619792 0.44531250
vt 0.73567708 0.65234375
vt 0.66666667 0.59179688
vt 0.75390625 0.69531250
vt 0.75390625 0.69531250
vt 0.66666667 0.58593750
vt 0.73567708 0.65234375
vt 0.69401042 0.71679688
vt 0.75390625 0.69531250
vt 0.70182292 0.73632812
vt 0.75390625 0.69531250
vt 0.69401042 0.71679688
vt 0.70182292 0.73632812
vt 0.66666667 0.64257812
vt 0.75390625 0.69531250
vt 0.66666667 0.59179688
vt 0.66666667 0.64257812
vt 0.69401042 0.71679688
vt 0.66666667 0.69335938
vt 0.79036458 0.89257812
vt 0.78125000 0.91992188
vt 0.79296875 0.91210938
vt 0.80989583 0.87500000
vt 0.79296875 0.91210938
vt 0.82161458 0.90429688
vt 0.80989583 0.87500000
vt 0.82161458 0.90429688
vt 0.83463542 0.89062500
vt 0.82421875 0.85937500
vt 0.83463542 0.89062500
vt 0.83593750 0.85546875
vt 0.84375000 0.85937500
vt 0.83463542 0.89062500
vt 0.84375000 0.89453125
vt 0.84375000 0.85937500
vt 0.84375000 0.89453125
vt 0.86067708 0.84765625
vt 0.86067708 0.84765625
vt 0.84375000 0.89453125
vt 0.87760417 0.89453125
vt 0.86067708 0.84765625
vt 0.87760417 0.89453125
vt 0.87890625 0.84960938
vt 0.89192708 0.83984375
vt 0.87760417 0.89453125
vt 0.88932292 0.89843750
vt 0.79296875 0.91210938
vt 0.77994792 0.89453125
vt 0.79036458 0.89257812
vt 0.84375000 0.89453125
vt 0.86067708 0.84765625
vt 0.87760417 0.89453125
vt 0.79036458 0.89257812
vt 0.82161458 0.90429688
vt 0.79296875 0.91210938
vt 0.80989583 0.87500000
vt 0.83463542 0.89062500
vt 0.82161458 0.90429688
vt 0.83593750 0.85546875
vt 0.83463542 0.89062500
vt 0.82421875 0.85937500
vt 0.84375000 0.85937500
vt 0.84375000 0.89453125
vt 0.83463542 0.89062500
vt 0.86067708 0.84765625
vt 0.84375000 0.89453125
vt 0.84375000 0.85937500
vt 0.87760417 0.89453125
vt 0.86067708 0.84765625
vt 0.87890625 0.84960938
vt 0.88932292 0.89843750
vt 0.87890625 0.84960938
vt 0.89192708 0.83984375
vt 0.41145833 0.87304688
vt 0.38020833 0.82226562
vt 0.36328125 0.83007812
vt 0.41145833 0.87304688
vt 0.36328125 0.83007812
vt 0.36458333 0.87304688
vt 0.38020833 0.82226562
vt 0.41145833 0.87304688
vt 0.36328125 0.83007812
vt 0.36328125 0.83007812
vt 0.41145833 0.87304688
vt 0.36458333 0.87304688
vt 0.38541667 0.79687500
vt 0.38020833 0.82226562
vt 0.39192708 0.80859375
vt 0.92578125 0.87109375
vt 0.93229167 0.84570312
vt 0.92187500 0.85156250
vt 0.91406250 0.83593750
vt 0.93229167 0.84570312
vt 0.92187500 0.85156250
vt 0.92578125 0.87109375
vt 0.93229167 0.84570312
vt 0.93619792 0.87109375
vt 0.34375000 0.75976562
vt 0.33333333 0.76562500
vt 0.33854167 0.77343750
vt 0.33333333 0.77734375
vt 0.33854167 0.77343750
vt 0.33854167 0.79296875
vt 0.33333333 0.82226562
vt 0.36458333 0.87304688
vt 0.35026042 0.82226562
vt 0.33333333 0.87304688
vt 0.33333333 0.83007812
vt 0.36458333 0.87304688
vt 0.35026042 0.82226562
vt 0.33333333 0.81640625
vt 0.33333333 0.82226562
vt 0.91536458 0.89453125
vt 0.93229167 0.89062500
vt 0.92187500 0.88476562
vt 0.35026042 0.82226562
vt 0.33333333 0.81640625
vt 0.34114583 0.80859375
vt 0.36328125 0.79687500
vt 0.35286458 0.82031250
vt 0.34505208 0.80859375
vt 0.35026042 0.82226562
vt 0.36458333 0.87304688
vt 0.36328125 0.83007812
vt 0.33333333 0.82226562
vt 0.36458333 0.87304688
vt 0.33333333 0.83007812
vt 0.33854167 0.79296875
vt 0.33333333 0.81640625
vt 0.34114583 0.80859375
vt 0.33333333 0.76562500
vt 0.33854167 0.79296875
vt 0.33854167 0.77343750
vt 0.34114583 0.80859375
vt 0.33333333 0.80664062
vt 0.33854167 0.79296875
vt 0.33333333 0.77734375
vt 0.33854167 0.79296875
vt 0.33333333 0.80664062
vt 0.36458333 0.87304688
vt 0.43880208 0.95703125
vt 0.41145833 0.87304688
vt 0.36458333 0.87304688
vt 0.43880208 0.95703125
vt 0.36718750 0.95117188
vt 0.32682292 0.75781250
vt 0.31901042 0.77734375
vt 0.32682292 0.82226562
vt 0.36979167 0.15820312
vt 0.35677083 0.22070312
vt 0.34114583 0.19531250
vt 0.39973958 0.19531250
vt 0.38281250 0.22070312
vt 0.36979167 0.15820312
vt 0.34114583 0.19531250
vt 0.35677083 0.22070312
vt 0.35026042 0.22656250
vt 0.36979167 0.13671875
vt 0.39973958 0.19531250
vt 0.36979167 0.15820312
vt 0.34114583 0.19531250
vt 0.36979167 0.13671875
vt 0.36979167 0.15820312
vt 0.36979167 0.15820312
vt 0.38281250 0.22070312
vt 0.36979167 0.20703125
vt 0.35677083 0.22070312
vt 0.36979167 0.15820312
vt 0.36979167 0.20703125
vt 0.32421875 0.74609375
vt 0.31901042 0.77734375
vt 0.32682292 0.75781250
vt 0.31901042 0.77734375
vt 0.32421875 0.74609375
vt 0.32682292 0.75781250
vt 0.33203125 0.30468750
vt 0.33203125 0.34960938
vt 0.31250000 0.30468750
vt 0.99869792 0.67187500
vt 0.99869792 0.61132812
vt 0.97916667 0.60546875
vt 0.97916667 0.67187500
vt 0.99869792 0.76562500
vt 0.97916667 0.76757812
vt 0.97916667 0.76757812
vt 0.99869792 0.67187500
vt 0.97916667 0.67187500
vt 0.97916667 0.60546875
vt 0.99869792 0.67187500
vt 0.97916667 0.67187500
vt 0.33203125 0.34960938
vt 0.33203125 0.30468750
vt 0.31250000 0.30468750
vt 0.66536458 0.11328125
vt 0.64583333 0.08203125
vt 0.64583333 0.11523438
vt 0.64583333 0.08203125
vt 0.66536458 0.06835938
vt 0.64583333 0.06835938
vt 0.64583333 0.06835938
vt 0.66536458 0.05468750
vt 0.64583333 0.05468750
vt 0.64583333 0.05468750
vt 0.66536458 0.02343750
vt 0.64583333 0.02148438
vt 0.33203125 0.00195312
vt 0.29687500 0.05468750
vt 0.29687500 0.00195312
vt 0.66536458 0.57812500
vt 0.66536458 0.54492188
vt 0.63020833 0.53906250
vt 0.63281250 0.91796875
vt 0.66536458 0.90039062
vt 0.65755208 0.89843750
vt 0.66536458 0.90039062
vt 0.66536458 0.89453125
vt 0.65755208 0.89843750
vt 0.65755208 0.89843750
vt 0.66536458 0.90429688
vt 0.63281250 0.91796875
vt 0.66536458 0.89453125
vt 0.66536458 0.90039062
vt 0.65755208 0.89843750
vt 0.66536458 0.54492188
vt 0.66536458 0.57812500
vt 0.63020833 0.53906250
vt 0.55729167 0.77148438
vt 0.60807292 0.72265625
vt 0.55468750 0.75585938
vt 0.66536458 0.69335938
vt 0.66536458 0.82812500
vt 0.66276042 0.69140625
vt 0.51692708 0.66601562
vt 0.59765625 0.70312500
vt 0.52864583 0.72851562
vt 0.66536458 0.59179688
vt 0.66536458 0.64257812
vt 0.63281250 0.55273438
vt 0.65364583 0.83398438
vt 0.66536458 0.89453125
vt 0.65755208 0.89843750
vt 0.65755208 0.89843750
vt 0.66536458 0.82812500
vt 0.65364583 0.83398438
vt 0.66276042 0.69140625
vt 0.66536458 0.64257812
vt 0.63281250 0.55273438
vt 0.52864583 0.72851562
vt 0.62500000 0.55273438
vt 0.51692708 0.66601562
vt 0.66536458 0.59179688
vt 0.66536458 0.58593750
vt 0.63281250 0.55273438
vt 0.66536458 0.58593750
vt 0.66536458 0.59179688
vt 0.63281250 0.55273438
vt 0.66536458 0.64257812
vt 0.66536458 0.59179688
vt 0.63281250 0.55273438
vt 0.66536458 0.64257812
vt 0.66536458 0.69335938
vt 0.66276042 0.69140625
vt 0.33203125 0.05664062
vt 0.33203125 0.00195312
vt 0.29687500 0.05664062
vt 0.29947917 0.44531250
vt 0.33203125 0.43164062
vt 0.29947917 0.43164062
vt 0.29947917 0.43164062
vt 0.33203125 0.41796875
vt 0.29947917 0.41796875
vt 0.29947917 0.41796875
vt 0.33203125 0.37500000
vt 0.29947917 0.37500000
vt 0.33203125 0.48828125
vt 0.33203125 0.44531250
vt 0.29947917 0.44531250
vt 0.32682292 0.75781250
vt 0.33203125 0.72851562
vt 0.32421875 0.74609375
vt 0.32682292 0.87304688
vt 0.33203125 0.94726562
vt 0.32682292 0.94726562
vt 0.32682292 0.94726562
vt 0.33203125 0.87304688
vt 0.32682292 0.87304688
vt 0.32682292 0.87304688
vt 0.33203125 0.83007812
vt 0.32682292 0.82226562
vt 0.33203125 0.75781250
vt 0.33203125 0.76562500
vt 0.32682292 0.75781250
vt 0.32682292 0.82226562
vt 0.33203125 0.77734375
vt 0.32682292 0.75781250
vt 0.32421875 0.74609375
vt 0.33203125 0.75781250
vt 0.32682292 0.75781250
vt 0.33203125 0.76562500
vt 0.33203125 0.75781250
vt 0.32682292 0.75781250
vt 0.33203125 0.76562500
vt 0.33203125 0.77734375
vt 0.32682292 0.75781250
vt 0.33203125 0.83007812
vt 0.33203125 0.82226562
vt 0.32682292 0.82226562
vt 0.32682292 0.82226562
vt 0.33203125 0.87304688
vt 0.32682292 0.87304688
vt 0.33203125 0.82226562
vt 0.33203125 0.81640625
vt 0.32682292 0.82226562
vt 0.33203125 0.81640625
vt 0.33203125 0.82226562
vt 0.32682292 0.82226562
vt 0.33203125 0.82226562
vt 0.33203125 0.83007812
vt 0.32682292 0.82226562
vt 0.33203125 0.81640625
vt 0.33203125 0.80664062
vt 0.32682292 0.82226562
vt 0.33203125 0.77734375
vt 0.33203125 0.76562500
vt 0.32682292 0.75781250
vt 0.33203125 0.80664062
vt 0.33203125 0.81640625
vt 0.32682292 0.82226562
vt 0.32682292 0.75781250
vt 0.33203125 0.80664062
vt 0.32682292 0.82226562
vt 0.32682292 0.61132812
vt 0.33203125 0.58007812
vt 0.32682292 0.58007812
vt 0.32682292 0.58007812
vt 0.33203125 0.56640625
vt 0.32682292 0.56640625
vt 0.32682292 0.56640625
vt 0.33203125 0.55273438
vt 0.32682292 0.55273438
vt 0.32682292 0.55273438
vt 0.33203125 0.51953125
vt 0.32682292 0.52148438
vt 0.57812500 0.50195312
vt 0.54036458 0.50195312
vt 0.53515625 0.52734375
vt 0.54036458 0.50195312
vt 0.57812500 0.50195312
vt 0.53515625 0.52734375
vt 0.56510417 0.50195312
vt 0.51692708 0.52734375
vt 0.61458333 0.53515625
vt 0.52213542 0.50195312
vt 0.56510417 0.50195312
vt 0.51692708 0.52734375
vt 0.57812500 0.50195312
vt 0.64192708 0.50195312
vt 0.62239583 0.53515625
vt 0.56510417 0.50195312
vt 0.63281250 0.50195312
vt 0.61458333 0.53515625
vt 0.63281250 0.50195312
vt 0.56510417 0.50195312
vt 0.61458333 0.53515625
vt 0.64192708 0.50195312
vt 0.57812500 0.50195312
vt 0.62239583 0.53515625
vt 0.60286458 0.97851562
vt 0.51171875 1.00000000
vt 0.51171875 0.98242188
vt 0.50260417 0.99023438
vt 0.49739583 1.00000000
vt 0.49869792 0.99609375
vt 0.49609375 1.00000000
vt 0.49479167 1.00000000
vt 0.49479167 0.99609375
vt 0.64062500 0.96875000
vt 0.60286458 1.00000000
vt 0.60286458 0.97851562
vt 0.66406250 0.96484375
vt 0.64062500 1.00000000
vt 0.64062500 0.96875000
vt 0.36067708 0.23046875
vt 0.44401042 0.35937500
vt 0.37500000 0.38281250
vt 0.37500000 0.38281250
vt 0.39973958 0.21875000
vt 0.36067708 0.23046875
vt 0.43880208 0.20703125
vt 0.51302083 0.33398438
vt 0.51302083 0.23437500
vt 0.51302083 0.23437500
vt 0.43880208 0.20703125
vt 0.47786458 0.19531250
vt 0.50390625 0.83984375
vt 0.51692708 0.93164062
vt 0.53776042 0.81835938
vt 0.48958333 0.77539062
vt 0.53776042 0.81835938
vt 0.52864583 0.76171875
vt 0.48046875 0.73632812
vt 0.48958333 0.77539062
vt 0.52864583 0.72851562
vt 0.44401042 0.61523438
vt 0.48046875 0.73632812
vt 0.52864583 0.72851562
vt 0.43229167 0.75000000
vt 0.40494792 0.63867188
vt 0.38281250 0.76171875
vt 0.38802083 0.76953125
vt 0.43229167 0.75000000
vt 0.38281250 0.76171875
vt 0.44401042 0.86328125
vt 0.39192708 0.80859375
vt 0.41145833 0.87304688
vt 0.43880208 0.95703125
vt 0.44401042 0.86328125
vt 0.41145833 0.87304688
vt 0.44401042 0.86328125
vt 0.43880208 0.95703125
vt 0.41145833 0.87304688
vt 0.43750000 0.79296875
vt 0.44401042 0.86328125
vt 0.39192708 0.80859375
vt 0.39322917 0.78125000
vt 0.43750000 0.79296875
vt 0.39192708 0.80859375
vt 0.40494792 0.63867188
vt 0.43229167 0.75000000
vt 0.38281250 0.76171875
vt 0.48046875 0.73632812
vt 0.44401042 0.61523438
vt 0.52864583 0.72851562
vt 0.48958333 0.77539062
vt 0.48046875 0.73632812
vt 0.52864583 0.72851562
vt 0.53776042 0.81835938
vt 0.48958333 0.77539062
vt 0.52864583 0.76171875
vt 0.51692708 0.93164062
vt 0.50390625 0.83984375
vt 0.53776042 0.81835938
vt 0.58593750 0.60937500
vt 0.66276042 0.69140625
vt 0.63281250 0.55273438
vt 0.58593750 0.60937500
vt 0.60807292 0.72265625
vt 0.54036458 0.66601562
vt 0.29296875 0.88476562
vt 0.25911458 0.98437500
vt 0.29296875 0.96679688
vt 0.21614583 0.92968750
vt 0.25911458 0.98437500
vt 0.29296875 0.88476562
vt 0.21614583 0.92968750
vt 0.25911458 0.98437500
vt 0.22656250 0.99023438
vt 0.29296875 0.88476562
vt 0.25911458 0.98437500
vt 0.21614583 0.92968750
vt 0.20312500 0.80273438
vt 0.29296875 0.83398438
vt 0.22005208 0.86523438
vt 0.29296875 0.83398438
vt 0.20312500 0.80273438
vt 0.22005208 0.86523438
vt 0.29296875 0.88476562
vt 0.32682292 0.94726562
vt 0.29296875 0.96679688
vt 0.32682292 0.82226562
vt 0.29296875 0.88476562
vt 0.29296875 0.83398438
vt 0.29296875 0.78906250
vt 0.32682292 0.82226562
vt 0.29296875 0.83398438
vt 0.32682292 0.82226562
vt 0.29296875 0.78906250
vt 0.29296875 0.83398438
vt 0.32682292 0.82226562
vt 0.29296875 0.88476562
vt 0.32682292 0.87304688
vt 0.29296875 0.88476562
vt 0.32682292 0.94726562
vt 0.32682292 0.87304688
vt 0.32682292 0.52148438
vt 0.29296875 0.55273438
vt 0.32682292 0.55273438
vt 0.32682292 0.61132812
vt 0.29296875 0.58007812
vt 0.29296875 0.61132812
vt 0.25911458 0.55273438
vt 0.29296875 0.52148438
vt 0.25911458 0.51953125
vt 0.25911458 0.58007812
vt 0.29296875 0.61132812
vt 0.29296875 0.58007812
vt 0.25911458 0.55273438
vt 0.22656250 0.51562500
vt 0.22656250 0.54882812
vt 0.22656250 0.61718750
vt 0.25911458 0.58007812
vt 0.22656250 0.58398438
vt 0.22005208 0.86523438
vt 0.29296875 0.88476562
vt 0.21614583 0.92968750
vt 0.29296875 0.88476562
vt 0.22005208 0.86523438
vt 0.21614583 0.92968750
vt 0.19010417 0.94921875
vt 0.18880208 0.95898438
vt 0.19140625 0.97851562
vt 0.19140625 0.97851562
vt 0.18880208 0.95898438
vt 0.19140625 0.97851562
vt 0.18880208 0.95898438
vt 0.19140625 0.97851562
vt 0.19140625 0.97851562
vt 0.18880208 0.95898438
vt 0.19010417 0.94921875
vt 0.19140625 0.97851562
vt 0.20312500 0.93164062
vt 0.22656250 0.99023438
vt 0.19921875 0.93945312
vt 0.19010417 0.94921875
vt 0.22656250 0.99023438
vt 0.19140625 0.97851562
vt 0.22656250 0.99023438
vt 0.19010417 0.94921875
vt 0.19921875 0.93945312
vt 0.22656250 0.99023438
vt 0.20312500 0.93164062
vt 0.19921875 0.93945312
vt 0.22656250 0.99023438
vt 0.19921875 0.93945312
vt 0.19010417 0.94921875
vt 0.22656250 0.99023438
vt 0.19010417 0.94921875
vt 0.19140625 0.97851562
vt 0.29296875 0.05664062
vt 0.19401042 0.08203125
vt 0.17838542 0.05664062
vt 0.29296875 0.05664062
vt 0.19401042 0.08203125
vt 0.29296875 0.07617188
vt 0.31770833 0.07617188
vt 0.29296875 0.05664062
vt 0.29296875 0.07617188
vt 0.31770833 0.07617188
vt 0.29296875 0.05664062
vt 0.31640625 0.05664062
vt 0.29296875 0.08789062
vt 0.31770833 0.07617188
vt 0.31901042 0.08789062
vt 0.19401042 0.08203125
vt 0.29296875 0.08789062
vt 0.20312500 0.09570312
vt 0.29296875 0.08789062
vt 0.19401042 0.08203125
vt 0.20312500 0.09570312
vt 0.31770833 0.07617188
vt 0.29296875 0.08789062
vt 0.31901042 0.08789062
vt 0.21484375 0.86328125
vt 0.20312500 0.80273438
vt 0.22005208 0.86523438
vt 0.21484375 0.86328125
vt 0.20312500 0.80273438
vt 0.18880208 0.78710938
vt 0.05989583 0.90625000
vt 0.11718750 0.95312500
vt 0.05729167 0.95507812
vt 0.03906250 0.90820312
vt 0.03776042 0.93945312
vt 0.02604167 0.92382812
vt 0.02213542 0.89257812
vt 0.03906250 0.90820312
vt 0.02604167 0.92382812
vt 0.05989583 0.90625000
vt 0.11718750 0.95312500
vt 0.11458333 0.93359375
vt 0.03776042 0.93945312
vt 0.03906250 0.90820312
vt 0.02604167 0.92382812
vt 0.02213542 0.89257812
vt 0.03906250 0.90820312
vt 0.06250000 0.88476562
vt 0.00781250 0.83007812
vt 0.00000000 0.86718750
vt 0.00000000 0.83007812
vt 0.02864583 0.86718750
vt 0.01953125 0.83007812
vt 0.02734375 0.83007812
vt 0.00651042 0.89648438
vt 0.02604167 0.92382812
vt 0.01562500 0.93359375
vt 0.02604167 0.92382812
vt 0.00651042 0.89648438
vt 0.01562500 0.93359375
vt 0.01171875 0.56054688
vt 0.03255208 0.54296875
vt 0.01562500 0.54492188
vt 0.03255208 0.58984375
vt 0.01171875 0.57226562
vt 0.01562500 0.58789062
vt 0.02994792 0.56054688
vt 0.05598958 0.54296875
vt 0.03255208 0.54296875
vt 0.05598958 0.58984375
vt 0.02994792 0.57226562
vt 0.03255208 0.58984375
vt 0.03255208 0.95117188
vt 0.05729167 0.95507812
vt 0.03776042 0.93945312
vt 0.03255208 0.95117188
vt 0.05729167 0.95507812
vt 0.05598958 0.97070312
vt 0.05989583 0.90625000
vt 0.03776042 0.93945312
vt 0.03906250 0.90820312
vt 0.05989583 0.90625000
vt 0.03776042 0.93945312
vt 0.05729167 0.95507812
vt 0.17187500 0.91796875
vt 0.14192708 0.92382812
vt 0.16015625 0.93945312
vt 0.14192708 0.92382812
vt 0.17187500 0.91796875
vt 0.16015625 0.93945312
vt 0.14192708 0.89843750
vt 0.11458333 0.93359375
vt 0.11067708 0.90625000
vt 0.14192708 0.89843750
vt 0.11458333 0.93359375
vt 0.14192708 0.92382812
vt 0.06250000 0.88476562
vt 0.11458333 0.93359375
vt 0.05989583 0.90625000
vt 0.01692708 0.56640625
vt 0.02994792 0.57226562
vt 0.02864583 0.56640625
vt 0.00651042 0.56640625
vt 0.02994792 0.56054688
vt 0.01171875 0.56054688
vt 0.02864583 0.56640625
vt 0.05598958 0.57421875
vt 0.05598958 0.56640625
vt 0.02864583 0.56640625
vt 0.05598958 0.55859375
vt 0.02994792 0.56054688
vt 0.06640625 0.56640625
vt 0.05598958 0.55859375
vt 0.05598958 0.56640625
vt 0.06640625 0.56640625
vt 0.05598958 0.57421875
vt 0.07552083 0.57812500
vt 0.05598958 0.54296875
vt 0.07552083 0.55468750
vt 0.10416667 0.53710938
vt 0.05598958 0.58984375
vt 0.07552083 0.57812500
vt 0.05598958 0.57421875
vt 0.10937500 0.97265625
vt 0.11848958 0.98046875
vt 0.11848958 0.97265625
vt 0.05598958 0.97265625
vt 0.10937500 0.97265625
vt 0.11848958 0.98046875
vt 0.10937500 0.97265625
vt 0.05598958 0.97265625
vt 0.05598958 0.97070312
vt 0.10937500 0.97265625
vt 0.05598958 0.97265625
vt 0.11848958 0.98046875
vt 0.19401042 0.56640625
vt 0.22656250 0.54882812
vt 0.19401042 0.54882812
vt 0.17838542 0.55078125
vt 0.19401042 0.56640625
vt 0.19401042 0.54882812
vt 0.19401042 0.56640625
vt 0.22656250 0.58398438
vt 0.22656250 0.56640625
vt 0.17838542 0.58203125
vt 0.19401042 0.56640625
vt 0.17838542 0.56640625
vt 0.14843750 0.56640625
vt 0.17838542 0.55078125
vt 0.14843750 0.55664062
vt 0.13411458 0.55859375
vt 0.14843750 0.56640625
vt 0.14843750 0.55664062
vt 0.14843750 0.56640625
vt 0.17838542 0.58203125
vt 0.17838542 0.56640625
vt 0.13411458 0.57421875
vt 0.14843750 0.56640625
vt 0.13411458 0.56640625
vt 0.16927083 0.61328125
vt 0.15625000 0.60937500
vt 0.16536458 0.61914062
vt 0.18489583 0.62890625
vt 0.16927083 0.61328125
vt 0.17447917 0.62500000
vt 0.16927083 0.51953125
vt 0.15625000 0.52343750
vt 0.16536458 0.54101562
vt 0.18489583 0.51367188
vt 0.16927083 0.51953125
vt 0.16536458 0.54101562
vt 0.19401042 0.54882812
vt 0.16536458 0.54101562
vt 0.17838542 0.55078125
vt 0.16536458 0.59179688
vt 0.19401042 0.58398438
vt 0.17838542 0.58203125
vt 0.14843750 0.57617188
vt 0.13411458 0.60351562
vt 0.15625000 0.60937500
vt 0.13411458 0.52929688
vt 0.14843750 0.55664062
vt 0.15625000 0.52343750
vt 0.12239583 0.56640625
vt 0.13411458 0.57421875
vt 0.13411458 0.56640625
vt 0.13411458 0.55859375
vt 0.12239583 0.56640625
vt 0.13411458 0.56640625
vt 0.00781250 0.74218750
vt 0.00000000 0.77343750
vt 0.00130208 0.74609375
vt 0.01562500 0.77343750
vt 0.00781250 0.74218750
vt 0.01562500 0.74218750
vt 0.02343750 0.74218750
vt 0.01562500 0.77343750
vt 0.01562500 0.74218750
vt 0.03125000 0.77343750
vt 0.02343750 0.74218750
vt 0.03125000 0.74609375
vt 0.07421875 0.80859375
vt 0.02734375 0.80859375
vt 0.03906250 0.77929688
vt 0.07421875 0.80859375
vt 0.02734375 0.80859375
vt 0.07291667 0.82031250
vt 0.12109375 0.82617188
vt 0.07291667 0.82031250
vt 0.12109375 0.85156250
vt 0.12109375 0.82617188
vt 0.07291667 0.82031250
vt 0.07421875 0.80859375
vt 0.12109375 0.85156250
vt 0.17578125 0.82617188
vt 0.15625000 0.85742188
vt 0.17578125 0.82617188
vt 0.12109375 0.85156250
vt 0.15625000 0.85742188
vt 0.17578125 0.82617188
vt 0.20182292 0.92968750
vt 0.15625000 0.85742188
vt 0.17578125 0.82617188
vt 0.20182292 0.92968750
vt 0.21093750 0.92773438
vt 0.07942708 0.07031250
vt 0.03906250 0.08007812
vt 0.07942708 0.08398438
vt 0.03255208 0.05664062
vt 0.07942708 0.07031250
vt 0.07942708 0.05664062
vt 0.07942708 0.07031250
vt 0.03255208 0.05664062
vt 0.07942708 0.05664062
vt 0.03906250 0.08007812
vt 0.07942708 0.07031250
vt 0.07942708 0.08398438
vt 0.07942708 0.07031250
vt 0.18880208 0.11132812
vt 0.18880208 0.08398438
vt 0.13020833 0.05664062
vt 0.07942708 0.07031250
vt 0.18880208 0.08398438
vt 0.07942708 0.07031250
vt 0.13020833 0.05664062
vt 0.18880208 0.08398438
vt 0.18880208 0.11132812
vt 0.07942708 0.07031250
vt 0.18880208 0.08398438
vt 0.34375000 0.70507812
vt 0.33333333 0.75781250
vt 0.34375000 0.75976562
vt 0.33333333 0.75781250
vt 0.34375000 0.70507812
vt 0.34375000 0.75976562
vt 0.36979167 0.13671875
vt 0.40234375 0.17773438
vt 0.39973958 0.19531250
vt 0.33723958 0.17773438
vt 0.36979167 0.13671875
vt 0.34114583 0.19531250
vt 0.93619792 0.88671875
vt 0.97526042 0.94335938
vt 0.93619792 0.94140625
vt 0.97526042 0.94335938
vt 0.93619792 0.88671875
vt 0.93619792 0.94140625
vt 0.93619792 0.88671875
vt 0.97526042 0.94335938
vt 0.94401042 0.87500000
vt 0.97526042 0.94335938
vt 0.93619792 0.88671875
vt 0.94401042 0.87500000
vt 0.94401042 0.87500000
vt 0.97526042 0.94335938
vt 0.96223958 0.85351562
vt 0.97526042 0.94335938
vt 0.94401042 0.87500000
vt 0.96223958 0.85351562
vt 0.07161458 0.00195312
vt 0.11067708 0.05468750
vt 0.07161458 0.05468750
vt 0.11067708 0.05664062
vt 0.07161458 0.00195312
vt 0.07161458 0.05664062
vt 0.03776042 0.00195312
vt 0.07161458 0.05664062
vt 0.07161458 0.00195312
vt 0.07161458 0.05468750
vt 0.03776042 0.00195312
vt 0.07161458 0.00195312
vt 0.01953125 0.00195312
vt 0.01041667 0.05664062
vt 0.01953125 0.05664062
vt 0.03776042 0.00195312
vt 0.01953125 0.05664062
vt 0.03776042 0.05664062
vt 0.01953125 0.05468750
vt 0.03776042 0.00195312
vt 0.03776042 0.05468750
vt 0.01953125 0.00195312
vt 0.01041667 0.05468750
vt 0.01041667 0.00195312
vt 0.15234375 0.05468750
vt 0.11067708 0.00195312
vt 0.15234375 0.00195312
vt 0.15234375 0.05664062
vt 0.11067708 0.00195312
vt 0.11067708 0.05664062
vt 0.18098958 0.05664062
vt 0.15234375 0.00195312
vt 0.15234375 0.05664062
vt 0.18098958 0.05468750
vt 0.15234375 0.00195312
vt 0.18098958 0.00195312
vt 0.18098958 0.00195312
vt 0.21875000 0.05468750
vt 0.18098958 0.05468750
vt 0.21875000 0.05664062
vt 0.18098958 0.00195312
vt 0.18098958 0.05664062
vt 0.29687500 0.00195312
vt 0.25781250 0.05664062
vt 0.29687500 0.05664062
vt 0.25781250 0.05468750
vt 0.29687500 0.00195312
vt 0.29687500 0.05468750
vt 0.18098958 0.00195312
vt 0.25781250 0.05468750
vt 0.21875000 0.05468750
vt 0.25781250 0.05664062
vt 0.18098958 0.00195312
vt 0.21875000 0.05664062
vt 0.08203125 0.30468750
vt 0.04687500 0.35937500
vt 0.04687500 0.30468750
vt 0.04687500 0.36132812
vt 0.08203125 0.30468750
vt 0.04687500 0.30468750
vt 0.01171875 0.35937500
vt 0.04687500 0.30468750
vt 0.04687500 0.35937500
vt 0.00000000 0.35937500
vt 0.01171875 0.30468750
vt 0.01171875 0.35937500
vt 0.29687500 0.05468750
vt 0.33203125 0.00195312
vt 0.33203125 0.05468750
vt 0.01171875 0.36132812
vt 0.04687500 0.30468750
vt 0.01171875 0.30468750
vt 0.00000000 0.36132812
vt 0.01171875 0.30468750
vt 0.00000000 0.30468750
vt 0.29687500 0.05664062
vt 0.33203125 0.00195312
vt 0.29687500 0.00195312
vt 0.51692708 0.93164062
vt 0.44401042 0.86328125
vt 0.43880208 0.95703125
vt 0.51692708 0.93164062
vt 0.44401042 0.86328125
vt 0.50390625 0.83984375
vt 0.40494792 0.63867188
vt 0.48046875 0.73632812
vt 0.44401042 0.61523438
vt 0.40494792 0.63867188
vt 0.48046875 0.73632812
vt 0.43229167 0.75000000
vt 0.39192708 0.80859375
vt 0.44401042 0.86328125
vt 0.43750000 0.79296875
vt 0.39192708 0.80859375
vt 0.44401042 0.86328125
vt 0.41145833 0.87304688
vt 0.48958333 0.77539062
vt 0.44401042 0.86328125
vt 0.43750000 0.79296875
vt 0.48958333 0.77539062
vt 0.44401042 0.86328125
vt 0.50390625 0.83984375
vt 0.43750000 0.79296875
vt 0.39322917 0.78125000
vt 0.39192708 0.80859375
vt 0.43229167 0.75000000
vt 0.39322917 0.78125000
vt 0.43750000 0.79296875
vt 0.43229167 0.75000000
vt 0.38802083 0.76953125
vt 0.39322917 0.78125000
vt 0.43750000 0.79296875
vt 0.39322917 0.78125000
vt 0.43229167 0.75000000
vt 0.43229167 0.75000000
vt 0.39322917 0.78125000
vt 0.38802083 0.76953125
vt 0.43229167 0.75000000
vt 0.38802083 0.76953125
vt 0.38281250 0.76171875
vt 0.48958333 0.77539062
vt 0.53776042 0.81835938
vt 0.50390625 0.83984375
vt 0.48958333 0.77539062
vt 0.52864583 0.72851562
vt 0.52864583 0.76171875
vt 0.48046875 0.73632812
vt 0.43750000 0.79296875
vt 0.43229167 0.75000000
vt 0.53776042 0.81835938
vt 0.48958333 0.77539062
vt 0.50390625 0.83984375
vt 0.52864583 0.72851562
vt 0.48958333 0.77539062
vt 0.52864583 0.76171875
vt 0.48046875 0.73632812
vt 0.43750000 0.79296875
vt 0.48958333 0.77539062
vt 0.60807292 0.72265625
vt 0.55729167 0.77148438
vt 0.56250000 0.79882812
vt 0.60807292 0.72265625
vt 0.56250000 0.79882812
vt 0.57291667 0.82031250
vt 0.60807292 0.72265625
vt 0.57291667 0.82031250
vt 0.59114583 0.83398438
vt 0.60807292 0.72265625
vt 0.59114583 0.83398438
vt 0.61197917 0.83789062
vt 0.60807292 0.72265625
vt 0.61197917 0.83789062
vt 0.65364583 0.83398438
vt 0.60807292 0.72265625
vt 0.65364583 0.83398438
vt 0.66536458 0.82812500
vt 0.66276042 0.69140625
vt 0.66536458 0.82812500
vt 0.66536458 0.69335938
vt 0.66536458 0.82812500
vt 0.66276042 0.69140625
vt 0.60807292 0.72265625
vt 0.60807292 0.72265625
vt 0.55729167 0.77148438
vt 0.55468750 0.75585938
vt 0.60807292 0.72265625
vt 0.56250000 0.79882812
vt 0.55729167 0.77148438
vt 0.60807292 0.72265625
vt 0.57291667 0.82031250
vt 0.56250000 0.79882812
vt 0.60807292 0.72265625
vt 0.59114583 0.83398438
vt 0.57291667 0.82031250
vt 0.60807292 0.72265625
vt 0.61197917 0.83789062
vt 0.59114583 0.83398438
vt 0.60807292 0.72265625
vt 0.65364583 0.83398438
vt 0.61197917 0.83789062
vt 0.60807292 0.72265625
vt 0.66536458 0.82812500
vt 0.65364583 0.83398438
vt 0.66276042 0.69140625
vt 0.66536458 0.82812500
vt 0.60807292 0.72265625
vt 0.66666667 0.69335938
vt 0.70182292 0.79492188
vt 0.69010417 0.81250000
vt 0.66666667 0.69335938
vt 0.70572917 0.76367188
vt 0.70182292 0.79492188
vt 0.66666667 0.69335938
vt 0.70182292 0.73632812
vt 0.70572917 0.76367188
vt 0.66666667 0.69335938
vt 0.67057292 0.82617188
vt 0.66666667 0.82812500
vt 0.66666667 0.69335938
vt 0.69010417 0.81250000
vt 0.67057292 0.82617188
vt 0.66536458 0.64257812
vt 0.66276042 0.69140625
vt 0.63281250 0.55273438
vt 0.66536458 0.64257812
vt 0.66276042 0.69140625
vt 0.66536458 0.69335938
vt 0.66666667 0.69335938
vt 0.67057292 0.82617188
vt 0.69010417 0.81250000
vt 0.66666667 0.69335938
vt 0.69010417 0.81250000
vt 0.70182292 0.79492188
vt 0.66666667 0.69335938
vt 0.70182292 0.79492188
vt 0.70572917 0.76367188
vt 0.66666667 0.69335938
vt 0.70572917 0.76367188
vt 0.70182292 0.73632812
vt 0.66666667 0.69335938
vt 0.70182292 0.73632812
vt 0.69401042 0.71679688
vt 0.54036458 0.66601562
vt 0.60807292 0.72265625
vt 0.58593750 0.60937500
vt 0.99088542 0.41210938
vt 0.95312500 0.47265625
vt 0.97916667 0.50000000
vt 0.99088542 0.41210938
vt 0.95312500 0.47265625
vt 0.93750000 0.41210938
vt 0.54036458 0.66601562
vt 0.60807292 0.72265625
vt 0.55468750 0.75585938
vt 0.66276042 0.69140625
vt 0.58593750 0.60937500
vt 0.60807292 0.72265625
vt 0.53255208 0.61328125
vt 0.58593750 0.60937500
vt 0.62239583 0.53515625
vt 0.62239583 0.53515625
vt 0.58593750 0.60937500
vt 0.63281250 0.55273438
vt 0.58593750 0.60937500
vt 0.66276042 0.69140625
vt 0.60807292 0.72265625
vt 0.58593750 0.60937500
vt 0.62239583 0.53515625
vt 0.63281250 0.55273438
vt 0.53255208 0.61328125
vt 0.58593750 0.60937500
vt 0.54036458 0.66601562
vt 0.66666667 0.64257812
vt 0.75390625 0.69531250
vt 0.69401042 0.71679688
vt 0.75390625 0.69531250
vt 0.66666667 0.64257812
vt 0.69401042 0.71679688
vt 0.75651042 0.81835938
vt 0.78776042 0.82812500
vt 0.75000000 0.84960938
vt 0.78776042 0.82812500
vt 0.76171875 0.75390625
vt 0.76432292 0.65429688
vt 0.76432292 0.65429688
vt 0.76171875 0.75390625
vt 0.75390625 0.69531250
vt 0.78776042 0.82812500
vt 0.75651042 0.81835938
vt 0.75000000 0.84960938
vt 0.76171875 0.75390625
vt 0.76432292 0.65429688
vt 0.75390625 0.69531250
vt 0.76432292 0.65429688
vt 0.76171875 0.75390625
vt 0.78776042 0.82812500
vt 0.78906250 0.56445312
vt 0.76432292 0.65429688
vt 0.74869792 0.54687500
vt 0.74869792 0.54687500
vt 0.73567708 0.65234375
vt 0.71354167 0.55468750
vt 0.78906250 0.56445312
vt 0.76432292 0.65429688
vt 0.82421875 0.66015625
vt 0.78906250 0.56445312
vt 0.82421875 0.66015625
vt 0.82552083 0.57226562
vt 0.74869792 0.54687500
vt 0.73567708 0.65234375
vt 0.76432292 0.65429688
vt 0.78906250 0.56445312
vt 0.82421875 0.66015625
vt 0.76432292 0.65429688
vt 0.53515625 0.52734375
vt 0.57812500 0.50195312
vt 0.62239583 0.53515625
vt 0.60416667 0.49609375
vt 0.53645833 0.50000000
vt 0.50390625 0.47851562
vt 0.57812500 0.50195312
vt 0.53515625 0.52734375
vt 0.62239583 0.53515625
vt 0.60416667 0.49609375
vt 0.53645833 0.50000000
vt 0.60026042 0.50000000
vt 0.99479167 0.35937500
vt 0.94010417 0.41210938
vt 0.99088542 0.41210938
vt 0.93750000 0.41210938
vt 0.99479167 0.35937500
vt 0.99088542 0.41210938
vt 0.99479167 0.31835938
vt 0.93229167 0.35937500
vt 0.99479167 0.35937500
vt 0.99869792 0.27148438
vt 0.92317708 0.31835938
vt 0.99479167 0.31835938
vt 0.99869792 0.24609375
vt 0.92447917 0.27148438
vt 0.99869792 0.27148438
vt 0.99348958 0.16796875
vt 0.92447917 0.22070312
vt 0.99869792 0.22070312
vt 0.98567708 0.13476562
vt 0.91536458 0.16796875
vt 0.99348958 0.16796875
vt 0.96354167 0.07421875
vt 0.91406250 0.11523438
vt 0.97135417 0.11523438
vt 0.95833333 0.03125000
vt 0.90755208 0.07421875
vt 0.96354167 0.07421875
vt 0.95833333 0.00390625
vt 0.90494792 0.03125000
vt 0.95833333 0.03125000
vt 0.14062500 0.74609375
vt 0.08072917 0.77148438
vt 0.13802083 0.77148438
vt 0.14453125 0.72460938
vt 0.08203125 0.74609375
vt 0.14062500 0.74609375
vt 0.99479167 0.31835938
vt 0.93229167 0.35937500
vt 0.92317708 0.31835938
vt 0.99869792 0.27148438
vt 0.92317708 0.31835938
vt 0.92447917 0.27148438
vt 0.92447917 0.22070312
vt 0.92447917 0.27148438
vt 0.92447917 0.24609375
vt 0.99348958 0.16796875
vt 0.92447917 0.22070312
vt 0.91536458 0.16796875
vt 0.98567708 0.13476562
vt 0.91536458 0.16796875
vt 0.91927083 0.13476562
vt 0.97135417 0.11523438
vt 0.91927083 0.13476562
vt 0.91406250 0.11523438
vt 0.96354167 0.07421875
vt 0.91406250 0.11523438
vt 0.90755208 0.07421875
vt 0.95833333 0.03125000
vt 0.90755208 0.07421875
vt 0.90494792 0.03125000
vt 0.95833333 0.00390625
vt 0.90494792 0.03125000
vt 0.90104167 0.00390625
vt 0.14062500 0.74609375
vt 0.08072917 0.77148438
vt 0.08072917 0.74609375
vt 0.10286458 0.72460938
vt 0.08072917 0.74609375
vt 0.08333333 0.72460938
vt 0.99869792 0.34179688
vt 0.99869792 0.38281250
vt 0.99869792 0.34960938
vt 0.99869792 0.34960938
vt 0.92317708 0.34179688
vt 0.99869792 0.34179688
vt 0.99869792 0.38281250
vt 0.95052083 0.40039062
vt 0.99869792 0.40039062
vt 0.99869792 0.38281250
vt 0.95052083 0.40039062
vt 0.95052083 0.38281250
vt 0.51692708 0.52734375
vt 0.56510417 0.50195312
vt 0.52213542 0.50195312
vt 0.51692708 0.52734375
vt 0.56510417 0.50195312
vt 0.61458333 0.53515625
vt 0.59505208 0.49609375
vt 0.52343750 0.50000000
vt 0.48697917 0.47851562
vt 0.59505208 0.49609375
vt 0.52343750 0.50000000
vt 0.59114583 0.50000000
vt 0.92838542 0.34960938
vt 0.99869792 0.38281250
vt 0.95052083 0.38281250
vt 0.99869792 0.38281250
vt 0.92838542 0.34960938
vt 0.95052083 0.38281250
vt 0.67057292 0.59765625
vt 0.66666667 0.67773438
vt 0.66666667 0.59375000
vt 0.66666667 0.67773438
vt 0.67057292 0.59765625
vt 0.66666667 0.59375000
vt 0.70442708 0.61914062
vt 0.66666667 0.67773438
vt 0.73567708 0.65234375
vt 0.70442708 0.61914062
vt 0.66666667 0.67773438
vt 0.67057292 0.59765625
vt 0.99869792 0.40039062
vt 0.93750000 0.44140625
vt 0.95052083 0.40039062
vt 0.99869792 0.40039062
vt 0.93750000 0.44140625
vt 0.93619792 0.44531250
vt 0.92447917 0.28710938
vt 0.99869792 0.34179688
vt 0.99869792 0.28710938
vt 0.92968750 0.24218750
vt 0.99869792 0.28710938
vt 0.98697917 0.24218750
vt 0.91927083 0.16992188
vt 0.97786458 0.19921875
vt 0.97005208 0.16992188
vt 0.91406250 0.12304688
vt 0.97005208 0.16992188
vt 0.96223958 0.12304688
vt 0.91145833 0.09179688
vt 0.96223958 0.12304688
vt 0.95963542 0.09179688
vt 0.91015625 0.07617188
vt 0.95963542 0.09179688
vt 0.96223958 0.07617188
vt 0.90494792 0.03906250
vt 0.96223958 0.07617188
vt 0.96614583 0.03906250
vt 0.90755208 0.00390625
vt 0.96614583 0.03906250
vt 0.96875000 0.00390625
vt 0.47395833 0.98242188
vt 0.41536458 1.00000000
vt 0.41276042 0.98242188
vt 0.92447917 0.28710938
vt 0.99869792 0.34179688
vt 0.92317708 0.34179688
vt 0.92968750 0.24218750
vt 0.99869792 0.28710938
vt 0.92447917 0.28710938
vt 0.92317708 0.19921875
vt 0.98697917 0.24218750
vt 0.92968750 0.24218750
vt 0.91927083 0.16992188
vt 0.97786458 0.19921875
vt 0.92317708 0.19921875
vt 0.91406250 0.12304688
vt 0.97005208 0.16992188
vt 0.91927083 0.16992188
vt 0.91145833 0.09179688
vt 0.96093750 0.12304688
vt 0.91406250 0.12304688
vt 0.91015625 0.07617188
vt 0.95963542 0.09179688
vt 0.91145833 0.09179688
vt 0.90494792 0.03906250
vt 0.96223958 0.07617188
vt 0.91015625 0.07617188
vt 0.90755208 0.00390625
vt 0.96614583 0.03906250
vt 0.90494792 0.03906250
vt 0.47395833 0.98242188
vt 0.41666667 1.00000000
vt 0.47656250 1.00000000
vt 0.92317708 0.19921875
vt 0.98697917 0.24218750
vt 0.97786458 0.19921875
vt 0.51302083 0.23437500
vt 0.51302083 0.33398438
vt 0.58203125 0.30859375
vt 0.43880208 0.20703125
vt 0.51302083 0.23437500
vt 0.47786458 0.19531250
vt 0.51302083 0.33398438
vt 0.51302083 0.23437500
vt 0.58203125 0.30859375
vt 0.43880208 0.20703125
vt 0.51302083 0.23437500
vt 0.51302083 0.33398438
vt 0.61458333 0.44140625
vt 0.52734375 0.42578125
vt 0.60416667 0.49609375
vt 0.61458333 0.39648438
vt 0.55208333 0.39257812
vt 0.61458333 0.44140625
vt 0.63932292 0.35351562
vt 0.57031250 0.37304688
vt 0.61458333 0.39648438
vt 0.64062500 0.32421875
vt 0.58854167 0.28906250
vt 0.58593750 0.33203125
vt 0.63281250 0.27929688
vt 0.59505208 0.26171875
vt 0.58854167 0.28906250
vt 0.64322917 0.23046875
vt 0.59244792 0.23437500
vt 0.59505208 0.26171875
vt 0.64843750 0.19335938
vt 0.58203125 0.21484375
vt 0.59244792 0.23437500
vt 0.52734375 0.42578125
vt 0.61458333 0.44140625
vt 0.60416667 0.49609375
vt 0.55208333 0.39257812
vt 0.61458333 0.39648438
vt 0.61458333 0.44140625
vt 0.57031250 0.37304688
vt 0.63932292 0.35351562
vt 0.61458333 0.39648438
vt 0.58854167 0.28906250
vt 0.64062500 0.32421875
vt 0.58593750 0.33203125
vt 0.59505208 0.26171875
vt 0.63281250 0.27929688
vt 0.58854167 0.28906250
vt 0.59244792 0.23437500
vt 0.64322917 0.23046875
vt 0.59505208 0.26171875
vt 0.58203125 0.21484375
vt 0.64843750 0.19335938
vt 0.59244792 0.23437500
vt 0.51171875 0.42578125
vt 0.60416667 0.44140625
vt 0.59505208 0.49609375
vt 0.54036458 0.39257812
vt 0.60416667 0.39648438
vt 0.60416667 0.44140625
vt 0.62890625 0.35351562
vt 0.55989583 0.37304688
vt 0.57812500 0.33203125
vt 0.58463542 0.28906250
vt 0.63020833 0.32421875
vt 0.57812500 0.33203125
vt 0.58463542 0.26171875
vt 0.62239583 0.27929688
vt 0.58463542 0.28906250
vt 0.57942708 0.23437500
vt 0.63411458 0.23046875
vt 0.58463542 0.26171875
vt 0.57031250 0.21484375
vt 0.63671875 0.19335938
vt 0.57942708 0.23437500
vt 0.62890625 0.35351562
vt 0.55989583 0.37304688
vt 0.60416667 0.39648438
vt 0.58463542 0.28906250
vt 0.63020833 0.32421875
vt 0.62239583 0.27929688
vt 0.58463542 0.26171875
vt 0.62239583 0.27929688
vt 0.63671875 0.24609375
vt 0.57942708 0.23437500
vt 0.63411458 0.23046875
vt 0.63671875 0.19335938
vt 0.57031250 0.21484375
vt 0.63671875 0.19335938
vt 0.62369792 0.15820312
vt 0.33333333 0.87304688
vt 0.36718750 0.95117188
vt 0.36458333 0.87304688
vt 0.33333333 0.87304688
vt 0.36718750 0.95117188
vt 0.33333333 0.94726562
vt 0.03385417 0.41796875
vt 0.00000000 0.38476562
vt 0.00000000 0.41796875
vt 0.00000000 0.47851562
vt 0.03385417 0.44531250
vt 0.00000000 0.44531250
vt 0.10546875 0.36328125
vt 0.03385417 0.41796875
vt 0.10937500 0.41796875
vt 0.03385417 0.44531250
vt 0.10546875 0.50000000
vt 0.10937500 0.44531250
vt 0.10937500 0.41796875
vt 0.18359375 0.36328125
vt 0.10546875 0.36328125
vt 0.18359375 0.50000000
vt 0.10937500 0.44531250
vt 0.10546875 0.50000000
vt 0.22005208 0.41796875
vt 0.18359375 0.36328125
vt 0.18359375 0.41796875
vt 0.18359375 0.50000000
vt 0.22005208 0.44531250
vt 0.18359375 0.44531250
vt 0.25911458 0.44531250
vt 0.29947917 0.48828125
vt 0.29947917 0.44531250
vt 0.29947917 0.37500000
vt 0.25911458 0.41796875
vt 0.29947917 0.41796875
vt 0.25911458 0.41796875
vt 0.22005208 0.37500000
vt 0.22005208 0.41796875
vt 0.22005208 0.48828125
vt 0.25911458 0.44531250
vt 0.22005208 0.44531250
vt 0.33203125 0.37500000
vt 0.29947917 0.41796875
vt 0.33203125 0.41796875
vt 0.34114583 0.01171875
vt 0.33333333 0.05468750
vt 0.34114583 0.05468750
vt 0.37890625 0.01171875
vt 0.34114583 0.05468750
vt 0.37890625 0.05468750
vt 0.41666667 0.01171875
vt 0.37890625 0.05468750
vt 0.41666667 0.05468750
vt 0.33203125 0.48828125
vt 0.29947917 0.44531250
vt 0.29947917 0.48828125
vt 0.34114583 0.12500000
vt 0.33333333 0.08203125
vt 0.33333333 0.12500000
vt 0.37890625 0.12500000
vt 0.34114583 0.08203125
vt 0.34114583 0.12500000
vt 0.41666667 0.12500000
vt 0.37890625 0.08203125
vt 0.37890625 0.12500000
vt 0.41666667 0.05468750
vt 0.45442708 0.01171875
vt 0.41666667 0.01171875
vt 0.45442708 0.12500000
vt 0.41666667 0.08203125
vt 0.41666667 0.12500000
vt 0.45442708 0.08203125
vt 0.49088542 0.12500000
vt 0.49088542 0.08203125
vt 0.49088542 0.01171875
vt 0.45442708 0.05468750
vt 0.49088542 0.05468750
vt 0.49088542 0.05468750
vt 0.52604167 0.01562500
vt 0.49088542 0.01171875
vt 0.52604167 0.12109375
vt 0.49088542 0.08203125
vt 0.49088542 0.12500000
vt 0.52604167 0.08203125
vt 0.56380208 0.11914062
vt 0.56380208 0.08203125
vt 0.56380208 0.01757812
vt 0.52604167 0.05468750
vt 0.56380208 0.05468750
vt 0.56380208 0.08203125
vt 0.60677083 0.11523438
vt 0.60677083 0.08203125
vt 0.60677083 0.02148438
vt 0.56380208 0.05468750
vt 0.60677083 0.05468750
vt 0.60677083 0.05468750
vt 0.64583333 0.02148438
vt 0.60677083 0.02148438
vt 0.64583333 0.11523438
vt 0.60677083 0.08203125
vt 0.60677083 0.11523438
vt 0.64583333 0.08203125
vt 0.66536458 0.11328125
vt 0.66536458 0.08203125
vt 0.66536458 0.02343750
vt 0.64583333 0.05468750
vt 0.66536458 0.05468750
vt 0.00000000 0.66406250
vt 0.01692708 0.63281250
vt 0.00000000 0.63281250
vt 0.01692708 0.72265625
vt 0.00000000 0.69140625
vt 0.00000000 0.72265625
vt 0.01692708 0.69140625
vt 0.06119792 0.71679688
vt 0.06119792 0.69140625
vt 0.06119792 0.63867188
vt 0.01692708 0.66406250
vt 0.06119792 0.66406250
vt 0.06119792 0.66406250
vt 0.10156250 0.64257812
vt 0.06119792 0.63867188
vt 0.10156250 0.71289062
vt 0.06119792 0.69140625
vt 0.06119792 0.71679688
vt 0.10156250 0.68945312
vt 0.14062500 0.70898438
vt 0.14062500 0.68750000
vt 0.14062500 0.64648438
vt 0.10156250 0.66601562
vt 0.14062500 0.66796875
vt 0.14062500 0.66796875
vt 0.17968750 0.64843750
vt 0.14062500 0.64648438
vt 0.17968750 0.70703125
vt 0.14062500 0.68750000
vt 0.14062500 0.70898438
vt 0.17968750 0.68750000
vt 0.21744792 0.70312500
vt 0.21744792 0.68750000
vt 0.21744792 0.65234375
vt 0.17968750 0.66796875
vt 0.21744792 0.66796875
vt 0.21744792 0.66796875
vt 0.25260417 0.65429688
vt 0.21744792 0.65234375
vt 0.25260417 0.70117188
vt 0.21744792 0.68750000
vt 0.21744792 0.70312500
vt 0.25260417 0.68554688
vt 0.29166667 0.69726562
vt 0.29166667 0.68359375
vt 0.29166667 0.65820312
vt 0.25260417 0.66992188
vt 0.29166667 0.67187500
vt 0.29166667 0.67187500
vt 0.33203125 0.66210938
vt 0.29166667 0.65820312
vt 0.33203125 0.69335938
vt 0.29166667 0.68359375
vt 0.29166667 0.69726562
vt 0.15364583 0.75195312
vt 0.19270833 0.75781250
vt 0.19270833 0.75000000
vt 0.19270833 0.73437500
vt 0.15364583 0.74023438
vt 0.19270833 0.74218750
vt 0.22916667 0.75585938
vt 0.19270833 0.75000000
vt 0.19270833 0.75781250
vt 0.22916667 0.75195312
vt 0.25781250 0.75390625
vt 0.25781250 0.75000000
vt 0.25781250 0.73828125
vt 0.22916667 0.74023438
vt 0.25781250 0.74218750
vt 0.22916667 0.73632812
vt 0.19270833 0.74218750
vt 0.22916667 0.74023438
vt 0.28385417 0.75195312
vt 0.25781250 0.75000000
vt 0.25781250 0.75390625
vt 0.25781250 0.74218750
vt 0.28385417 0.74023438
vt 0.25781250 0.73828125
vt 0.15885417 0.36132812
vt 0.12239583 0.30468750
vt 0.12239583 0.36132812
vt 0.15885417 0.35937500
vt 0.12239583 0.30468750
vt 0.15885417 0.30468750
vt 0.15885417 0.30468750
vt 0.19270833 0.35742188
vt 0.15885417 0.35937500
vt 0.19270833 0.35742188
vt 0.15885417 0.30468750
vt 0.15885417 0.36132812
vt 0.19270833 0.30468750
vt 0.23046875 0.35742188
vt 0.23046875 0.30468750
vt 0.23046875 0.35742188
vt 0.19270833 0.30468750
vt 0.23046875 0.30468750
vt 0.23046875 0.30468750
vt 0.27473958 0.35546875
vt 0.23046875 0.35742188
vt 0.27473958 0.35546875
vt 0.23046875 0.30468750
vt 0.23046875 0.35742188
vt 0.27473958 0.30468750
vt 0.31250000 0.35156250
vt 0.31250000 0.30468750
vt 0.31250000 0.35156250
vt 0.27473958 0.30468750
vt 0.31250000 0.30468750
vt 0.31250000 0.30468750
vt 0.33203125 0.34960938
vt 0.31250000 0.35156250
vt 0.33203125 0.34960938
vt 0.31250000 0.30468750
vt 0.31250000 0.35156250
vt 0.66666667 0.94335938
vt 0.68359375 0.98632812
vt 0.68359375 0.94335938
vt 0.68359375 0.98632812
vt 0.66666667 0.94335938
vt 0.68359375 0.94335938
vt 0.68359375 0.94335938
vt 0.73046875 0.97851562
vt 0.68359375 0.98632812
vt 0.73046875 0.97851562
vt 0.68359375 0.94335938
vt 0.68359375 0.98632812
vt 0.73046875 0.94335938
vt 0.77083333 0.97460938
vt 0.77083333 0.94335938
vt 0.77083333 0.97460938
vt 0.73046875 0.94335938
vt 0.77083333 0.94335938
vt 0.77083333 0.94335938
vt 0.80989583 0.97070312
vt 0.77083333 0.97460938
vt 0.80989583 0.97070312
vt 0.77083333 0.94335938
vt 0.77083333 0.97460938
vt 0.80989583 0.94335938
vt 0.84895833 0.96875000
vt 0.84895833 0.94335938
vt 0.84895833 0.96875000
vt 0.80989583 0.94335938
vt 0.84895833 0.94335938
vt 0.84895833 0.94335938
vt 0.88281250 0.96679688
vt 0.84895833 0.96875000
vt 0.88281250 0.96679688
vt 0.84895833 0.94335938
vt 0.84895833 0.96875000
vt 0.88281250 0.94531250
vt 0.92317708 0.96484375
vt 0.92317708 0.94531250
vt 0.92317708 0.96484375
vt 0.88281250 0.94335938
vt 0.92317708 0.94335938
vt 0.92317708 0.94335938
vt 0.95963542 0.96093750
vt 0.92317708 0.96484375
vt 0.95963542 0.96093750
vt 0.92317708 0.94531250
vt 0.92317708 0.96484375
vt 0.12239583 0.30468750
vt 0.08203125 0.36132812
vt 0.12239583 0.36132812
vt 0.08203125 0.35937500
vt 0.12239583 0.30468750
vt 0.12239583 0.35937500
vt 0.95963542 0.94531250
vt 0.99869792 0.95898438
vt 0.99869792 0.94335938
vt 0.99869792 0.95898438
vt 0.95963542 0.94335938
vt 0.99869792 0.94531250
vt 0.00000000 0.28710938
vt 0.01432292 0.29687500
vt 0.00000000 0.30078125
vt 0.01432292 0.29687500
vt 0.00000000 0.28515625
vt 0.00000000 0.30078125
vt 0.01432292 0.28515625
vt 0.04817708 0.29492188
vt 0.04817708 0.28515625
vt 0.04817708 0.29492188
vt 0.01432292 0.28710938
vt 0.04817708 0.28710938
vt 0.04817708 0.28710938
vt 0.07421875 0.29296875
vt 0.04817708 0.29492188
vt 0.07421875 0.29296875
vt 0.04817708 0.28515625
vt 0.04817708 0.29492188
vt 0.07421875 0.28515625
vt 0.10026042 0.29101562
vt 0.10026042 0.28515625
vt 0.10026042 0.29101562
vt 0.07421875 0.28710938
vt 0.10026042 0.28710938
vt 0.85937500 0.66406250
vt 0.82552083 0.57226562
vt 0.82421875 0.66015625
vt 0.89713542 0.66796875
vt 0.85937500 0.57812500
vt 0.85937500 0.66406250
vt 0.94140625 0.66796875
vt 0.89713542 0.58593750
vt 0.89713542 0.66796875
vt 0.97916667 0.67187500
vt 0.94140625 0.59765625
vt 0.94140625 0.66796875
vt 0.99869792 0.67187500
vt 0.97916667 0.60546875
vt 0.97916667 0.67187500
vt 0.01692708 0.17382812
vt 0.00000000 0.11132812
vt 0.00000000 0.17187500
vt 0.06250000 0.17773438
vt 0.01692708 0.11523438
vt 0.01692708 0.17382812
vt 0.10286458 0.18554688
vt 0.06380208 0.13281250
vt 0.06250000 0.17773438
vt 0.14192708 0.19531250
vt 0.10416667 0.14843750
vt 0.10286458 0.18554688
vt 0.18098958 0.20507812
vt 0.14322917 0.16406250
vt 0.14192708 0.19531250
vt 0.21744792 0.21484375
vt 0.18229167 0.17968750
vt 0.18098958 0.20507812
vt 0.25390625 0.22070312
vt 0.21614583 0.18945312
vt 0.21744792 0.21484375
vt 0.29296875 0.22070312
vt 0.25651042 0.19921875
vt 0.25390625 0.22070312
vt 0.33203125 0.22070312
vt 0.29296875 0.20312500
vt 0.29296875 0.22070312
vt 0.70052083 0.20898438
vt 0.66666667 0.20312500
vt 0.66666667 0.22070312
vt 0.73828125 0.18750000
vt 0.69921875 0.19726562
vt 0.70052083 0.20898438
vt 0.76692708 0.15820312
vt 0.73567708 0.17968750
vt 0.73828125 0.18750000
vt 0.76302083 0.15429688
vt 0.79166667 0.12695312
vt 0.79036458 0.12109375
vt 0.85937500 0.66406250
vt 0.82552083 0.57226562
vt 0.85937500 0.57812500
vt 0.89713542 0.66796875
vt 0.85937500 0.57812500
vt 0.89713542 0.58593750
vt 0.94140625 0.66796875
vt 0.89713542 0.58593750
vt 0.94140625 0.59765625
vt 0.97916667 0.67187500
vt 0.94140625 0.59765625
vt 0.97916667 0.60546875
vt 0.99869792 0.67187500
vt 0.97916667 0.60546875
vt 0.99869792 0.61132812
vt 0.01692708 0.17382812
vt 0.00000000 0.11132812
vt 0.01692708 0.11523438
vt 0.06250000 0.17773438
vt 0.01692708 0.11523438
vt 0.06380208 0.13281250
vt 0.10286458 0.18554688
vt 0.06380208 0.13281250
vt 0.10416667 0.14843750
vt 0.14192708 0.19531250
vt 0.10416667 0.14843750
vt 0.14322917 0.16406250
vt 0.18098958 0.20507812
vt 0.14322917 0.16406250
vt 0.18229167 0.17968750
vt 0.21744792 0.21484375
vt 0.18229167 0.17968750
vt 0.21614583 0.18945312
vt 0.25390625 0.22070312
vt 0.21614583 0.18945312
vt 0.25651042 0.19921875
vt 0.29296875 0.22070312
vt 0.25651042 0.19921875
vt 0.29296875 0.20312500
vt 0.33203125 0.22070312
vt 0.29296875 0.20312500
vt 0.33203125 0.20312500
vt 0.70052083 0.20898438
vt 0.66666667 0.20312500
vt 0.69921875 0.19726562
vt 0.73828125 0.18750000
vt 0.69921875 0.19726562
vt 0.73567708 0.17968750
vt 0.79166667 0.12695312
vt 0.76302083 0.15429688
vt 0.79036458 0.12109375
vt 0.76692708 0.15820312
vt 0.73567708 0.17968750
vt 0.76302083 0.15429688
vt 0.82421875 0.81835938
vt 0.76432292 0.65429688
vt 0.78776042 0.82812500
vt 0.89713542 0.78515625
vt 0.85937500 0.66406250
vt 0.85937500 0.79882812
vt 0.94010417 0.77734375
vt 0.89713542 0.66796875
vt 0.89713542 0.78515625
vt 0.01692708 0.26171875
vt 0.00000000 0.17187500
vt 0.00000000 0.26562500
vt 0.06119792 0.25585938
vt 0.01692708 0.17382812
vt 0.01692708 0.26171875
vt 0.10156250 0.25390625
vt 0.06250000 0.17773438
vt 0.06119792 0.25585938
vt 0.14062500 0.25390625
vt 0.10286458 0.18554688
vt 0.10156250 0.25390625
vt 0.17968750 0.25976562
vt 0.14192708 0.19531250
vt 0.14062500 0.25390625
vt 0.21744792 0.26757812
vt 0.18098958 0.20507812
vt 0.17968750 0.25976562
vt 0.85937500 0.79882812
vt 0.82421875 0.66015625
vt 0.82421875 0.81835938
vt 0.97916667 0.76757812
vt 0.94140625 0.66796875
vt 0.94010417 0.77734375
vt 0.25260417 0.26953125
vt 0.21744792 0.21484375
vt 0.21744792 0.26757812
vt 0.29166667 0.26757812
vt 0.25390625 0.22070312
vt 0.25260417 0.26953125
vt 0.33203125 0.26171875
vt 0.29296875 0.22070312
vt 0.29166667 0.26757812
vt 0.70572917 0.24609375
vt 0.66666667 0.22070312
vt 0.66666667 0.26171875
vt 0.74218750 0.21289062
vt 0.70052083 0.20898438
vt 0.70572917 0.24609375
vt 0.79687500 0.13085938
vt 0.76692708 0.15820312
vt 0.77083333 0.17382812
vt 0.77083333 0.17382812
vt 0.73828125 0.18750000
vt 0.74218750 0.21289062
vt 0.82421875 0.81835938
vt 0.76432292 0.65429688
vt 0.82421875 0.66015625
vt 0.85937500 0.79882812
vt 0.82421875 0.66015625
vt 0.85937500 0.66406250
vt 0.89713542 0.78515625
vt 0.85937500 0.66406250
vt 0.89713542 0.66796875
vt 0.94010417 0.77734375
vt 0.89713542 0.66796875
vt 0.94140625 0.66796875
vt 0.97916667 0.76757812
vt 0.94140625 0.66796875
vt 0.97916667 0.67187500
vt 0.99869792 0.76562500
vt 0.97916667 0.67187500
vt 0.99869792 0.67187500
vt 0.01692708 0.26171875
vt 0.00000000 0.17187500
vt 0.01692708 0.17382812
vt 0.06119792 0.25585938
vt 0.01692708 0.17382812
vt 0.06250000 0.17773438
vt 0.10156250 0.25390625
vt 0.06250000 0.17773438
vt 0.10286458 0.18554688
vt 0.14062500 0.25390625
vt 0.10286458 0.18554688
vt 0.14192708 0.19531250
vt 0.17968750 0.25976562
vt 0.14192708 0.19531250
vt 0.18098958 0.20507812
vt 0.21744792 0.26757812
vt 0.18098958 0.20507812
vt 0.21744792 0.21484375
vt 0.25260417 0.26953125
vt 0.21744792 0.21484375
vt 0.25390625 0.22070312
vt 0.29166667 0.26757812
vt 0.25390625 0.22070312
vt 0.29296875 0.22070312
vt 0.33203125 0.26171875
vt 0.29296875 0.22070312
vt 0.33203125 0.22070312
vt 0.70572917 0.24609375
vt 0.66666667 0.22070312
vt 0.70052083 0.20898438
vt 0.74218750 0.21289062
vt 0.70052083 0.20898438
vt 0.73828125 0.18750000
vt 0.77083333 0.17382812
vt 0.73828125 0.18750000
vt 0.76692708 0.15820312
vt 0.79687500 0.13085938
vt 0.76692708 0.15820312
vt 0.79166667 0.12695312
vt 0.35546875 0.67578125
vt 0.37890625 0.69726562
vt 0.37630208 0.68359375
vt 0.38151042 0.66406250
vt 0.35546875 0.67578125
vt 0.37630208 0.68359375
vt 0.35546875 0.67578125
vt 0.37890625 0.69726562
vt 0.34895833 0.68945312
vt 0.38151042 0.66406250
vt 0.35546875 0.67578125
vt 0.35546875 0.65625000
vt 0.83854167 0.85546875
vt 0.85026042 0.89453125
vt 0.84895833 0.85937500
vt 0.82812500 0.85937500
vt 0.82682292 0.90429688
vt 0.83984375 0.89062500
vt 0.37890625 0.57617188
vt 0.36718750 0.59570312
vt 0.38541667 0.60156250
vt 0.37890625 0.57617188
vt 0.38541667 0.60156250
vt 0.39062500 0.58007812
vt 0.83854167 0.85546875
vt 0.85026042 0.89453125
vt 0.83984375 0.89062500
vt 0.82682292 0.90429688
vt 0.82812500 0.85937500
vt 0.83984375 0.89062500
vt 0.83463542 0.89062500
vt 0.80989583 0.87500000
vt 0.82421875 0.85937500
vt 0.84375000 0.85937500
vt 0.83463542 0.89062500
vt 0.83593750 0.85546875
vt 0.83463542 0.89062500
vt 0.84375000 0.85937500
vt 0.83593750 0.85546875
vt 0.80989583 0.87500000
vt 0.83463542 0.89062500
vt 0.82421875 0.85937500
vt 0.37239583 0.75000000
vt 0.34375000 0.75781250
vt 0.36588542 0.76562500
vt 0.37239583 0.75000000
vt 0.34375000 0.75781250
vt 0.34244792 0.74023438
vt 0.37890625 0.57617188
vt 0.36718750 0.59570312
vt 0.36848958 0.57421875
vt 0.36718750 0.59570312
vt 0.37890625 0.57617188
vt 0.38541667 0.60156250
vt 0.37890625 0.41796875
vt 0.39322917 0.42773438
vt 0.38151042 0.43359375
vt 0.38932292 0.40039062
vt 0.37890625 0.41796875
vt 0.37760417 0.40039062
vt 0.37890625 0.41796875
vt 0.38932292 0.40039062
vt 0.37760417 0.40039062
vt 0.39322917 0.42773438
vt 0.37890625 0.41796875
vt 0.38151042 0.43359375
vt 0.36588542 0.76562500
vt 0.34114583 0.77148438
vt 0.36328125 0.76953125
vt 0.34114583 0.77148438
vt 0.36588542 0.76562500
vt 0.36328125 0.76953125
vt 0.36328125 0.78320312
vt 0.34505208 0.80859375
vt 0.36328125 0.79687500
vt 0.34375000 0.79101562
vt 0.36328125 0.76953125
vt 0.34114583 0.77148438
vt 0.36328125 0.78320312
vt 0.34505208 0.80859375
vt 0.34375000 0.79101562
vt 0.36328125 0.76953125
vt 0.34375000 0.79101562
vt 0.34114583 0.77148438
vt 0.38151042 0.77539062
vt 0.39322917 0.78125000
vt 0.38802083 0.76953125
vt 0.38151042 0.77539062
vt 0.39322917 0.78125000
vt 0.38671875 0.78320312
vt 0.38281250 0.76171875
vt 0.38151042 0.77539062
vt 0.38802083 0.76953125
vt 0.38281250 0.76171875
vt 0.38151042 0.77539062
vt 0.38020833 0.76562500
vt 0.13281250 0.96875000
vt 0.13932292 0.97851562
vt 0.13802083 0.97070312
vt 0.13281250 0.96875000
vt 0.13932292 0.96484375
vt 0.13802083 0.97070312
vt 0.13932292 0.96484375
vt 0.13281250 0.96875000
vt 0.13802083 0.97070312
vt 0.13281250 0.96875000
vt 0.13932292 0.97656250
vt 0.13281250 0.97460938
vt 0.92317708 0.34179688
vt 0.99869792 0.34960938
vt 0.99869792 0.38281250
vt 0.99869792 0.38281250
vt 0.99869792 0.34179688
vt 0.92317708 0.34179688
vt 0.08072917 0.74609375
vt 0.12369792 0.72460938
vt 0.14453125 0.72460938
vt 0.08072917 0.74609375
vt 0.10286458 0.72460938
vt 0.12369792 0.72460938
vt 0.92447917 0.27148438
vt 0.92447917 0.22070312
vt 0.99869792 0.22070312
vt 0.92447917 0.27148438
vt 0.99869792 0.24609375
vt 0.99869792 0.22070312
vt 0.16927083 0.61328125
vt 0.18489583 0.62890625
vt 0.18489583 0.61914062
vt 0.02994792 0.57226562
vt 0.01692708 0.56640625
vt 0.00651042 0.56640625
vt 0.39973958 0.21875000
vt 0.37500000 0.38281250
vt 0.44401042 0.35937500
vt 0.44401042 0.35937500
vt 0.36067708 0.23046875
vt 0.39973958 0.21875000
vt 0.64062500 1.00000000
vt 0.66406250 0.96484375
vt 0.66406250 1.00000000
vt 0.60286458 1.00000000
vt 0.64062500 0.96875000
vt 0.64062500 1.00000000
vt 0.49739583 1.00000000
vt 0.51171875 0.98242188
vt 0.51171875 1.00000000
vt 0.49739583 1.00000000
vt 0.50260417 0.99023438
vt 0.51171875 0.98242188
vt 0.51171875 1.00000000
vt 0.60286458 0.97851562
vt 0.60286458 1.00000000
vt 0.33203125 0.51953125
vt 0.32682292 0.55273438
vt 0.33203125 0.55273438
vt 0.33203125 0.55273438
vt 0.32682292 0.56640625
vt 0.33203125 0.56640625
vt 0.33203125 0.56640625
vt 0.32682292 0.58007812
vt 0.33203125 0.58007812
vt 0.33203125 0.58007812
vt 0.32682292 0.61132812
vt 0.33203125 0.61328125
vt 0.33203125 0.80664062
vt 0.32682292 0.75781250
vt 0.33203125 0.77734375
vt 0.33203125 0.87304688
vt 0.32682292 0.82226562
vt 0.33203125 0.83007812
vt 0.33203125 0.75781250
vt 0.32421875 0.74609375
vt 0.33203125 0.72851562
vt 0.33203125 0.77734375
vt 0.32682292 0.82226562
vt 0.33203125 0.80664062
vt 0.33203125 0.83007812
vt 0.32682292 0.87304688
vt 0.33203125 0.87304688
vt 0.33203125 0.87304688
vt 0.32682292 0.94726562
vt 0.33203125 0.94726562
vt 0.33203125 0.94726562
vt 0.32682292 0.87304688
vt 0.33203125 0.87304688
vt 0.33203125 0.72851562
vt 0.32682292 0.75781250
vt 0.33203125 0.75781250
vt 0.33203125 0.41796875
vt 0.29947917 0.43164062
vt 0.33203125 0.43164062
vt 0.33203125 0.43164062
vt 0.29947917 0.44531250
vt 0.33203125 0.44531250
vt 0.66536458 0.59375000
vt 0.59765625 0.70312500
vt 0.66536458 0.67773438
vt 0.66536458 0.59375000
vt 0.52864583 0.72851562
vt 0.59765625 0.70312500
vt 0.62500000 0.55273438
vt 0.52864583 0.72851562
vt 0.66536458 0.59375000
vt 0.66536458 0.82812500
vt 0.65755208 0.89843750
vt 0.66536458 0.89453125
vt 0.66536458 0.89453125
vt 0.65364583 0.83398438
vt 0.66536458 0.82812500
vt 0.66536458 0.67773438
vt 0.62500000 0.55273438
vt 0.66536458 0.59375000
vt 0.66536458 0.67773438
vt 0.51692708 0.66601562
vt 0.62500000 0.55273438
vt 0.59765625 0.70312500
vt 0.51692708 0.66601562
vt 0.66536458 0.67773438
vt 0.66536458 0.90429688
vt 0.65755208 0.89843750
vt 0.66536458 0.90039062
vt 0.66536458 0.90039062
vt 0.63281250 0.91796875
vt 0.66536458 0.90429688
vt 0.66536458 0.05468750
vt 0.64583333 0.06835938
vt 0.66536458 0.06835938
vt 0.66536458 0.06835938
vt 0.64583333 0.08203125
vt 0.66536458 0.08203125
vt 0.99869792 0.67187500
vt 0.97916667 0.76757812
vt 0.99869792 0.76562500
vt 0.33333333 0.80664062
vt 0.34114583 0.80859375
vt 0.33333333 0.81640625
vt 0.33854167 0.79296875
vt 0.33333333 0.76562500
vt 0.33333333 0.77734375
vt 0.33333333 0.81640625
vt 0.33854167 0.79296875
vt 0.33333333 0.80664062
vt 0.36458333 0.87304688
vt 0.33333333 0.82226562
vt 0.35026042 0.82226562
vt 0.33333333 0.81640625
vt 0.35026042 0.82226562
vt 0.33333333 0.82226562
vt 0.33333333 0.81640625
vt 0.35026042 0.82226562
vt 0.34114583 0.80859375
vt 0.36458333 0.87304688
vt 0.33333333 0.82226562
vt 0.33333333 0.83007812
vt 0.33854167 0.77343750
vt 0.33333333 0.77734375
vt 0.33333333 0.76562500
vt 0.33333333 0.76562500
vt 0.34375000 0.75976562
vt 0.33333333 0.75781250
vt 0.87890625 0.84960938
vt 0.88932292 0.89843750
vt 0.87760417 0.89453125
vt 0.82161458 0.90429688
vt 0.79036458 0.89257812
vt 0.80989583 0.87500000
vt 0.77994792 0.89453125
vt 0.79296875 0.91210938
vt 0.78125000 0.91992188
vt 0.87760417 0.89453125
vt 0.89192708 0.83984375
vt 0.87890625 0.84960938
vt 0.79296875 0.91210938
vt 0.80989583 0.87500000
vt 0.79036458 0.89257812
vt 0.78125000 0.91992188
vt 0.79036458 0.89257812
vt 0.77994792 0.89453125
vt 0.66666667 0.58593750
vt 0.75390625 0.69531250
vt 0.66666667 0.59179688
vt 0.66666667 0.59179688
vt 0.73567708 0.65234375
vt 0.66666667 0.58593750
vt 0.99869792 0.40039062
vt 0.94661458 0.50000000
vt 0.94140625 0.46679688
vt 0.39973958 0.21875000
vt 0.51302083 0.33398438
vt 0.43880208 0.20703125
vt 0.51302083 0.33398438
vt 0.39973958 0.21875000
vt 0.43880208 0.20703125
vt 0.51692708 0.66601562
vt 0.61458333 0.53515625
vt 0.62500000 0.55273438
vt 0.51171875 0.57421875
vt 0.62500000 0.55273438
vt 0.61458333 0.53515625
vt 0.51171875 0.57421875
vt 0.51692708 0.66601562
vt 0.62500000 0.55273438
vt 0.54036458 0.39257812
vt 0.59505208 0.49609375
vt 0.60416667 0.44140625
vt 0.55989583 0.37304688
vt 0.60416667 0.44140625
vt 0.60416667 0.39648438
vt 0.76562500 0.03710938
vt 0.73567708 0.10937500
vt 0.72916667 0.08593750
vt 0.76562500 0.03710938
vt 0.75130208 0.09179688
vt 0.73567708 0.10937500
vt 0.76041667 0.00585938
vt 0.72526042 0.04687500
vt 0.72135417 0.02148438
vt 0.76562500 0.03710938
vt 0.72135417 0.02148438
vt 0.72526042 0.04687500
vt 0.87890625 0.54882812
vt 0.83203125 0.50195312
vt 0.83203125 0.52734375
vt 0.87890625 0.54882812
vt 0.85156250 0.50781250
vt 0.83203125 0.50195312
vt 0.52864583 0.14062500
vt 0.52083333 0.20312500
vt 0.54166667 0.20312500
vt 0.70572917 0.10156250
vt 0.68229167 0.11523438
vt 0.70182292 0.10351562
vt 0.51953125 0.14062500
vt 0.51171875 0.20312500
vt 0.53385417 0.20507812
vt 0.69531250 0.02929688
vt 0.67057292 0.03710938
vt 0.69270833 0.02929688
vt 0.51302083 0.14062500
vt 0.50390625 0.20312500
vt 0.52734375 0.20312500
vt 0.80598958 0.52539062
vt 0.78125000 0.52734375
vt 0.80208333 0.52734375
vt 0.67447917 0.06250000
vt 0.69921875 0.05468750
vt 0.68229167 0.06054688
vt 0.51562500 0.20312500
vt 0.52343750 0.14062500
vt 0.51171875 0.15429688
vt 0.54166667 0.20312500
vt 0.51822917 0.15429688
vt 0.52864583 0.14062500
vt 0.70182292 0.10351562
vt 0.68880208 0.11132812
vt 0.70572917 0.10156250
vt 0.53385417 0.20507812
vt 0.50911458 0.15429688
vt 0.51953125 0.14062500
vt 0.69270833 0.02929688
vt 0.67838542 0.03515625
vt 0.69531250 0.02929688
vt 0.52734375 0.20312500
vt 0.50130208 0.15429688
vt 0.51302083 0.14062500
vt 0.80208333 0.52734375
vt 0.78906250 0.52539062
vt 0.80598958 0.52539062
vt 0.53776042 0.20507812
vt 0.51171875 0.15429688
vt 0.52343750 0.14062500
vt 0.69531250 0.05468750
vt 0.68229167 0.06054688
vt 0.69921875 0.05468750
vt 0.75781250 0.41210938
vt 0.75260417 0.34179688
vt 0.72526042 0.34960938
vt 0.76171875 0.42773438
vt 0.77343750 0.40234375
vt 0.75781250 0.41210938
vt 0.76953125 0.45117188
vt 0.77734375 0.41796875
vt 0.76171875 0.42773438
vt 0.73046875 0.43750000
vt 0.71744792 0.46679688
vt 0.73437500 0.46289062
vt 0.72916667 0.41992188
vt 0.71354167 0.44140625
vt 0.73046875 0.43750000
vt 0.72526042 0.34960938
vt 0.71223958 0.42578125
vt 0.72916667 0.41992188
vt 0.68359375 0.45312500
vt 0.66666667 0.47851562
vt 0.68359375 0.47851562
vt 0.68359375 0.43554688
vt 0.66666667 0.45312500
vt 0.68359375 0.45312500
vt 0.69661458 0.35937500
vt 0.66666667 0.43554688
vt 0.68359375 0.43554688
vt 0.71354167 0.44140625
vt 0.73437500 0.46289062
vt 0.71744792 0.46679688
vt 0.71223958 0.42578125
vt 0.73046875 0.43750000
vt 0.71354167 0.44140625
vt 0.69661458 0.35937500
vt 0.72916667 0.41992188
vt 0.71223958 0.42578125
vt 0.68359375 0.45312500
vt 0.66666667 0.43554688
vt 0.68359375 0.43554688
vt 0.68359375 0.47851562
vt 0.66666667 0.45312500
vt 0.68359375 0.45312500
vt 0.76171875 0.42773438
vt 0.78515625 0.44140625
vt 0.76953125 0.45117188
vt 0.75781250 0.41210938
vt 0.77734375 0.41796875
vt 0.76171875 0.42773438
vt 0.72526042 0.34960938
vt 0.77343750 0.40234375
vt 0.75781250 0.41210938
vt 0.80208333 0.50195312
vt 0.78906250 0.50195312
vt 0.80598958 0.50195312
vt 0.52734375 0.20507812
vt 0.50130208 0.15429688
vt 0.51302083 0.14062500
vt 0.78125000 0.50195312
vt 0.80598958 0.50195312
vt 0.78906250 0.50195312
vt 0.50390625 0.20312500
vt 0.51302083 0.14062500
vt 0.50130208 0.15429688
vt 0.68359375 0.43554688
vt 0.66796875 0.36718750
vt 0.69661458 0.35937500
vt 0.70703125 0.09960938
vt 0.73567708 0.10937500
vt 0.72916667 0.08593750
vt 0.70182292 0.10351562
vt 0.71354167 0.12304688
vt 0.70703125 0.09960938
vt 0.68229167 0.11523438
vt 0.70833333 0.12695312
vt 0.70182292 0.10351562
vt 0.69531250 0.05468750
vt 0.67057292 0.03710938
vt 0.67447917 0.06250000
vt 0.70182292 0.05273438
vt 0.69270833 0.02929688
vt 0.69531250 0.05468750
vt 0.72526042 0.04687500
vt 0.69921875 0.02734375
vt 0.70182292 0.05273438
vt 0.80208333 0.52734375
vt 0.78125000 0.50195312
vt 0.78125000 0.52734375
vt 0.80859375 0.52734375
vt 0.80208333 0.50195312
vt 0.80208333 0.52734375
vt 0.83203125 0.52734375
vt 0.80859375 0.50195312
vt 0.80859375 0.52734375
vt 0.80859375 0.52734375
vt 0.83203125 0.50195312
vt 0.83203125 0.52734375
vt 0.80208333 0.52734375
vt 0.80859375 0.50195312
vt 0.80859375 0.52734375
vt 0.78125000 0.52734375
vt 0.80208333 0.50195312
vt 0.80208333 0.52734375
vt 0.69270833 0.02929688
vt 0.67447917 0.06250000
vt 0.67057292 0.03710938
vt 0.69921875 0.02734375
vt 0.69531250 0.05468750
vt 0.69270833 0.02929688
vt 0.72135417 0.02148438
vt 0.70182292 0.05273438
vt 0.69921875 0.02734375
vt 0.70182292 0.10351562
vt 0.68880208 0.13867188
vt 0.68229167 0.11523438
vt 0.70703125 0.09960938
vt 0.70833333 0.12695312
vt 0.70182292 0.10351562
vt 0.72916667 0.08593750
vt 0.71354167 0.12304688
vt 0.70703125 0.09960938
vt 0.74739583 0.94531250
vt 0.76302083 0.90429688
vt 0.74609375 0.91992188
vt 0.77473958 0.90625000
vt 0.76692708 0.93750000
vt 0.78125000 0.91992188
vt 0.74479167 0.92773438
vt 0.73046875 0.93945312
vt 0.74739583 0.94531250
vt 0.76302083 0.90429688
vt 0.78125000 0.91992188
vt 0.76692708 0.93750000
vt 0.74609375 0.91992188
vt 0.76692708 0.93750000
vt 0.74739583 0.94531250
vt 0.73046875 0.92578125
vt 0.74739583 0.94531250
vt 0.73046875 0.93945312
vt 0.73177083 0.92578125
vt 0.74869792 0.94726562
vt 0.73177083 0.93945312
vt 0.74739583 0.91992188
vt 0.76953125 0.93750000
vt 0.74869792 0.94726562
vt 0.73437500 0.92578125
vt 0.75130208 0.94726562
vt 0.73567708 0.93945312
vt 0.75000000 0.91992188
vt 0.76953125 0.93750000
vt 0.75130208 0.94726562
vt 0.74869792 0.92773438
vt 0.73567708 0.93945312
vt 0.75130208 0.94726562
vt 0.74609375 0.92773438
vt 0.73177083 0.93945312
vt 0.74869792 0.94726562
vt 0.76432292 0.90429688
vt 0.75130208 0.94726562
vt 0.76953125 0.93750000
vt 0.76432292 0.90429688
vt 0.74869792 0.94726562
vt 0.76953125 0.93750000
vt 0.36328125 0.43359375
vt 0.35026042 0.44921875
vt 0.34895833 0.43750000
vt 0.36458333 0.43359375
vt 0.36458333 0.44335938
vt 0.36328125 0.43359375
vt 0.37890625 0.41796875
vt 0.36718750 0.44335938
vt 0.36458333 0.43359375
vt 0.36067708 0.41210938
vt 0.34505208 0.40625000
vt 0.34635417 0.41601562
vt 0.36197917 0.41210938
vt 0.35937500 0.40039062
vt 0.36067708 0.41210938
vt 0.37890625 0.41796875
vt 0.36067708 0.40039062
vt 0.36197917 0.41210938
vt 0.39062500 0.55078125
vt 0.39062500 0.58007812
vt 0.37890625 0.57617188
vt 0.39322917 0.52734375
vt 0.39713542 0.55273438
vt 0.39062500 0.55078125
vt 0.37630208 0.54687500
vt 0.37239583 0.51953125
vt 0.37890625 0.52148438
vt 0.37890625 0.57617188
vt 0.36848958 0.54492188
vt 0.37630208 0.54687500
vt 0.37890625 0.52148438
vt 0.36848958 0.54492188
vt 0.37630208 0.54687500
vt 0.39062500 0.55078125
vt 0.40104167 0.52929688
vt 0.39322917 0.52734375
vt 0.37890625 0.57617188
vt 0.39713542 0.55273438
vt 0.39062500 0.55078125
vt 0.33333333 0.75781250
vt 0.33854167 0.77343750
vt 0.33333333 0.76562500
vt 0.28385417 0.74804688
vt 0.26171875 0.74609375
vt 0.25781250 0.75000000
vt 0.25781250 0.75000000
vt 0.23307292 0.74609375
vt 0.22916667 0.75195312
vt 0.22916667 0.75195312
vt 0.19531250 0.74609375
vt 0.19270833 0.75000000
vt 0.19270833 0.75000000
vt 0.15364583 0.74609375
vt 0.15364583 0.75195312
vt 0.33203125 0.68359375
vt 0.29166667 0.67773438
vt 0.29166667 0.68359375
vt 0.29166667 0.68359375
vt 0.25260417 0.67773438
vt 0.25260417 0.68554688
vt 0.25260417 0.68554688
vt 0.21744792 0.67773438
vt 0.21744792 0.68750000
vt 0.21744792 0.68750000
vt 0.17968750 0.67773438
vt 0.17968750 0.68750000
vt 0.17968750 0.68750000
vt 0.14062500 0.67773438
vt 0.14062500 0.68750000
vt 0.14062500 0.68750000
vt 0.10156250 0.67773438
vt 0.10156250 0.68945312
vt 0.10156250 0.68945312
vt 0.06119792 0.67773438
vt 0.06119792 0.69140625
vt 0.06119792 0.69140625
vt 0.01692708 0.67773438
vt 0.01692708 0.69140625
vt 0.01692708 0.69140625
vt 0.00000000 0.67773438
vt 0.00000000 0.69140625
vt 0.64583333 0.08203125
vt 0.60677083 0.06835938
vt 0.60677083 0.08203125
vt 0.60677083 0.08203125
vt 0.56380208 0.06835938
vt 0.56380208 0.08203125
vt 0.56380208 0.08203125
vt 0.52604167 0.06835938
vt 0.52604167 0.08203125
vt 0.52604167 0.08203125
vt 0.49088542 0.06835938
vt 0.49088542 0.08203125
vt 0.49088542 0.08203125
vt 0.45442708 0.06835938
vt 0.45442708 0.08203125
vt 0.45442708 0.08203125
vt 0.41666667 0.06835938
vt 0.41666667 0.08203125
vt 0.41666667 0.08203125
vt 0.37890625 0.06835938
vt 0.37890625 0.08203125
vt 0.37890625 0.08203125
vt 0.34114583 0.06835938
vt 0.34114583 0.08203125
vt 0.33333333 0.08203125
vt 0.34114583 0.06835938
vt 0.33333333 0.06835938
vt 0.29947917 0.44531250
vt 0.25911458 0.43164062
vt 0.25911458 0.44531250
vt 0.22005208 0.44531250
vt 0.18359375 0.43164062
vt 0.18359375 0.44531250
vt 0.25911458 0.44531250
vt 0.22005208 0.43164062
vt 0.22005208 0.44531250
vt 0.18359375 0.44531250
vt 0.10937500 0.43164062
vt 0.10937500 0.44531250
vt 0.10937500 0.44531250
vt 0.03385417 0.43164062
vt 0.03385417 0.44531250
vt 0.03385417 0.44531250
vt 0.00000000 0.43164062
vt 0.00000000 0.44531250
vt 0.22005208 0.43164062
vt 0.18359375 0.41796875
vt 0.18359375 0.43164062
vt 0.25911458 0.43164062
vt 0.22005208 0.41796875
vt 0.22005208 0.43164062
vt 0.29947917 0.43164062
vt 0.25911458 0.41796875
vt 0.25911458 0.43164062
vt 0.34114583 0.06835938
vt 0.33333333 0.05468750
vt 0.33333333 0.06835938
vt 0.37890625 0.06835938
vt 0.34114583 0.05468750
vt 0.34114583 0.06835938
vt 0.41666667 0.06835938
vt 0.37890625 0.05468750
vt 0.37890625 0.06835938
vt 0.45442708 0.06835938
vt 0.41666667 0.05468750
vt 0.41666667 0.06835938
vt 0.49088542 0.06835938
vt 0.45442708 0.05468750
vt 0.45442708 0.06835938
vt 0.52604167 0.06835938
vt 0.49088542 0.05468750
vt 0.49088542 0.06835938
vt 0.56380208 0.06835938
vt 0.52604167 0.05468750
vt 0.52604167 0.06835938
vt 0.60677083 0.06835938
vt 0.56380208 0.05468750
vt 0.56380208 0.06835938
vt 0.64583333 0.06835938
vt 0.60677083 0.05468750
vt 0.60677083 0.06835938
vt 0.01692708 0.67773438
vt 0.00000000 0.66406250
vt 0.00000000 0.67773438
vt 0.06119792 0.67773438
vt 0.01692708 0.66406250
vt 0.01692708 0.67773438
vt 0.10156250 0.67773438
vt 0.06119792 0.66406250
vt 0.06119792 0.67773438
vt 0.14062500 0.67773438
vt 0.10156250 0.66601562
vt 0.10156250 0.67773438
vt 0.17968750 0.67773438
vt 0.14062500 0.66796875
vt 0.14062500 0.67773438
vt 0.21744792 0.67773438
vt 0.17968750 0.66796875
vt 0.17968750 0.67773438
vt 0.25260417 0.67773438
vt 0.21744792 0.66796875
vt 0.21744792 0.67773438
vt 0.29166667 0.67773438
vt 0.25260417 0.66992188
vt 0.25260417 0.67773438
vt 0.33203125 0.67773438
vt 0.29166667 0.67187500
vt 0.29166667 0.67773438
vt 0.19531250 0.74609375
vt 0.15364583 0.74023438
vt 0.15364583 0.74609375
vt 0.23307292 0.74609375
vt 0.19270833 0.74218750
vt 0.19531250 0.74609375
vt 0.26171875 0.74609375
vt 0.22916667 0.74023438
vt 0.23307292 0.74609375
vt 0.28645833 0.74609375
vt 0.25781250 0.74218750
vt 0.26171875 0.74609375
vt 0.03385417 0.43164062
vt 0.00000000 0.41796875
vt 0.00000000 0.43164062
vt 0.10937500 0.43164062
vt 0.03385417 0.41796875
vt 0.03385417 0.43164062
vt 0.18359375 0.43164062
vt 0.10937500 0.41796875
vt 0.10937500 0.43164062
vt 0.75260417 0.91992188
vt 0.77083333 0.93750000
vt 0.75260417 0.94726562
vt 0.75260417 0.94726562
vt 0.76692708 0.90429688
vt 0.75260417 0.91992188
vt 0.66796875 0.36718750
vt 0.73177083 0.27539062
vt 0.67057292 0.29492188
vt 0.66796875 0.36718750
vt 0.75260417 0.34179688
vt 0.73177083 0.27539062
vt 0.69661458 0.35937500
vt 0.75260417 0.34179688
vt 0.66796875 0.36718750
vt 0.87500000 0.51953125
vt 0.83203125 0.50195312
vt 0.85156250 0.50781250
vt 0.87500000 0.51953125
vt 0.83203125 0.52734375
vt 0.83203125 0.50195312
vt 0.08203125 0.74609375
vt 0.10286458 0.72460938
vt 0.08333333 0.72460938
vt 0.08203125 0.74609375
vt 0.12369792 0.72460938
vt 0.10286458 0.72460938
vt 0.91927083 0.13476562
vt 0.97135417 0.11523438
vt 0.91406250 0.11523438
vt 0.92447917 0.27148438
vt 0.92447917 0.22070312
vt 0.92447917 0.24609375
vt 0.34895833 0.43750000
vt 0.36458333 0.44335938
vt 0.36328125 0.43359375
vt 0.36328125 0.43359375
vt 0.36718750 0.44335938
vt 0.36458333 0.43359375
vt 0.36458333 0.43359375
vt 0.38151042 0.43359375
vt 0.37890625 0.41796875
vt 0.38932292 0.40039062
vt 0.39843750 0.42578125
vt 0.39453125 0.39843750
vt 0.39453125 0.39843750
vt 0.40885417 0.42382812
vt 0.40494792 0.39453125
vt 0.40494792 0.39453125
vt 0.42968750 0.42187500
vt 0.42447917 0.38476562
vt 0.36848958 0.57421875
vt 0.37630208 0.54687500
vt 0.36848958 0.54492188
vt 0.36458333 0.61328125
vt 0.38541667 0.60156250
vt 0.36718750 0.59570312
vt 0.35546875 0.65625000
vt 0.38411458 0.61914062
vt 0.36458333 0.61328125
vt 0.89713542 0.89843750
vt 0.89322917 0.84570312
vt 0.89453125 0.89843750
vt 0.89713542 0.89843750
vt 0.89973958 0.84179688
vt 0.89322917 0.84570312
vt 0.90625000 0.89843750
vt 0.89973958 0.84179688
vt 0.89713542 0.89843750
vt 0.90625000 0.89843750
vt 0.90625000 0.83593750
vt 0.89973958 0.84179688
vt 0.91536458 0.89453125
vt 0.90625000 0.83593750
vt 0.90625000 0.89843750
vt 0.91536458 0.89453125
vt 0.91406250 0.83593750
vt 0.90625000 0.83593750
vt 0.92187500 0.88476562
vt 0.91406250 0.83593750
vt 0.91536458 0.89453125
vt 0.92187500 0.88476562
vt 0.92187500 0.85156250
vt 0.91406250 0.83593750
vt 0.73567708 0.92578125
vt 0.75260417 0.94726562
vt 0.75000000 0.92773438
vt 0.76692708 0.90429688
vt 0.78515625 0.91992188
vt 0.77864583 0.90625000
vt 0.78385417 0.89453125
vt 0.79687500 0.91210938
vt 0.79427083 0.89257812
vt 0.79427083 0.89257812
vt 0.82682292 0.90429688
vt 0.81510417 0.87500000
vt 0.89322917 0.84570312
vt 0.88411458 0.89453125
vt 0.89453125 0.89843750
vt 0.73567708 0.92578125
vt 0.75260417 0.94726562
vt 0.73697917 0.93945312
vt 0.76692708 0.90429688
vt 0.78515625 0.91992188
vt 0.77083333 0.93750000
vt 0.78515625 0.91992188
vt 0.79427083 0.89257812
vt 0.79687500 0.91210938
vt 0.79427083 0.89257812
vt 0.82682292 0.90429688
vt 0.79687500 0.91210938
vt 0.89713542 0.89843750
vt 0.91536458 0.89453125
vt 0.90625000 0.89843750
vt 0.89713542 0.89843750
vt 0.92187500 0.88476562
vt 0.91536458 0.89453125
vt 0.89453125 0.89843750
vt 0.92187500 0.88476562
vt 0.89713542 0.89843750
vt 0.89453125 0.89843750
vt 0.92578125 0.87109375
vt 0.92187500 0.88476562
vt 0.89322917 0.84570312
vt 0.92578125 0.87109375
vt 0.89453125 0.89843750
vt 0.89322917 0.84570312
vt 0.92187500 0.85156250
vt 0.92578125 0.87109375
vt 0.89973958 0.84179688
vt 0.92187500 0.85156250
vt 0.89322917 0.84570312
vt 0.89973958 0.84179688
vt 0.91406250 0.83593750
vt 0.92187500 0.85156250
vt 0.89322917 0.84570312
vt 0.88411458 0.89453125
vt 0.88411458 0.84960938
vt 0.37239583 0.75000000
vt 0.34895833 0.68945312
vt 0.37890625 0.69726562
vt 0.36458333 0.61328125
vt 0.38151042 0.66406250
vt 0.35546875 0.65625000
vt 0.36718750 0.59570312
vt 0.38411458 0.61914062
vt 0.36458333 0.61328125
vt 0.34635417 0.41601562
vt 0.35937500 0.40039062
vt 0.36067708 0.41210938
vt 0.36067708 0.40039062
vt 0.36067708 0.41210938
vt 0.35937500 0.40039062
vt 0.36197917 0.41210938
vt 0.37760417 0.40039062
vt 0.37890625 0.41796875
vt 0.39453125 0.39843750
vt 0.39322917 0.42773438
vt 0.38932292 0.40039062
vt 0.40885417 0.42382812
vt 0.39453125 0.39843750
vt 0.40494792 0.39453125
vt 0.42447917 0.38476562
vt 0.40885417 0.42382812
vt 0.40494792 0.39453125
vt 0.42968750 0.42187500
vt 0.43880208 0.38281250
vt 0.44270833 0.41601562
vt 0.44270833 0.41601562
vt 0.42447917 0.38476562
vt 0.42968750 0.42187500
vt 0.45052083 0.38671875
vt 0.44270833 0.41601562
vt 0.45312500 0.40429688
vt 0.45833333 0.37695312
vt 0.45312500 0.40429688
vt 0.46354167 0.40820312
vt 0.47526042 0.36523438
vt 0.46354167 0.40820312
vt 0.48177083 0.41015625
vt 0.49348958 0.36523438
vt 0.48177083 0.41015625
vt 0.49869792 0.39843750
vt 0.50651042 0.37695312
vt 0.49869792 0.39843750
vt 0.50781250 0.39648438
vt 0.38541667 0.79687500
vt 0.39322917 0.78125000
vt 0.38671875 0.78320312
vt 0.93229167 0.89062500
vt 0.92578125 0.87109375
vt 0.92187500 0.88476562
vt 0.37890625 0.69726562
vt 0.34244792 0.74023438
vt 0.37239583 0.75000000
vt 0.93619792 0.87109375
vt 0.92187500 0.88476562
vt 0.92578125 0.87109375
vt 0.39322917 0.78125000
vt 0.38541667 0.79687500
vt 0.38671875 0.78320312
vt 0.49348958 0.36523438
vt 0.50781250 0.39648438
vt 0.49869792 0.39843750
vt 0.47526042 0.36523438
vt 0.49869792 0.39843750
vt 0.48177083 0.41015625
vt 0.45833333 0.37695312
vt 0.48177083 0.41015625
vt 0.46354167 0.40820312
vt 0.45052083 0.38671875
vt 0.46354167 0.40820312
vt 0.45312500 0.40429688
vt 0.43880208 0.38281250
vt 0.45312500 0.40429688
vt 0.44270833 0.41601562
vt 0.70182292 0.73632812
vt 0.76171875 0.75390625
vt 0.75390625 0.69531250
vt 0.70182292 0.79492188
vt 0.76171875 0.75390625
vt 0.70572917 0.76367188
vt 0.69010417 0.81250000
vt 0.75651042 0.81835938
vt 0.70182292 0.79492188
vt 0.69010417 0.81250000
vt 0.69401042 0.88476562
vt 0.73177083 0.85742188
vt 0.66666667 0.89453125
vt 0.67057292 0.82617188
vt 0.66666667 0.82812500
vt 0.61197917 0.83789062
vt 0.65755208 0.89843750
vt 0.65364583 0.83398438
vt 0.59114583 0.83398438
vt 0.61588542 0.90429688
vt 0.61197917 0.83789062
vt 0.57291667 0.82031250
vt 0.58203125 0.89453125
vt 0.59114583 0.83398438
vt 0.55468750 0.86523438
vt 0.56250000 0.79882812
vt 0.53776042 0.81835938
vt 0.53776042 0.81835938
vt 0.55729167 0.77148438
vt 0.52864583 0.76171875
vt 0.55729167 0.77148438
vt 0.52864583 0.72851562
vt 0.52864583 0.76171875
vt 0.55729167 0.77148438
vt 0.53776042 0.81835938
vt 0.52864583 0.76171875
vt 0.56250000 0.79882812
vt 0.55468750 0.86523438
vt 0.53776042 0.81835938
vt 0.59114583 0.83398438
vt 0.55468750 0.86523438
vt 0.57291667 0.82031250
vt 0.61197917 0.83789062
vt 0.58203125 0.89453125
vt 0.59114583 0.83398438
vt 0.65364583 0.83398438
vt 0.61588542 0.90429688
vt 0.61197917 0.83789062
vt 0.67057292 0.82617188
vt 0.66666667 0.89453125
vt 0.66666667 0.82812500
vt 0.69010417 0.81250000
vt 0.69401042 0.88476562
vt 0.67057292 0.82617188
vt 0.70182292 0.79492188
vt 0.73177083 0.85742188
vt 0.69010417 0.81250000
vt 0.70572917 0.76367188
vt 0.75651042 0.81835938
vt 0.70182292 0.79492188
vt 0.70182292 0.73632812
vt 0.76171875 0.75390625
vt 0.70572917 0.76367188
vt 0.94140625 0.46679688
vt 0.98437500 0.43359375
vt 0.99869792 0.40039062
vt 0.67057292 0.29492188
vt 0.69661458 0.35937500
vt 0.66796875 0.36718750
vt 0.67057292 0.29492188
vt 0.72526042 0.34960938
vt 0.69661458 0.35937500
vt 0.73177083 0.27539062
vt 0.72526042 0.34960938
vt 0.67057292 0.29492188
vt 0.72916667 0.08593750
vt 0.76953125 0.06640625
vt 0.76562500 0.03710938
vt 0.72916667 0.08593750
vt 0.75130208 0.09179688
vt 0.76953125 0.06640625
vt 0.99869792 0.22070312
vt 0.99869792 0.27148438
vt 0.92447917 0.27148438
vt 0.55468750 0.75585938
vt 0.52864583 0.76171875
vt 0.52864583 0.72851562
vt 0.69661458 0.13476562
vt 0.70833333 0.12695312
vt 0.68880208 0.13867188
vt 0.52734375 0.20312500
vt 0.53515625 0.14062500
vt 0.54817708 0.20507812
vt 0.69661458 0.13476562
vt 0.70833333 0.12695312
vt 0.71223958 0.12500000
vt 0.52473958 0.15429688
vt 0.54817708 0.20507812
vt 0.53515625 0.14062500
vt 0.66666667 0.57812500
vt 0.67838542 0.54687500
vt 0.73567708 0.65234375
vt 0.66666667 0.89453125
vt 0.67447917 0.90234375
vt 0.66666667 0.90039062
vt 0.55338542 0.91015625
vt 0.53776042 0.81835938
vt 0.55468750 0.86523438
vt 0.69401042 0.88476562
vt 0.66666667 0.90039062
vt 0.67447917 0.90234375
vt 0.55338542 0.91015625
vt 0.53776042 0.81835938
vt 0.51692708 0.93164062
vt 0.66666667 0.57812500
vt 0.67838542 0.54687500
vt 0.66666667 0.54492188
vt 0.00130208 1.00000000
vt 0.00000000 0.99804688
vt 0.00130208 1.00000000
vt 0.00000000 1.00000000
vt 0.00130208 1.00000000
vt 0.00000000 0.99804688
vt 0.00130208 1.00000000
vt 0.00130208 1.00000000
vt 0.00000000 1.00000000
vt 0.13281250 0.96289062
vt 0.14192708 0.96093750
vt 0.13932292 0.96484375
vt 0.13932292 0.96484375
vt 0.13541667 0.95898438
vt 0.13281250 0.96289062
vt 0.00000000 1.00000000
vt 0.00000000 0.99804688
vt 0.00000000 1.00000000
vt 0.00000000 1.00000000
vt 0.00130208 1.00000000
vt 0.00000000 1.00000000
vt 0.00130208 1.00000000
vt 0.00000000 1.00000000
vt 0.00130208 1.00000000
vt 0.00130208 1.00000000
vt 0.00000000 1.00000000
vt 0.00130208 1.00000000
vt 0.00000000 1.00000000
vt 0.00000000 1.00000000
vt 0.00000000 1.00000000
vt 0.00000000 1.00000000
vt 0.00000000 1.00000000
vt 0.00000000 1.00000000
vt 0.00000000 1.00000000
vt 0.00000000 1.00000000
vt 0.00000000 1.00000000
vt 0.00000000 1.00000000
vt 0.00130208 1.00000000
vt 0.00000000 1.00000000
vt 0.00130208 1.00000000
vt 0.00000000 1.00000000
vt 0.00130208 1.00000000
vt 0.00000000 1.00000000
vt 0.00000000 0.99804688
vt 0.00000000 1.00000000
vt 0.00000000 1.00000000
vt 0.00000000 1.00000000
vt 0.00000000 0.99804688
vt 0.19140625 0.94726562
vt 0.16015625 0.93945312
vt 0.17187500 0.91796875
vt 0.16536458 0.50781250
vt 0.16927083 0.51953125
vt 0.17447917 0.50781250
vt 0.17447917 0.62500000
vt 0.16536458 0.61914062
vt 0.16536458 0.62500000
vt 0.14843750 0.98437500
vt 0.13932292 0.97851562
vt 0.14453125 0.98437500
vt 0.14453125 0.97265625
vt 0.15364583 0.95312500
vt 0.14192708 0.96093750
vt 0.14192708 0.96093750
vt 0.14322917 0.94531250
vt 0.13541667 0.95898438
vt 0.13411458 0.97851562
vt 0.12890625 0.96484375
vt 0.13281250 0.97460938
vt 0.15625000 0.95703125
vt 0.17838542 0.96093750
vt 0.17838542 0.94726562
vt 0.14713542 0.94726562
vt 0.13541667 0.95898438
vt 0.14322917 0.94531250
vt 0.15625000 0.95703125
vt 0.14192708 0.96093750
vt 0.15364583 0.95312500
vt 0.14453125 0.98437500
vt 0.14453125 0.97265625
vt 0.14843750 0.98437500
vt 0.13281250 0.97460938
vt 0.13281250 0.97460938
vt 0.13411458 0.97851562
vt 0.17838542 0.94726562
vt 0.15755208 0.96875000
vt 0.15625000 0.95703125
vt 0.16927083 0.98437500
vt 0.15364583 0.98437500
vt 0.15755208 0.96875000
vt 0.17447917 0.99218750
vt 0.17838542 0.96093750
vt 0.18619792 0.96289062
vt 0.16927083 0.98437500
vt 0.18619792 0.96289062
vt 0.17838542 0.96093750
vt 0.15755208 0.96875000
vt 0.16536458 0.99609375
vt 0.16927083 0.98437500
vt 0.13932292 0.97851562
vt 0.13411458 0.97851562
vt 0.13932292 0.98242188
vt 0.13411458 0.97851562
vt 0.13932292 0.97656250
vt 0.13932292 0.98242188
vt 0.13020833 0.95898438
vt 0.13541667 0.95898438
vt 0.12890625 0.96679688
vt 0.13020833 0.95898438
vt 0.13541667 0.95898438
vt 0.13411458 0.95117188
vt 0.17838542 0.12304688
vt 0.26953125 0.14843750
vt 0.17838542 0.14453125
vt 0.86979167 0.27929688
vt 0.86718750 0.30273438
vt 0.86848958 0.29296875
vt 0.86979167 0.27929688
vt 0.86588542 0.31640625
vt 0.86718750 0.30273438
vt 0.86458333 0.37500000
vt 0.86588542 0.31640625
vt 0.86979167 0.27929688
vt 0.86458333 0.37500000
vt 0.86458333 0.32812500
vt 0.86588542 0.31640625
vt 0.86067708 0.37109375
vt 0.86458333 0.32812500
vt 0.86458333 0.37500000
vt 0.86067708 0.37109375
vt 0.86328125 0.34179688
vt 0.86458333 0.32812500
vt 0.85937500 0.36718750
vt 0.86328125 0.34179688
vt 0.86067708 0.37109375
vt 0.89843750 0.22656250
vt 0.88932292 0.21875000
vt 0.89453125 0.22070312
vt 0.89843750 0.22656250
vt 0.88541667 0.21875000
vt 0.88932292 0.21875000
vt 0.89973958 0.23828125
vt 0.88541667 0.21875000
vt 0.89843750 0.22656250
vt 0.89973958 0.23828125
vt 0.88020833 0.22070312
vt 0.88541667 0.21875000
vt 0.90104167 0.25195312
vt 0.88020833 0.22070312
vt 0.89973958 0.23828125
vt 0.90104167 0.25195312
vt 0.87630208 0.22656250
vt 0.88020833 0.22070312
vt 0.90234375 0.26562500
vt 0.87630208 0.22656250
vt 0.90104167 0.25195312
vt 0.90234375 0.26562500
vt 0.87500000 0.23828125
vt 0.87630208 0.22656250
vt 0.90364583 0.27929688
vt 0.87500000 0.23828125
vt 0.90234375 0.26562500
vt 0.90364583 0.27929688
vt 0.87369792 0.25195312
vt 0.87500000 0.23828125
vt 0.86979167 0.27929688
vt 0.87369792 0.25195312
vt 0.90364583 0.27929688
vt 0.90364583 0.27929688
vt 0.86458333 0.37500000
vt 0.86979167 0.27929688
vt 0.91666667 0.34765625
vt 0.91406250 0.36718750
vt 0.91276042 0.35546875
vt 0.86197917 0.35546875
vt 0.85546875 0.36328125
vt 0.85807292 0.34765625
vt 0.17838542 0.12304688
vt 0.16406250 0.12500000
vt 0.16406250 0.12304688
vt 0.17838542 0.12304688
vt 0.16536458 0.13085938
vt 0.16406250 0.12500000
vt 0.17838542 0.14453125
vt 0.16536458 0.13085938
vt 0.17838542 0.12304688
vt 0.37239583 0.49218750
vt 0.37890625 0.49218750
vt 0.38151042 0.49218750
vt 0.36718750 0.49414062
vt 0.36848958 0.49414062
vt 0.36718750 0.49414062
vt 0.38151042 0.49218750
vt 0.37760417 0.47851562
vt 0.37239583 0.49218750
vt 0.17838542 0.14453125
vt 0.19661458 0.15429688
vt 0.18619792 0.15039062
vt 0.17838542 0.14453125
vt 0.20572917 0.15820312
vt 0.19661458 0.15429688
vt 0.26953125 0.14843750
vt 0.20572917 0.15820312
vt 0.17838542 0.14453125
vt 0.26953125 0.14843750
vt 0.21223958 0.16210938
vt 0.20572917 0.15820312
vt 0.27343750 0.16210938
vt 0.21223958 0.16210938
vt 0.26953125 0.14843750
vt 0.27343750 0.16210938
vt 0.22265625 0.16406250
vt 0.21223958 0.16210938
vt 0.26953125 0.16406250
vt 0.22265625 0.16406250
vt 0.27343750 0.16210938
vt 0.26953125 0.16406250
vt 0.23177083 0.16406250
vt 0.22265625 0.16406250
vt 0.26432292 0.16406250
vt 0.23177083 0.16406250
vt 0.26953125 0.16406250
vt 0.26432292 0.16406250
vt 0.24088542 0.16406250
vt 0.23177083 0.16406250
vt 0.25781250 0.16406250
vt 0.24088542 0.16406250
vt 0.26432292 0.16406250
vt 0.59765625 0.96289062
vt 0.58203125 0.96289062
vt 0.59114583 0.96289062
vt 0.59765625 0.96289062
vt 0.57421875 0.96289062
vt 0.58203125 0.96289062
vt 0.60286458 0.96289062
vt 0.57421875 0.96289062
vt 0.59765625 0.96289062
vt 0.60286458 0.96289062
vt 0.56510417 0.96484375
vt 0.57421875 0.96289062
vt 0.60677083 0.96484375
vt 0.56510417 0.96484375
vt 0.60286458 0.96289062
vt 0.60677083 0.96484375
vt 0.55598958 0.96484375
vt 0.56510417 0.96484375
vt 0.60286458 0.97851562
vt 0.55598958 0.96484375
vt 0.60677083 0.96484375
vt 0.60286458 0.97851562
vt 0.54557292 0.96679688
vt 0.55598958 0.96484375
vt 0.51171875 0.98242188
vt 0.54557292 0.96679688
vt 0.60286458 0.97851562
vt 0.51171875 0.98242188
vt 0.53906250 0.97070312
vt 0.54557292 0.96679688
vt 0.51953125 0.97656250
vt 0.53906250 0.97070312
vt 0.51171875 0.98242188
vt 0.16145833 0.13085938
vt 0.16276042 0.12304688
vt 0.16406250 0.12500000
vt 0.36458333 0.49414062
vt 0.36718750 0.49414062
vt 0.36588542 0.49414062
vt 0.60286458 0.95703125
vt 0.59765625 0.96289062
vt 0.59505208 0.95703125
vt 0.91276042 0.35546875
vt 0.91015625 0.32812500
vt 0.91145833 0.34179688
vt 0.91276042 0.35546875
vt 0.90885417 0.31640625
vt 0.91015625 0.32812500
vt 0.91406250 0.36718750
vt 0.90885417 0.31640625
vt 0.91276042 0.35546875
vt 0.91406250 0.36718750
vt 0.90625000 0.30273438
vt 0.90885417 0.31640625
vt 0.91406250 0.37109375
vt 0.90625000 0.30273438
vt 0.91406250 0.36718750
vt 0.91406250 0.37109375
vt 0.90494792 0.29296875
vt 0.90625000 0.30273438
vt 0.91015625 0.37500000
vt 0.90494792 0.29296875
vt 0.91406250 0.37109375
vt 0.26171875 0.16992188
vt 0.26953125 0.16406250
vt 0.26953125 0.16992188
vt 0.88541667 0.44140625
vt 0.91536458 0.50000000
vt 0.91276042 0.44140625
vt 0.88541667 0.44140625
vt 0.85937500 0.50000000
vt 0.91536458 0.50000000
vt 0.20312500 0.93359375
vt 0.17187500 0.91796875
vt 0.17187500 0.91992188
vt 0.17187500 0.91992188
vt 0.19921875 0.93164062
vt 0.20312500 0.93359375
vt 0.14322917 0.90039062
vt 0.17187500 0.91796875
vt 0.17187500 0.91992188
vt 0.11067708 0.90429688
vt 0.14192708 0.89843750
vt 0.14322917 0.90039062
vt 0.14322917 0.90039062
vt 0.11067708 0.90625000
vt 0.11067708 0.90429688
vt 0.20312500 0.93359375
vt 0.15625000 0.85742188
vt 0.15755208 0.85742188
vt 0.12239583 0.85351562
vt 0.15625000 0.85742188
vt 0.15755208 0.85742188
vt 0.15755208 0.85742188
vt 0.12109375 0.85156250
vt 0.12239583 0.85351562
vt 0.12239583 0.85351562
vt 0.10286458 0.83984375
vt 0.11197917 0.84570312
vt 0.12239583 0.85351562
vt 0.09375000 0.83593750
vt 0.10286458 0.83984375
vt 0.12109375 0.85156250
vt 0.09375000 0.83593750
vt 0.12239583 0.85351562
vt 0.12109375 0.85156250
vt 0.08593750 0.83007812
vt 0.09375000 0.83593750
vt 0.07291667 0.82031250
vt 0.08593750 0.83007812
vt 0.12109375 0.85156250
vt 0.07291667 0.82031250
vt 0.07682292 0.82421875
vt 0.08593750 0.83007812
vt 0.07291667 0.82031250
vt 0.02864583 0.80859375
vt 0.02734375 0.80859375
vt 0.07291667 0.82031250
vt 0.03515625 0.81054688
vt 0.02864583 0.80859375
vt 0.07291667 0.82226562
vt 0.03515625 0.81054688
vt 0.07291667 0.82031250
vt 0.07291667 0.82226562
vt 0.04296875 0.81250000
vt 0.03515625 0.81054688
vt 0.06119792 0.81835938
vt 0.04296875 0.81250000
vt 0.07291667 0.82226562
vt 0.02734375 0.80859375
vt 0.02343750 0.80664062
vt 0.02083333 0.80664062
vt 0.02734375 0.80859375
vt 0.02604167 0.80664062
vt 0.02343750 0.80664062
vt 0.02083333 0.80664062
vt 0.02213542 0.80664062
vt 0.01953125 0.80664062
vt 0.02083333 0.80664062
vt 0.02343750 0.80664062
vt 0.02213542 0.80664062
vt 0.01953125 0.80664062
vt 0.02343750 0.80664062
vt 0.02083333 0.80664062
vt 0.01953125 0.80664062
vt 0.02343750 0.80664062
vt 0.02343750 0.80664062
vt 0.02083333 0.80664062
vt 0.02864583 0.80859375
vt 0.02734375 0.80859375
vt 0.02083333 0.80664062
vt 0.02604167 0.80664062
vt 0.02864583 0.80859375
vt 0.07291667 0.82031250
vt 0.06119792 0.81835938
vt 0.07291667 0.82226562
vt 0.07291667 0.82031250
vt 0.05208333 0.81445312
vt 0.06119792 0.81835938
vt 0.02734375 0.80859375
vt 0.05208333 0.81445312
vt 0.07291667 0.82031250
vt 0.02734375 0.80859375
vt 0.04296875 0.81250000
vt 0.05208333 0.81445312
vt 0.02864583 0.80859375
vt 0.04296875 0.81250000
vt 0.02734375 0.80859375
vt 0.10416667 0.90234375
vt 0.11067708 0.90625000
vt 0.11067708 0.90429688
vt 0.10416667 0.90234375
vt 0.06250000 0.88476562
vt 0.11067708 0.90625000
vt 0.09505208 0.89843750
vt 0.06250000 0.88476562
vt 0.10416667 0.90234375
vt 0.09505208 0.89843750
vt 0.05989583 0.88476562
vt 0.06250000 0.88476562
vt 0.08723958 0.89648438
vt 0.05989583 0.88476562
vt 0.09505208 0.89843750
vt 0.08723958 0.89648438
vt 0.06901042 0.88867188
vt 0.05989583 0.88476562
vt 0.02213542 0.89257812
vt 0.00781250 0.89453125
vt 0.00651042 0.89648438
vt 0.02213542 0.89257812
vt 0.01432292 0.89453125
vt 0.00781250 0.89453125
vt 0.00651042 0.89648438
vt 0.00260417 0.89648438
vt 0.00000000 0.89648438
vt 0.00000000 0.89648438
vt 0.00260417 0.89648438
vt 0.00000000 0.89648438
vt 0.00000000 0.89648438
vt 0.00260417 0.89648438
vt 0.00260417 0.89648438
vt 0.00000000 0.89648438
vt 0.00260417 0.89648438
vt 0.00000000 0.89648438
vt 0.00000000 0.89648438
vt 0.00781250 0.89453125
vt 0.00651042 0.89648438
vt 0.00651042 0.89648438
vt 0.02343750 0.89257812
vt 0.02213542 0.89257812
vt 0.00651042 0.89648438
vt 0.01432292 0.89453125
vt 0.02343750 0.89257812
vt 0.05989583 0.88476562
vt 0.04296875 0.88867188
vt 0.05078125 0.88671875
vt 0.05989583 0.88476562
vt 0.03385417 0.89062500
vt 0.04296875 0.88867188
vt 0.06250000 0.88476562
vt 0.03385417 0.89062500
vt 0.05989583 0.88476562
vt 0.06250000 0.88476562
vt 0.02343750 0.89257812
vt 0.03385417 0.89062500
vt 0.06250000 0.88476562
vt 0.02343750 0.89257812
vt 0.02213542 0.89257812
vt 0.06250000 0.88476562
vt 0.03385417 0.89062500
vt 0.02343750 0.89257812
vt 0.05989583 0.88476562
vt 0.03385417 0.89062500
vt 0.06250000 0.88476562
vt 0.05989583 0.88476562
vt 0.04296875 0.88867188
vt 0.03385417 0.89062500
vt 0.15625000 0.95703125
vt 0.16015625 0.93945312
vt 0.17838542 0.94726562
vt 0.16015625 0.93945312
vt 0.14322917 0.94531250
vt 0.14192708 0.92382812
vt 0.14192708 0.92382812
vt 0.14713542 0.94726562
vt 0.16015625 0.93945312
vt 0.15364583 0.95312500
vt 0.17838542 0.94726562
vt 0.16015625 0.93945312
vt 0.16015625 0.93945312
vt 0.19140625 0.94726562
vt 0.17187500 0.91796875
vt 0.05598958 0.97070312
vt 0.03255208 0.95312500
vt 0.03255208 0.95117188
vt 0.03255208 0.95312500
vt 0.03776042 0.93945312
vt 0.02604167 0.92382812
vt 0.03255208 0.95117188
vt 0.05598958 0.97265625
vt 0.05598958 0.97070312
vt 0.19921875 0.93945312
vt 0.19140625 0.94726562
vt 0.19661458 0.93945312
vt 0.19921875 0.93945312
vt 0.18880208 0.94921875
vt 0.19140625 0.94726562
vt 0.19661458 0.93945312
vt 0.19010417 0.94921875
vt 0.19921875 0.93945312
vt 0.19661458 0.93945312
vt 0.18880208 0.94921875
vt 0.19010417 0.94921875
vt 0.19921875 0.93164062
vt 0.19921875 0.93945312
vt 0.20312500 0.93164062
vt 0.16536458 0.51367188
vt 0.15625000 0.50781250
vt 0.15625000 0.52343750
vt 0.15625000 0.60937500
vt 0.16536458 0.62500000
vt 0.16536458 0.61914062
vt 0.20312500 0.93164062
vt 0.19661458 0.93945312
vt 0.19921875 0.93164062
vt 0.29296875 0.58007812
vt 0.32682292 0.56640625
vt 0.29296875 0.56640625
vt 0.29296875 0.56640625
vt 0.32682292 0.55273438
vt 0.29296875 0.55273438
vt 0.25911458 0.56640625
vt 0.29296875 0.55273438
vt 0.25911458 0.55273438
vt 0.25911458 0.58007812
vt 0.29296875 0.56640625
vt 0.25911458 0.56640625
vt 0.14843750 0.98437500
vt 0.14453125 1.00000000
vt 0.15625000 1.00000000
vt 0.25911458 0.56640625
vt 0.22656250 0.58398438
vt 0.25911458 0.58007812
vt 0.21484375 0.86328125
vt 0.21614583 0.92968750
vt 0.22005208 0.86523438
vt 0.22005208 0.86523438
vt 0.21093750 0.92773438
vt 0.21484375 0.86328125
vt 0.15625000 1.00000000
vt 0.14453125 0.98437500
vt 0.14843750 0.98437500
vt 0.11848958 0.97265625
vt 0.13411458 0.97851562
vt 0.13281250 0.97460938
vt 0.02994792 0.56054688
vt 0.01692708 0.56640625
vt 0.02864583 0.56640625
vt 0.25911458 0.55273438
vt 0.22656250 0.56640625
vt 0.25911458 0.56640625
vt 0.13411458 0.51757812
vt 0.11848958 0.53515625
vt 0.13411458 0.52929688
vt 0.18489583 0.51367188
vt 0.17447917 0.50781250
vt 0.16927083 0.51953125
vt 0.13411458 0.97851562
vt 0.11848958 0.97265625
vt 0.13281250 0.97460938
vt 0.17187500 0.91796875
vt 0.14322917 0.90039062
vt 0.17187500 0.91992188
vt 0.12239583 0.85351562
vt 0.07291667 0.82031250
vt 0.12109375 0.85156250
vt 0.12239583 0.85351562
vt 0.07291667 0.82226562
vt 0.07291667 0.82031250
vt 0.11197917 0.84570312
vt 0.07291667 0.82226562
vt 0.12239583 0.85351562
vt 0.11197917 0.84570312
vt 0.07682292 0.82421875
vt 0.07291667 0.82226562
vt 0.10286458 0.83984375
vt 0.07682292 0.82421875
vt 0.11197917 0.84570312
vt 0.10286458 0.83984375
vt 0.08593750 0.83007812
vt 0.07682292 0.82421875
vt 0.91536458 0.50000000
vt 0.85937500 0.50000000
vt 0.85937500 0.50000000
vt 0.20182292 0.92968750
vt 0.20312500 0.93164062
vt 0.19921875 0.93164062
vt 0.20182292 0.92968750
vt 0.21614583 0.92968750
vt 0.20312500 0.93164062
vt 0.30729167 0.12304688
vt 0.26953125 0.14843750
vt 0.26953125 0.12304688
vt 0.86458333 0.42773438
vt 0.91015625 0.37500000
vt 0.91015625 0.42773438
vt 0.03255208 0.95312500
vt 0.03776042 0.93945312
vt 0.03255208 0.95117188
vt 0.15755208 0.85742188
vt 0.19921875 0.93164062
vt 0.20312500 0.93359375
vt 0.21614583 0.92968750
vt 0.19921875 0.93164062
vt 0.20312500 0.93164062
vt 0.21614583 0.92968750
vt 0.20182292 0.92968750
vt 0.19921875 0.93164062
vt 0.11067708 0.90429688
vt 0.09505208 0.89843750
vt 0.10416667 0.90234375
vt 0.11067708 0.90429688
vt 0.08723958 0.89648438
vt 0.09505208 0.89843750
vt 0.11067708 0.90625000
vt 0.08723958 0.89648438
vt 0.11067708 0.90429688
vt 0.11067708 0.90625000
vt 0.07812500 0.89257812
vt 0.08723958 0.89648438
vt 0.06250000 0.88476562
vt 0.07812500 0.89257812
vt 0.11067708 0.90625000
vt 0.06250000 0.88476562
vt 0.06901042 0.88867188
vt 0.07812500 0.89257812
vt 0.11848958 0.60351562
vt 0.13411458 0.60351562
vt 0.11848958 0.59765625
vt 0.91015625 0.42773438
vt 0.85937500 0.50000000
vt 0.86458333 0.42773438
vt 0.33072917 0.16210938
vt 0.30729167 0.12304688
vt 0.33072917 0.12304688
vt 0.11458333 0.93359375
vt 0.06250000 0.88476562
vt 0.05989583 0.90625000
vn 0.37426758 -0.55908203 0.73974609
vn 0.18994141 0.92089844 0.34057617
vn 0.00415039 0.64428711 0.76464844
vn 0.00000000 0.00000000 0.00000000
vn 0.59301758 0.77075195 -0.23291016
vn 0.76611328 0.64257812 0.00585938
vn 0.81030273 0.55102539 -0.19897461
vn 0.00000000 -0.99536133 0.09570312
vn 0.00000000 -0.97705078 0.21313477
vn -0.11987305 -0.96435547 0.23583984
vn -0.61816406 -0.78515625 0.03881836
vn -0.90136719 0.33740234 0.27124023
vn -0.63623047 -0.76538086 0.09667969
vn 0.99121094 0.11035156 -0.07324219
vn 0.70458984 0.65283203 -0.27758789
vn 0.49536133 0.52612305 0.69116211
vn 0.32495117 -0.54394531 0.77368164
vn 0.66235352 0.39672852 0.63549805
vn 0.00000000 -0.97851562 -0.20605469
vn -0.62500000 -0.73583984 -0.26025391
vn -0.81347656 -0.57397461 -0.09448242
vn 0.75732422 0.49926758 0.42089844
vn -0.50122070 0.85595703 0.12646484
vn -0.76513672 0.26611328 0.58642578
vn 0.07910156 0.91723633 0.39038086
vn 0.76489258 0.51196289 0.39062500
vn 0.89086914 0.12011719 0.43798828
vn -0.86987305 0.49291992 0.01416016
vn -0.95458984 0.24511719 0.16894531
vn 0.90161133 0.33715820 0.27124023
vn 0.59667969 -0.80126953 0.04272461
vn 0.35034180 -0.93579102 -0.04077148
vn 0.40136719 0.90673828 0.13012695
vn 0.04687500 0.98144531 -0.18554688
vn 0.27783203 0.95361328 -0.11547852
vn -0.76611328 0.64282227 0.00610352
vn -0.85278320 0.43041992 -0.29589844
vn -0.72656250 0.65795898 -0.19799805
vn 0.76245117 0.64062500 -0.08984375
vn 0.96777344 -0.19897461 0.15405273
vn 0.95068359 0.08886719 -0.29711914
vn 0.35595703 -0.91088867 -0.20922852
vn 0.11645508 -0.99316406 -0.00195312
vn -0.00927734 0.99658203 -0.08227539
vn 0.20507812 0.88061523 0.42724609
vn 0.18627930 0.97290039 0.13647461
vn -0.40429688 -0.88330078 0.23754883
vn 0.70117188 -0.70654297 -0.09570312
vn 0.34545898 -0.91992188 -0.18505859
vn 0.14111328 0.98999023 -0.00317383
vn 0.37817383 0.91064453 0.16601562
vn 0.00146484 0.98583984 -0.16821289
vn 0.15673828 -0.96777344 -0.19677734
vn 0.34912109 -0.90844727 0.22998047
vn -0.43066406 -0.90136719 -0.04760742
vn -0.84375000 0.53515625 -0.04003906
vn -0.96118164 0.17333984 -0.21459961
vn -0.85058594 -0.52465820 0.03466797
vn -0.63598633 0.71313477 0.29443359
vn -0.97705078 -0.17358398 0.12377930
vn -0.88623047 0.22045898 0.40747070
vn -0.55981445 -0.77099609 0.30346680
vn -0.56420898 -0.61914062 0.54638672
vn -0.03906250 0.99658203 -0.07421875
vn 0.56396484 0.81738281 0.11694336
vn 0.56542969 0.77343750 0.28637695
vn 0.90942383 -0.41381836 0.04028320
vn 0.47021484 -0.83740234 -0.27880859
vn 0.62255859 -0.77075195 0.13623047
vn -0.83422852 -0.39697266 -0.38305664
vn -0.57202148 -0.81958008 -0.03076172
vn -0.96801758 -0.19531250 0.15722656
vn -0.96923828 -0.14672852 0.19702148
vn -0.77416992 -0.57958984 0.25415039
vn -0.73852539 -0.55297852 0.38574219
vn -0.69213867 0.66577148 0.27832031
vn -0.66235352 0.39672852 0.63549805
vn 0.90942383 0.40869141 0.07666016
vn 0.75659180 0.60156250 0.25585938
vn 0.88623047 0.22045898 0.40747070
vn 0.96923828 -0.14672852 0.19702148
vn 0.77416992 -0.57958984 0.25415039
vn 0.94775391 -0.16772461 0.27099609
vn -0.55395508 0.81665039 -0.16113281
vn 0.49926758 0.86621094 -0.02124023
vn 0.66357422 0.73461914 -0.14135742
vn -0.41186523 -0.90283203 -0.12377930
vn -0.07250977 0.98876953 0.13134766
vn -0.80761719 0.31835938 -0.49658203
vn 0.07153320 0.99511719 -0.06640625
vn 0.53295898 0.84228516 0.08032227
vn 0.81054688 0.49365234 0.31518555
vn 0.87695312 0.41796875 -0.23730469
vn -0.89038086 0.42675781 0.15917969
vn -0.90307617 0.39453125 0.16943359
vn -0.98022461 0.16357422 0.11035156
vn 0.34838867 -0.69702148 0.62670898
vn -0.42114258 -0.84277344 0.33544922
vn 0.00219727 -0.99609375 0.08715820
vn -0.04663086 -0.99829102 0.03515625
vn -0.82543945 -0.55078125 0.12280273
vn -0.64990234 0.68066406 0.33837891
vn 0.86938477 0.48193359 0.10839844
vn 0.87207031 0.48095703 0.08959961
vn 0.74755859 0.65063477 0.13403320
vn 0.93286133 -0.33251953 -0.13891602
vn 0.88330078 -0.36059570 0.29956055
vn 0.97485352 0.19995117 0.09765625
vn 0.97387695 0.09741211 0.20507812
vn -0.94775391 -0.16772461 0.27099609
vn 0.57202148 -0.81958008 -0.03076172
vn 0.95703125 -0.00537109 0.29028320
vn 0.85034180 -0.52563477 0.02124023
vn 0.89086914 0.12011719 0.43798828
vn -0.23632812 -0.97119141 -0.02856445
vn 0.25292969 -0.95288086 -0.16772461
vn 0.00000000 -0.82153320 0.57006836
vn -0.37426758 -0.55908203 0.73974609
vn 0.51660156 0.72314453 0.45849609
vn 0.79736328 0.52172852 0.30322266
vn 0.52343750 0.84106445 0.13647461
vn -0.57397461 0.79516602 -0.19506836
vn -0.81030273 0.55102539 -0.19897461
vn 0.09375000 0.89233398 -0.44165039
vn -0.26904297 0.57592773 -0.77197266
vn -0.54785156 0.77294922 -0.32006836
vn -0.65039062 0.75439453 -0.08862305
vn 0.02758789 0.99951172 0.00952148
vn -0.34936523 0.93383789 0.07812500
vn -0.05078125 0.98217773 -0.18139648
vn -0.29614258 0.83911133 0.45605469
vn -0.84082031 0.22875977 0.49047852
vn -0.83789062 0.43041992 0.33569336
vn 0.00000000 0.99487305 0.10229492
vn -0.04321289 0.97387695 0.22314453
vn 0.00000000 0.98461914 0.17431641
vn 0.00000000 0.98608398 0.16625977
vn 0.00000000 0.99096680 0.13378906
vn -0.50463867 0.85766602 0.09765625
vn -0.17382812 0.98120117 0.08520508
vn -0.71655273 -0.63818359 0.28149414
vn -0.81958008 0.47583008 0.31958008
vn -0.99194336 -0.10351562 -0.07397461
vn 0.31323242 0.94897461 0.03857422
vn -0.31323242 0.94897461 0.03857422
vn 0.00000000 0.99926758 0.03930664
vn 0.00000000 0.80981445 0.58666992
vn -0.51660156 0.72314453 0.45849609
vn 0.00000000 0.68334961 0.73022461
vn -0.49536133 0.52612305 0.69116211
vn -0.81518555 -0.56835938 -0.11303711
vn -0.95703125 -0.00537109 0.29028320
vn -0.88305664 0.35424805 0.30786133
vn -0.88012695 -0.45556641 0.13281250
vn 0.07910156 0.91723633 0.39038086
vn -0.02758789 0.99951172 0.00952148
vn 0.04321289 0.97387695 0.22314453
vn -0.03051758 0.93603516 0.35058594
vn -0.84082031 0.22875977 0.49047852
vn -0.16772461 0.94628906 0.27612305
vn -0.34130859 0.92895508 0.14257812
vn 0.31079102 0.86083984 0.40307617
vn 0.34130859 0.92895508 0.14257812
vn 0.16772461 0.94628906 0.27612305
vn -0.02050781 0.97827148 -0.20654297
vn -0.13159180 0.93237305 -0.33666992
vn -0.08300781 0.90625000 -0.41479492
vn 0.04956055 0.97827148 -0.20190430
vn 0.08422852 0.91674805 -0.39038086
vn 0.04687500 0.98144531 -0.18554688
vn 0.34936523 0.93383789 0.07812500
vn -0.03051758 0.93603516 0.35058594
vn -0.02758789 0.99951172 0.00952148
vn 0.98022461 0.16357422 0.11035156
vn 0.95458984 0.24511719 0.16894531
vn 0.78076172 -0.57226562 0.25073242
vn 0.62084961 0.65576172 0.42968750
vn 0.89111328 -0.35986328 0.27587891
vn 0.89599609 -0.35888672 0.26171875
vn 0.97631836 0.19238281 0.09863281
vn -0.85302734 0.52172852 -0.00463867
vn 0.07910156 0.91723633 0.39038086
vn 0.82421875 0.47167969 0.31323242
vn -0.96923828 -0.14672852 0.19702148
vn -0.47729492 0.86669922 0.14477539
vn -0.96923828 -0.14672852 0.19702148
vn -0.94775391 -0.16772461 0.27099609
vn 0.73852539 -0.55297852 0.38574219
vn -0.48120117 0.85205078 0.20654297
vn 0.65063477 0.68579102 0.32592773
vn -0.47021484 -0.83740234 -0.27880859
vn -0.91870117 -0.34106445 -0.19897461
vn 0.81518555 -0.44458008 -0.37109375
vn -0.96801758 -0.19531250 0.15722656
vn 0.11767578 0.94921875 0.29199219
vn 0.27783203 0.95361328 -0.11547852
vn -0.10888672 0.87109375 -0.47900391
vn -0.28735352 0.95141602 -0.11010742
vn -0.05078125 0.98217773 -0.18139648
vn -0.40087891 0.90673828 0.13012695
vn 0.26269531 0.57592773 -0.77416992
vn -0.90942383 -0.41381836 0.04028320
vn -0.62255859 -0.77075195 0.13623047
vn 0.00000000 -0.98120117 0.19360352
vn 0.00000000 -0.98706055 0.15991211
vn 0.92016602 -0.30908203 -0.24023438
vn -0.83422852 -0.39697266 -0.38305664
vn -0.99121094 0.11035156 -0.07324219
vn 0.00195312 -0.51684570 0.85620117
vn -0.33447266 -0.55517578 0.76147461
vn -0.49536133 0.52612305 0.69116211
vn 0.49536133 0.52612305 0.69116211
vn 0.55517578 0.78540039 0.27368164
vn 0.00000000 0.93750000 0.34765625
vn -0.02758789 0.99951172 0.00952148
vn 0.04321289 0.97387695 0.22314453
vn 0.53295898 0.84228516 0.08032227
vn -0.02758789 0.97143555 -0.23559570
vn -0.17382812 0.98120117 0.08520508
vn -0.49536133 0.52612305 0.69116211
vn 0.00195312 -0.51684570 0.85620117
vn 0.00000000 0.98120117 0.19262695
vn -0.16772461 0.94628906 0.27612305
vn -0.04321289 0.97387695 0.22314453
vn -0.88305664 0.35424805 0.30786133
vn -0.89550781 -0.37646484 0.23706055
vn -0.84082031 -0.49682617 0.21435547
vn -0.85424805 0.50122070 -0.13818359
vn -0.94042969 -0.17358398 0.29223633
vn 0.88330078 -0.36059570 0.29956055
vn 0.69409180 0.66333008 -0.27954102
vn 0.93286133 -0.33251953 -0.13891602
vn 0.95336914 -0.15380859 0.26000977
vn 0.81054688 0.57812500 -0.09497070
vn 0.97631836 0.19238281 0.09863281
vn -0.84375000 0.53515625 -0.04003906
vn -0.70068359 0.65209961 -0.28955078
vn -0.17919922 0.91918945 0.35058594
vn -0.51660156 -0.84204102 0.15478516
vn -0.23632812 -0.97119141 -0.02856445
vn 0.23632812 -0.97119141 -0.02856445
vn 0.51660156 -0.84204102 0.15478516
vn -0.25292969 -0.95288086 -0.16772461
vn 0.11987305 -0.96435547 0.23583984
vn -0.41992188 0.90771484 0.00341797
vn 0.41333008 0.91040039 0.02075195
vn 0.73193359 0.65527344 -0.18701172
vn -0.02465820 0.92309570 -0.38378906
vn 0.60498047 0.73632812 -0.30273438
vn -0.58764648 0.74511719 -0.31518555
vn -0.70458984 0.65283203 -0.27758789
vn -0.50463867 0.85766602 0.09765625
vn -0.81494141 -0.09985352 0.57104492
vn -0.51757812 -0.37548828 0.76879883
vn -0.79199219 0.60888672 -0.04248047
vn -0.70458984 0.65283203 -0.27758789
vn -0.62744141 0.77368164 -0.08886719
vn -0.00195312 0.98583984 -0.16748047
vn 0.65698242 0.74829102 -0.09057617
vn 0.71899414 0.69213867 -0.06250000
vn 0.97998047 0.16772461 0.10791016
vn 0.86181641 -0.10424805 0.49633789
vn 0.51757812 -0.37548828 0.76879883
vn 0.62255859 -0.77075195 0.13623047
vn 0.45654297 -0.62817383 0.63012695
vn -0.45654297 -0.62817383 0.63012695
vn 0.00000000 -0.66186523 0.74951172
vn -0.02758789 0.99951172 0.00952148
vn -0.34936523 0.93383789 0.07812500
vn -0.83789062 0.43041992 0.33569336
vn -0.76123047 0.61352539 0.20971680
vn 0.81054688 0.49365234 0.31518555
vn 0.90747070 -0.38183594 0.17456055
vn 0.63110352 0.71826172 -0.29272461
vn 0.60302734 0.73999023 -0.29809570
vn -0.72534180 0.47631836 -0.49707031
vn -0.82812500 0.45361328 -0.32934570
vn -0.90820312 0.01464844 -0.41845703
vn -0.83422852 -0.39697266 -0.38305664
vn -0.76611328 0.64282227 0.00610352
vn 0.76611328 0.64257812 0.00585938
vn -0.10888672 0.87109375 -0.47900391
vn 0.04687500 0.98144531 -0.18554688
vn 0.40795898 0.85742188 -0.31347656
vn -0.28735352 0.95141602 -0.11010742
vn -0.28735352 0.95141602 -0.11010742
vn 0.97631836 0.19238281 0.09863281
vn -0.85302734 0.52172852 -0.00463867
vn 0.00000000 -0.98120117 0.19360352
vn 0.11987305 -0.96435547 0.23583984
vn 0.37426758 -0.55908203 0.73974609
vn 0.25292969 -0.95288086 -0.16772461
vn -0.47021484 -0.83740234 -0.27880859
vn -0.23632812 -0.97119141 -0.02856445
vn 0.47021484 -0.83740234 -0.27880859
vn -0.23632812 -0.97119141 -0.02856445
vn 0.23632812 -0.97119141 -0.02856445
vn 0.00000000 -0.99536133 0.09570312
vn -0.37426758 -0.55908203 0.73974609
vn -0.94775391 -0.16772461 0.27099609
vn -0.57202148 -0.81958008 -0.03076172
vn -0.77416992 -0.57958984 0.25415039
vn 0.57202148 -0.81958008 -0.03076172
vn 0.53295898 0.84228516 0.08032227
vn 0.27783203 0.95361328 -0.11547852
vn -0.68701172 0.66406250 -0.29492188
vn -0.62084961 0.72827148 -0.28979492
vn 0.82299805 0.45043945 -0.34594727
vn 0.79199219 0.35961914 -0.49340820
vn 0.90820312 0.01489258 -0.41845703
vn -0.76904297 0.63696289 0.05541992
vn -0.97387695 0.09741211 0.20507812
vn -0.97485352 0.19995117 0.09765625
vn 0.77734375 -0.52026367 0.35400391
vn 0.48291016 -0.73046875 0.48291016
vn 0.69946289 0.67724609 0.22875977
vn -0.29614258 0.83911133 0.45605469
vn 0.31079102 0.86083984 0.40307617
vn 0.16772461 0.94628906 0.27612305
vn -0.29614258 0.83911133 0.45605469
vn -0.16772461 0.94628906 0.27612305
vn 0.31323242 0.94897461 0.03857422
vn 0.16772461 0.94628906 0.27612305
vn -0.55517578 0.78540039 0.27368164
vn 0.00000000 0.99926758 0.03930664
vn 0.00000000 0.98120117 0.19262695
vn 0.16772461 0.94628906 0.27612305
vn -0.31323242 0.94897461 0.03857422
vn -0.16772461 0.94628906 0.27612305
vn -0.31323242 0.94897461 0.03857422
vn 0.76489258 0.51196289 0.39062500
vn 0.89038086 0.42675781 0.15917969
vn 0.81884766 0.57080078 -0.06030273
vn 0.00000000 0.85937500 0.51147461
vn 0.55517578 0.78540039 0.27368164
vn -0.55517578 0.78540039 0.27368164
vn -0.87890625 0.47631836 -0.02490234
vn -0.90942383 0.40869141 0.07666016
vn 0.88623047 0.22045898 0.40747070
vn 0.75659180 0.60156250 0.25585938
vn 0.93481445 0.32543945 0.14184570
vn 0.81347656 0.50268555 -0.29272461
vn -0.81347656 0.50244141 -0.29296875
vn -0.54785156 0.77294922 -0.32006836
vn -0.84399414 0.49389648 0.20922852
vn -0.90600586 0.36914062 0.20678711
vn -0.87084961 0.38110352 0.31054688
vn -0.91284180 0.27685547 0.30029297
vn -0.81665039 0.47973633 0.32080078
vn -0.79516602 0.49194336 0.35449219
vn -0.81738281 0.48828125 0.30590820
vn -0.88598633 0.42822266 0.17797852
vn -0.89599609 0.25952148 0.36035156
vn -0.54785156 0.77294922 -0.32006836
vn -0.97485352 0.19995117 0.09765625
vn -0.97387695 0.09741211 0.20507812
vn 0.86987305 0.49291992 0.01342773
vn 0.81933594 0.47192383 0.32543945
vn 0.85351562 0.45751953 0.24951172
vn 0.83764648 0.43164062 0.33447266
vn 0.82421875 0.47167969 0.31323242
vn 0.81738281 0.48828125 0.30590820
vn 0.95458984 0.24511719 0.16894531
vn 0.97485352 0.19995117 0.09765625
vn 0.87915039 0.32397461 0.34960938
vn 0.84619141 0.39575195 0.35668945
vn 0.87817383 0.27514648 0.39111328
vn -0.95458984 0.24511719 0.16894531
vn -0.98681641 0.15698242 -0.03881836
vn 0.89038086 0.42675781 0.15917969
vn 0.98022461 0.16357422 0.11035156
vn 0.89038086 0.42675781 0.15917969
vn 0.98706055 0.15478516 -0.04443359
vn 0.95703125 -0.00537109 0.29028320
vn -0.11743164 -0.98339844 0.13818359
vn -0.30590820 -0.95117188 -0.04028320
vn -0.21630859 -0.96630859 0.13940430
vn 0.18237305 -0.96484375 0.18969727
vn 0.77734375 -0.52026367 0.35400391
vn 0.16284180 -0.97729492 0.13623047
vn 0.09863281 -0.98266602 0.15722656
vn 0.32495117 -0.54394531 0.77368164
vn 0.04809570 -0.98950195 0.13671875
vn -0.01147461 -0.99975586 0.01391602
vn 0.13964844 -0.96997070 0.19848633
vn -0.10400391 -0.98242188 0.15478516
vn -0.16235352 -0.97729492 0.13598633
vn -0.55981445 -0.77099609 0.30346680
vn -0.22558594 -0.95214844 0.20556641
vn -0.75488281 -0.63916016 -0.14721680
vn -0.75634766 -0.63427734 -0.15942383
vn -0.75000000 -0.64135742 -0.16113281
vn -0.11352539 0.99340820 -0.02197266
vn 0.21337891 0.97436523 -0.07006836
vn -0.21508789 0.97656250 0.01416016
vn -0.18090820 0.97485352 0.12939453
vn -0.17919922 0.91918945 0.35058594
vn 0.00830078 0.99633789 -0.08618164
vn -0.02148438 0.97290039 0.22998047
vn -0.00122070 0.99658203 -0.08300781
vn 0.02172852 0.97265625 0.23144531
vn -0.00927734 0.99682617 -0.08007812
vn -0.00268555 0.99829102 -0.05981445
vn 0.88525391 0.46484375 0.00317383
vn 0.86791992 0.49658203 0.01391602
vn 0.78173828 0.62329102 0.01855469
vn -0.31152344 0.92211914 0.22973633
vn -0.36499023 0.93090820 0.01806641
vn 0.58569336 0.80688477 0.07470703
vn 0.77368164 0.62548828 0.10107422
vn 0.83569336 0.52270508 -0.16918945
vn -0.16552734 0.97973633 -0.11230469
vn 0.81250000 0.58300781 0.01147461
vn 0.15014648 0.98315430 -0.10522461
vn -0.20507812 0.88061523 0.42724609
vn 0.00927734 0.99682617 -0.07861328
vn 0.60791016 -0.74609375 -0.27148438
vn 0.46264648 -0.87719727 -0.12768555
vn 0.56542969 0.77343750 0.28637695
vn 0.79736328 0.52172852 0.30322266
vn -0.57958984 0.46801758 0.66723633
vn 0.02050781 -0.99707031 -0.07324219
vn -0.63623047 -0.76538086 0.09667969
vn -0.71655273 -0.63818359 0.28149414
vn -0.47045898 -0.83178711 -0.29492188
vn 0.93286133 -0.33251953 -0.13891602
vn 0.56396484 0.81738281 0.11694336
vn 0.00000000 -0.98022461 -0.19848633
vn 0.62500000 -0.73583984 -0.26025391
vn 0.48364258 -0.87524414 -0.00659180
vn 0.26416016 -0.89697266 -0.35424805
vn 0.38330078 -0.90893555 -0.16430664
vn -0.33715820 -0.81689453 -0.46801758
vn 0.42846680 -0.57812500 -0.69433594
vn -0.50341797 -0.83764648 -0.21215820
vn -0.69116211 -0.64306641 0.33007812
vn -0.26318359 -0.92553711 -0.27221680
vn 0.50073242 -0.83007812 -0.24511719
vn -0.45751953 -0.85913086 -0.22924805
vn 0.10986328 -0.95068359 -0.29003906
vn 0.32153320 -0.70947266 -0.62695312
vn -0.64379883 -0.74951172 -0.15429688
vn 0.86914062 -0.48974609 -0.06933594
vn -0.21752930 -0.97241211 0.08422852
vn 0.69946289 -0.64135742 0.31518555
vn 0.09863281 -0.98266602 0.15722656
vn -0.06909180 -0.99267578 -0.09960938
vn 0.33715820 -0.81689453 -0.46801758
vn 0.33837891 -0.90283203 -0.26562500
vn 0.63208008 -0.74316406 -0.21948242
vn 0.70532227 -0.68090820 -0.19677734
vn -0.81079102 0.58056641 -0.07495117
vn -0.07812500 0.98071289 0.17871094
vn -0.58569336 0.80688477 0.07470703
vn 0.46630859 0.87329102 -0.14086914
vn 0.41894531 -0.78833008 -0.45043945
vn 0.02050781 -0.99707031 -0.07324219
vn -0.43676758 -0.75317383 -0.49169922
vn -0.70532227 -0.68090820 -0.19677734
vn 0.73535156 -0.65014648 -0.19116211
vn 0.50073242 -0.83007812 -0.24511719
vn 0.60229492 -0.76464844 -0.22924805
vn -0.78833008 -0.60693359 -0.09960938
vn -0.45751953 -0.85913086 -0.22924805
vn -0.63671875 -0.74023438 -0.21533203
vn 0.73535156 -0.65014648 -0.19116211
vn 0.51025391 -0.83276367 -0.21435547
vn -0.75634766 -0.63427734 -0.15942383
vn -0.82104492 -0.54785156 -0.16088867
vn -0.75000000 -0.64135742 -0.16113281
vn 0.68017578 -0.70483398 -0.20092773
vn -0.75000000 -0.64135742 -0.16113281
vn -0.90112305 -0.41528320 -0.12475586
vn -0.75488281 -0.63916016 -0.14721680
vn 0.55712891 -0.81445312 -0.16284180
vn -0.47290039 -0.84838867 -0.23779297
vn -0.21630859 -0.96630859 0.13940430
vn -0.43701172 -0.87524414 0.20751953
vn -0.21630859 -0.96630859 0.13940430
vn -0.84814453 -0.49755859 0.18164062
vn -0.11743164 -0.98339844 0.13818359
vn -0.43701172 -0.87524414 0.20751953
vn -0.23144531 -0.96020508 0.15673828
vn -0.11743164 -0.98339844 0.13818359
vn 0.00219727 -0.99609375 0.08715820
vn -0.23144531 -0.96020508 0.15673828
vn 0.26562500 -0.96313477 0.04223633
vn -0.16235352 -0.97729492 0.13598633
vn 0.34692383 -0.90795898 -0.23535156
vn 0.34692383 -0.90795898 -0.23535156
vn -0.33715820 -0.81689453 -0.46801758
vn -0.26416016 -0.89697266 -0.35424805
vn 0.34692383 -0.90795898 -0.23535156
vn -0.10400391 -0.98242188 0.15478516
vn -0.16235352 -0.97729492 0.13598633
vn 0.38330078 -0.90893555 -0.16430664
vn 0.13964844 -0.96997070 0.19848633
vn 0.31616211 -0.94775391 -0.04467773
vn 0.43676758 -0.75317383 -0.49169922
vn -0.20825195 -0.93676758 -0.28125000
vn 0.10986328 -0.95068359 -0.29003906
vn -0.20825195 -0.93676758 -0.28125000
vn 0.70532227 -0.68090820 -0.19677734
vn 0.63208008 -0.74316406 -0.21948242
vn 0.63671875 -0.74023438 -0.21533203
vn 0.16308594 -0.95166016 -0.26049805
vn 0.38574219 -0.88745117 -0.25195312
vn 0.37036133 -0.89355469 -0.25366211
vn 0.90112305 -0.41528320 -0.12475586
vn 0.30737305 -0.91967773 -0.24462891
vn 0.82104492 -0.54785156 -0.16088867
vn 0.38574219 -0.88745117 -0.25195312
vn 0.16308594 -0.95166016 -0.26049805
vn 0.35595703 -0.91088867 -0.20922852
vn -0.34130859 -0.90527344 -0.25268555
vn 0.11645508 -0.99316406 -0.00195312
vn -0.34130859 -0.90527344 -0.25268555
vn 0.35595703 -0.91088867 -0.20922852
vn 0.24658203 -0.95898438 0.13964844
vn 0.65966797 -0.71484375 -0.23193359
vn -0.64379883 -0.74951172 -0.15429688
vn -0.48168945 -0.87524414 -0.04418945
vn 0.12963867 -0.98193359 0.13769531
vn 0.89453125 -0.41406250 0.16918945
vn -0.48168945 -0.87524414 -0.04418945
vn 0.24658203 -0.95898438 0.13964844
vn -0.16821289 -0.98339844 0.06640625
vn 0.21142578 -0.96630859 0.14746094
vn 0.85375977 -0.50854492 0.11157227
vn -0.16821289 -0.98339844 0.06640625
vn 0.12963867 -0.98193359 0.13769531
vn -0.17065430 -0.98535156 -0.00073242
vn -0.17065430 -0.98535156 -0.00073242
vn 0.80004883 -0.59936523 0.02319336
vn 0.87475586 -0.39550781 0.28027344
vn -0.26855469 -0.91601562 -0.29809570
vn -0.26855469 -0.91601562 -0.29809570
vn 0.09863281 -0.98266602 0.15722656
vn 0.04809570 -0.98950195 0.13671875
vn -0.06909180 -0.99267578 -0.09960938
vn -0.04663086 -0.99829102 0.03515625
vn -0.69116211 -0.64306641 0.33007812
vn -0.43701172 -0.87524414 0.20751953
vn 0.00219727 -0.99609375 0.08715820
vn -0.84814453 -0.49755859 0.18164062
vn -0.78833008 -0.60693359 -0.09960938
vn -0.43701172 -0.87524414 0.20751953
vn -0.47290039 -0.84838867 -0.23779297
vn -0.90112305 -0.41528320 -0.12475586
vn 0.68017578 -0.70483398 -0.20092773
vn -0.82104492 -0.54785156 -0.16088867
vn -0.63671875 -0.74023438 -0.21533203
vn 0.73535156 -0.65014648 -0.19116211
vn -0.70532227 -0.68090820 -0.19677734
vn 0.50073242 -0.83007812 -0.24511719
vn -0.43676758 -0.75317383 -0.49169922
vn -0.43701172 -0.87524414 0.20751953
vn -0.04663086 -0.99829102 0.03515625
vn 0.00219727 -0.99609375 0.08715820
vn 0.63208008 -0.74316406 -0.21948242
vn 0.43676758 -0.75317383 -0.49169922
vn 0.33837891 -0.90283203 -0.26562500
vn 0.38574219 -0.88745117 -0.25195312
vn 0.82104492 -0.54785156 -0.16088867
vn -0.34130859 -0.90527344 -0.25268555
vn 0.37036133 -0.89355469 -0.25366211
vn 0.90112305 -0.41528320 -0.12475586
vn -0.64379883 -0.74951172 -0.15429688
vn 0.86914062 -0.48974609 -0.06933594
vn -0.48168945 -0.87524414 -0.04418945
vn 0.65966797 -0.71484375 -0.23193359
vn -0.16821289 -0.98339844 0.06640625
vn -0.48168945 -0.87524414 -0.04418945
vn 0.89453125 -0.41406250 0.16918945
vn -0.17065430 -0.98535156 -0.00073242
vn -0.16821289 -0.98339844 0.06640625
vn 0.85375977 -0.50854492 0.11157227
vn 0.69946289 -0.64135742 0.31518555
vn 0.38574219 -0.88745117 -0.25195312
vn -0.21752930 -0.97241211 0.08422852
vn -0.26855469 -0.91601562 -0.29809570
vn 0.48364258 -0.87524414 -0.00659180
vn 0.26416016 -0.89697266 -0.35424805
vn -0.26416016 -0.89697266 -0.35424805
vn 0.34692383 -0.90795898 -0.23535156
vn -0.50341797 -0.83764648 -0.21215820
vn -0.06909180 -0.99267578 -0.09960938
vn -0.26855469 -0.91601562 -0.29809570
vn 0.79956055 0.59936523 -0.03369141
vn 0.24145508 0.96948242 0.04467773
vn -0.60986328 0.79028320 0.05957031
vn 0.30004883 0.93774414 0.17456055
vn 0.79443359 0.60302734 -0.07202148
vn 0.66528320 0.74633789 0.02099609
vn -0.86401367 0.50268555 0.03027344
vn -0.07250977 0.98217773 0.17407227
vn 0.50292969 0.86425781 -0.00170898
vn 0.84570312 0.53295898 0.02368164
vn -0.88769531 0.45654297 0.05981445
vn -0.29516602 0.93920898 0.17480469
vn -0.71289062 0.67773438 0.18017578
vn -0.50903320 0.85839844 -0.06396484
vn 0.89111328 0.43090820 0.14160156
vn -0.58178711 0.62573242 0.51953125
vn -0.06958008 0.99414062 -0.08203125
vn -0.91723633 0.39819336 -0.01611328
vn -0.37597656 0.92675781 -0.00634766
vn 0.61621094 0.78002930 -0.10791016
vn -0.06884766 0.99438477 -0.07958984
vn -0.87524414 0.48364258 -0.00927734
vn -0.30053711 0.95361328 -0.01708984
vn 0.33056641 0.94042969 -0.08032227
vn -0.07617188 0.99194336 -0.10131836
vn 0.51757812 0.85546875 -0.01000977
vn -0.70800781 0.70385742 -0.05834961
vn 0.07812500 0.99194336 -0.10034180
vn -0.77270508 0.63305664 -0.04760742
vn 0.14111328 0.98999023 -0.00317383
vn -0.07250977 0.98876953 0.13134766
vn -0.07250977 0.98217773 0.17407227
vn 0.79443359 0.60302734 -0.07202148
vn 0.30004883 0.93774414 0.17456055
vn -0.07250977 0.98217773 0.17407227
vn -0.31152344 0.92211914 0.22973633
vn -0.29516602 0.93920898 0.17480469
vn -0.37597656 0.92675781 -0.00634766
vn -0.11352539 0.99340820 -0.02197266
vn -0.30053711 0.95361328 -0.01708984
vn -0.21508789 0.97656250 0.01416016
vn 0.07812500 0.99194336 -0.10034180
vn -0.11352539 0.99340820 -0.02197266
vn -0.36499023 0.93090820 0.01806641
vn 0.87207031 0.48095703 0.08959961
vn 0.24145508 0.96948242 0.04467773
vn 0.60986328 0.79028320 0.05957031
vn 0.74755859 0.65063477 0.13403320
vn 0.86401367 0.50268555 0.03027344
vn 0.86938477 0.48193359 0.10839844
vn 0.88769531 0.45654297 0.05981445
vn 0.86938477 0.48193359 0.10839844
vn -0.50903320 0.85839844 -0.06396484
vn 0.58178711 0.62573242 0.51953125
vn -0.81079102 0.58056641 -0.07495117
vn -0.81079102 0.58056641 -0.07495117
vn 0.80761719 0.31835938 -0.49658203
vn 0.91723633 0.39819336 -0.01611328
vn 0.86791992 0.49658203 0.01391602
vn 0.78173828 0.62329102 0.01855469
vn 0.87524414 0.48364258 -0.00927734
vn 0.88525391 0.46484375 0.00317383
vn 0.70800781 0.70385742 -0.05834961
vn 0.88525391 0.46484375 0.00317383
vn 0.77270508 0.63305664 -0.04760742
vn -0.00927734 0.99658203 -0.08227539
vn 0.02441406 0.99755859 -0.06616211
vn -0.18383789 0.97558594 -0.11962891
vn 0.02172852 0.97265625 0.23144531
vn 0.04296875 0.63452148 0.77172852
vn -0.04296875 0.63452148 0.77172852
vn -0.02148438 0.97290039 0.22998047
vn 0.00830078 0.99633789 -0.08618164
vn -0.21508789 0.97656250 0.01416016
vn -0.00927734 0.99658203 -0.08227539
vn 0.51757812 0.85546875 -0.01000977
vn 0.07153320 0.99511719 -0.06640625
vn 0.07153320 0.99511719 -0.06640625
vn -0.91723633 0.39819336 -0.01611328
vn 0.61621094 0.78002930 -0.10791016
vn -0.87524414 0.48364258 -0.00927734
vn 0.07812500 0.99194336 -0.10034180
vn -0.77270508 0.63305664 -0.04760742
vn 0.02441406 0.99755859 -0.06616211
vn -0.20507812 0.88061523 0.42724609
vn 0.15014648 0.98315430 -0.10522461
vn 0.02441406 0.99755859 -0.06616211
vn -0.04296875 0.63452148 0.77172852
vn -0.03906250 0.99658203 -0.07421875
vn 0.04296875 0.63452148 0.77172852
vn -0.00927734 0.99658203 -0.08227539
vn -0.07617188 0.99194336 -0.10131836
vn -0.00927734 0.99658203 -0.08227539
vn 0.77270508 0.63305664 -0.04760742
vn -0.07617188 0.99194336 -0.10131836
vn 0.70800781 0.70385742 -0.05834961
vn -0.16552734 0.97973633 -0.11230469
vn -0.06958008 0.99414062 -0.08203125
vn 0.91723633 0.39819336 -0.01611328
vn 0.80761719 0.31835938 -0.49658203
vn 0.84570312 0.53295898 0.02368164
vn 0.88769531 0.45654297 0.05981445
vn 0.66528320 0.74633789 0.02099609
vn 0.84570312 0.53295898 0.02368164
vn 0.86401367 0.50268555 0.03027344
vn 0.24145508 0.96948242 0.04467773
vn 0.66528320 0.74633789 0.02099609
vn 0.60986328 0.79028320 0.05957031
vn 0.24145508 0.96948242 0.04467773
vn 0.58569336 0.80688477 0.07470703
vn 0.46630859 0.87329102 -0.14086914
vn -0.58569336 0.80688477 0.07470703
vn -0.86401367 0.50268555 0.03027344
vn -0.88769531 0.45654297 0.05981445
vn -0.07250977 0.98876953 0.13134766
vn -0.71289062 0.67773438 0.18017578
vn -0.58178711 0.62573242 0.51953125
vn 0.26562500 -0.96313477 0.04223633
vn 0.16284180 -0.97729492 0.13623047
vn 0.80004883 -0.59936523 0.02319336
vn -0.00122070 0.99658203 -0.08300781
vn -0.18383789 0.97558594 -0.11962891
vn 0.15014648 0.98315430 -0.10522461
vn -0.00048828 -0.99975586 -0.02661133
vn 0.00000000 -0.99853516 -0.05249023
vn 0.97094727 0.23876953 0.01245117
vn 0.73193359 0.65527344 -0.18701172
vn 0.73217773 -0.67675781 -0.07690430
vn 0.48095703 -0.86425781 -0.14794922
vn 0.39941406 -0.58569336 0.70532227
vn 0.70117188 -0.70654297 -0.09570312
vn 0.97094727 0.23876953 0.01245117
vn 0.75732422 0.49926758 0.42089844
vn 0.50439453 0.23876953 0.82983398
vn 0.50439453 0.23876953 0.82983398
vn 0.39941406 -0.58569336 0.70532227
vn -0.97094727 0.23876953 0.01245117
vn -0.74023438 -0.66772461 -0.07836914
vn 0.34912109 -0.90844727 0.22998047
vn -0.97094727 0.23876953 0.01245117
vn -0.50439453 0.23876953 0.82983398
vn 0.62500000 -0.73583984 -0.26025391
vn -0.81347656 -0.57397461 -0.09448242
vn -0.39941406 -0.58569336 0.70532227
vn -0.97094727 0.23876953 0.01245117
vn 0.34912109 -0.90844727 0.22998047
vn -0.50439453 0.23876953 0.82983398
vn -0.50439453 0.23876953 0.82983398
vn 0.34912109 -0.90844727 0.22998047
vn 0.34912109 -0.90844727 0.22998047
vn -0.41992188 0.90771484 0.00341797
vn 0.74682617 0.66015625 -0.08032227
vn 0.40795898 0.85742188 -0.31347656
vn -0.98852539 0.08422852 0.12524414
vn -0.95312500 0.23437500 0.19140625
vn -0.94482422 0.11059570 0.30834961
vn 0.95751953 0.22631836 0.17797852
vn 0.98339844 0.06909180 0.16748047
vn 0.93286133 0.18603516 0.30883789
vn -0.54785156 0.77294922 -0.32006836
vn -0.96826172 0.13378906 0.21044922
vn -0.76904297 0.63696289 0.05541992
vn -0.82812500 0.45361328 -0.32934570
vn -0.96020508 0.04614258 0.27539062
vn -0.99829102 -0.00512695 0.05615234
vn 0.91894531 0.25341797 0.30249023
vn 0.88598633 0.42919922 0.17602539
vn 0.81054688 0.57812500 -0.09497070
vn 0.71435547 0.69873047 -0.03710938
vn 0.82299805 0.45043945 -0.34594727
vn 0.91088867 0.36108398 0.19946289
vn 0.96459961 0.07739258 0.25195312
vn 0.97875977 0.03833008 0.20092773
vn 0.89331055 -0.43432617 -0.11645508
vn 0.98291016 -0.03198242 0.18164062
vn -0.96850586 0.16479492 0.18603516
vn -0.97509766 -0.15087891 0.16284180
vn -0.98046875 -0.09936523 0.16943359
vn -0.89599609 0.25952148 0.36035156
vn -0.98852539 0.08422852 0.12524414
vn -0.86987305 0.49291992 0.01416016
vn 0.86987305 0.49291992 0.01342773
vn 0.98339844 0.06909180 0.16748047
vn 0.81054688 0.57812500 -0.09497070
vn 0.79394531 -0.52807617 -0.30126953
vn 0.90747070 -0.38183594 0.17456055
vn 0.91967773 -0.33203125 0.20996094
vn 0.81933594 0.47192383 0.32543945
vn 0.81738281 0.48828125 0.30590820
vn 0.98461914 -0.02612305 0.17285156
vn 0.89599609 -0.35888672 0.26171875
vn 0.97875977 0.03833008 0.20092773
vn -0.98681641 0.15698242 -0.03881836
vn -0.93627930 -0.35058594 -0.01586914
vn -0.86987305 0.49291992 0.01416016
vn -0.91284180 0.27685547 0.30029297
vn -0.94482422 0.11059570 0.30834961
vn -0.81665039 0.47973633 0.32080078
vn -0.85302734 0.52172852 -0.00463867
vn -0.94042969 -0.17358398 0.29223633
vn -0.88305664 0.35424805 0.30786133
vn -0.88012695 -0.45556641 0.13281250
vn -0.81518555 -0.56835938 -0.11303711
vn -0.81665039 0.47973633 0.32080078
vn -0.89550781 -0.37646484 0.23706055
vn -0.01123047 0.94140625 -0.33715820
vn -0.08300781 0.90625000 -0.41479492
vn -0.98681641 0.15698242 -0.03881836
vn 0.98706055 0.15478516 -0.04443359
vn 0.96459961 0.07739258 0.25195312
vn 0.86987305 0.49291992 0.01342773
vn 0.98706055 0.15478516 -0.04443359
vn -0.86987305 0.49291992 0.01416016
vn 0.81054688 0.49365234 0.31518555
vn 0.89086914 0.12011719 0.43798828
vn 0.90820312 0.01489258 -0.41845703
vn 0.91088867 0.36108398 0.19946289
vn -0.99194336 -0.10351562 -0.07397461
vn -0.70068359 0.65209961 -0.28955078
vn 0.91088867 0.36108398 0.19946289
vn 0.91088867 0.36108398 0.19946289
vn 0.87817383 0.27514648 0.39111328
vn -0.90820312 0.01464844 -0.41845703
vn -0.89599609 0.25952148 0.36035156
vn -0.90820312 0.01464844 -0.41845703
vn -0.96020508 0.04614258 0.27539062
vn -0.81738281 0.48828125 0.30590820
vn -0.81738281 0.48828125 0.30590820
vn 0.80053711 0.47412109 0.36645508
vn 0.96484375 0.26171875 -0.02563477
vn 0.59887695 0.75317383 0.27172852
vn 0.53857422 0.77539062 0.32934570
vn 0.94653320 -0.31250000 -0.08105469
vn 0.85839844 -0.49682617 0.12841797
vn 0.89941406 -0.36132812 0.24609375
vn 0.85717773 -0.50610352 0.09497070
vn -0.95800781 -0.01660156 0.28613281
vn -0.99829102 -0.00512695 0.05615234
vn -0.73681641 -0.67333984 0.06347656
vn -0.78710938 -0.56738281 0.24145508
vn -0.74218750 0.00708008 0.67016602
vn -0.64526367 0.64208984 0.41381836
vn -0.96826172 0.13378906 0.21044922
vn -0.56005859 0.71337891 0.42138672
vn -0.72192383 0.55737305 0.41015625
vn -0.98046875 -0.09936523 0.16943359
vn -0.98046875 -0.09936523 0.16943359
vn -0.73681641 -0.67333984 0.06347656
vn -0.89819336 -0.43505859 -0.06127930
vn -0.96826172 0.13378906 0.21044922
vn -0.96850586 0.16479492 0.18603516
vn -0.96020508 0.04614258 0.27539062
vn -0.96850586 0.16479492 0.18603516
vn -0.99829102 -0.00512695 0.05615234
vn -0.61206055 -0.62573242 0.48364258
vn 0.97875977 0.03833008 0.20092773
vn 0.89941406 -0.36132812 0.24609375
vn 0.63183594 -0.66088867 0.40478516
vn 0.98461914 -0.02612305 0.17285156
vn 0.91894531 0.25341797 0.30249023
vn 0.98291016 -0.03198242 0.18164062
vn -0.85058594 -0.52465820 0.03466797
vn 0.96484375 0.26171875 -0.02563477
vn -0.96826172 0.13378906 0.21044922
vn 0.94653320 -0.31250000 -0.08105469
vn 0.63183594 -0.66088867 0.40478516
vn 0.80053711 0.47412109 0.36645508
vn -0.60009766 -0.65039062 0.46582031
vn -0.80419922 -0.52001953 -0.28735352
vn -0.69311523 -0.64672852 0.31811523
vn -0.71582031 -0.69238281 -0.09106445
vn -0.96166992 -0.27368164 -0.01098633
vn -0.74853516 -0.63232422 -0.19921875
vn -0.97949219 -0.19116211 0.06372070
vn -0.99731445 0.05810547 0.04541016
vn -0.97314453 -0.21337891 0.08593750
vn -0.91235352 0.37890625 0.15551758
vn -0.67114258 0.73339844 -0.10815430
vn -0.78466797 0.59277344 0.18139648
vn -0.80664062 0.58837891 0.05371094
vn -0.70678711 0.70507812 0.05517578
vn -0.82812500 0.55981445 0.02514648
vn -0.60913086 0.79052734 -0.06323242
vn -0.82226562 0.55639648 -0.12011719
vn -0.83886719 0.52783203 -0.13281250
vn -0.37646484 0.90039062 -0.21875000
vn -0.43457031 0.86206055 -0.26074219
vn -0.79223633 0.56933594 -0.21972656
vn -0.81201172 0.55981445 -0.16430664
vn -0.38403320 0.84326172 -0.37622070
vn -0.74731445 0.60913086 -0.26562500
vn -0.36962891 0.84521484 -0.38574219
vn -0.82153320 0.49829102 -0.27734375
vn -0.74731445 0.60913086 -0.26562500
vn -0.69116211 -0.71435547 -0.11108398
vn -0.99462891 -0.04614258 -0.09130859
vn -0.70019531 -0.70190430 -0.13037109
vn -0.99462891 -0.04614258 -0.09179688
vn -0.70581055 -0.69287109 -0.14697266
vn -0.98999023 -0.11059570 -0.08789062
vn -0.71044922 -0.68896484 -0.14331055
vn -0.70776367 -0.69067383 -0.14843750
vn -0.99316406 -0.05883789 -0.10156250
vn -0.68945312 -0.69799805 -0.19360352
vn -0.98681641 -0.08911133 -0.13549805
vn -0.68652344 -0.69335938 -0.21899414
vn -0.98583984 -0.11010742 -0.12646484
vn -0.69165039 -0.68701172 -0.22265625
vn -0.98803711 -0.11743164 -0.09985352
vn -0.67871094 -0.70166016 -0.21655273
vn -0.98559570 -0.14697266 -0.08300781
vn -0.66699219 -0.71923828 -0.19458008
vn -0.98388672 -0.15551758 -0.08691406
vn -0.66650391 -0.72851562 -0.15869141
vn -0.98217773 -0.16357422 -0.09399414
vn -0.67138672 -0.73120117 -0.12084961
vn -0.97998047 -0.17602539 -0.09277344
vn -0.70483398 -0.70581055 -0.07031250
vn -0.98168945 -0.17285156 -0.08105469
vn -0.69726562 -0.71655273 -0.01538086
vn -0.98266602 -0.17993164 -0.04760742
vn -0.68139648 -0.72241211 0.11791992
vn -0.97924805 -0.20214844 0.01147461
vn -0.64990234 -0.70507812 0.28320312
vn -0.98559570 -0.16357422 0.04052734
vn -0.67822266 -0.61132812 0.40771484
vn -0.97753906 -0.20385742 0.05371094
vn 0.00585938 -0.47680664 -0.87890625
vn -0.64038086 -0.61596680 0.45874023
vn -0.94628906 0.12963867 -0.29663086
vn -0.96044922 0.24218750 -0.13793945
vn -0.95776367 0.28491211 0.03759766
vn -0.42089844 -0.44946289 0.78808594
vn -0.56176758 -0.37622070 0.73681641
vn -0.52709961 -0.55615234 0.64257812
vn 0.45654297 -0.62817383 0.63012695
vn 0.37084961 -0.34155273 0.86352539
vn 0.69311523 -0.64672852 0.31811523
vn 0.67041016 -0.68408203 0.28686523
vn 0.97314453 -0.21337891 0.08593750
vn 0.99755859 0.06884766 0.01538086
vn 0.99731445 0.05810547 0.04541016
vn 0.72753906 0.68554688 0.03002930
vn 0.84838867 0.40551758 0.34033203
vn 0.95776367 0.28491211 0.03759766
vn 0.64746094 0.71777344 -0.25610352
vn 0.97631836 0.21606445 -0.01342773
vn 0.76220703 0.62719727 0.16015625
vn 0.97412109 0.11474609 0.19433594
vn 0.80517578 -0.56054688 -0.19384766
vn 0.60009766 -0.65039062 0.46582031
vn 0.91235352 0.37890625 0.15527344
vn 0.67114258 0.73339844 -0.10815430
vn 0.80932617 0.58666992 0.02368164
vn 0.70678711 0.70507812 0.05517578
vn 0.77392578 0.60839844 0.17578125
vn 0.83764648 0.54614258 0.01879883
vn 0.55786133 0.82836914 -0.04956055
vn 0.47314453 0.85595703 -0.20800781
vn 0.83886719 0.52783203 -0.13281250
vn 0.50927734 0.82470703 -0.24584961
vn 0.83886719 0.53417969 -0.10571289
vn 0.78247070 0.57714844 -0.23339844
vn 0.38403320 0.84326172 -0.37622070
vn 0.50927734 0.82470703 -0.24584961
vn 0.81054688 0.55981445 -0.17211914
vn 0.77197266 0.57617188 -0.26831055
vn 0.36962891 0.84521484 -0.38574219
vn 0.78247070 0.57714844 -0.23339844
vn 0.83032227 0.48828125 -0.26855469
vn 0.92431641 0.14819336 -0.35180664
vn 0.55102539 0.72094727 -0.42041016
vn 0.77197266 0.57617188 -0.26831055
vn 0.98950195 -0.08618164 -0.11523438
vn 0.60107422 0.74829102 -0.28051758
vn 0.61083984 0.76611328 -0.19995117
vn 0.99218750 -0.06152344 -0.10888672
vn 0.60278320 0.77783203 -0.17822266
vn 0.99462891 -0.04614258 -0.09130859
vn 0.60595703 0.78564453 -0.12524414
vn 0.99462891 -0.04614258 -0.09179688
vn 0.61376953 0.77978516 -0.12426758
vn 0.61499023 0.78051758 -0.11206055
vn 0.99560547 -0.05371094 -0.07519531
vn 0.61181641 0.78271484 -0.11474609
vn 0.99316406 -0.05883789 -0.10156250
vn 0.60986328 0.78588867 -0.10205078
vn 0.98681641 -0.08911133 -0.13549805
vn 0.61669922 0.78491211 -0.06030273
vn 0.98583984 -0.11010742 -0.12646484
vn 0.62011719 0.78442383 -0.01269531
vn 0.98803711 -0.11743164 -0.09985352
vn 0.62109375 0.78125000 0.06225586
vn 0.98559570 -0.14697266 -0.08300781
vn 0.62426758 0.77929688 0.05444336
vn 0.98388672 -0.15551758 -0.08691406
vn 0.62475586 0.78051758 -0.02465820
vn 0.98217773 -0.16357422 -0.09399414
vn 0.62939453 0.77197266 -0.08959961
vn 0.97998047 -0.17602539 -0.09277344
vn 0.63330078 0.75732422 -0.16015625
vn 0.98168945 -0.17285156 -0.08081055
vn 0.64233398 0.70605469 -0.29833984
vn 0.98266602 -0.17993164 -0.04760742
vn 0.64160156 0.62036133 -0.45092773
vn 0.97924805 -0.20214844 0.01147461
vn 0.63183594 0.53417969 -0.56152344
vn 0.98559570 -0.16357422 0.04052734
vn 0.60986328 0.46240234 -0.64379883
vn 0.97973633 -0.19311523 0.05517578
vn 0.99121094 -0.11499023 -0.06616211
vn 0.71582031 -0.69238281 -0.09106445
vn 0.96166992 -0.27368164 -0.01098633
vn 0.64233398 -0.76245117 -0.07763672
vn 0.51782227 0.85327148 0.05957031
vn 0.48559570 0.87011719 -0.08544922
vn 0.48974609 0.83154297 -0.26196289
vn 0.46850586 0.85058594 -0.23876953
vn 0.42529297 0.90502930 -0.01464844
vn 0.67114258 0.73339844 -0.10815430
vn 0.70678711 0.70507812 0.05517578
vn 0.34936523 0.91064453 -0.22119141
vn 0.27490234 0.90991211 -0.31030273
vn 0.33569336 0.85766602 -0.38964844
vn 0.33349609 0.86230469 -0.38110352
vn 0.34545898 0.90576172 -0.24536133
vn 0.61083984 0.76611328 -0.19995117
vn 0.34350586 0.89575195 -0.28198242
vn 0.35009766 0.90258789 -0.25048828
vn 0.35107422 0.92065430 -0.17016602
vn 0.40405273 0.90795898 -0.11132812
vn 0.35400391 0.92724609 -0.12158203
vn 0.35473633 0.93017578 -0.09521484
vn 0.28271484 0.95336914 -0.10595703
vn 0.61181641 0.78271484 -0.11474609
vn 0.37084961 0.92846680 -0.01831055
vn 0.35522461 0.93286133 -0.05834961
vn 0.41845703 0.90234375 0.10400391
vn 0.39916992 0.91601562 0.03979492
vn 0.62109375 0.78125000 0.06225586
vn 0.45629883 0.88964844 -0.00683594
vn 0.43579102 0.89721680 0.07104492
vn 0.49023438 0.85400391 -0.17407227
vn 0.48730469 0.87036133 -0.07080078
vn 0.43627930 0.72192383 -0.53710938
vn 0.46411133 0.81372070 -0.34985352
vn 0.62915039 0.45312500 -0.63159180
vn 0.44873047 0.61669922 -0.64672852
vn 0.64453125 -0.60986328 0.46118164
vn -0.00073242 -0.78271484 0.62231445
vn 0.00585938 -0.47680664 -0.87890625
vn 0.68017578 -0.60961914 0.40673828
vn 0.00000000 -0.80639648 0.59155273
vn 0.00000000 -0.89453125 0.44702148
vn 0.68139648 -0.72241211 0.11791992
vn 0.00000000 -0.97558594 0.21948242
vn 0.64990234 -0.70532227 0.28320312
vn 0.00000000 -0.99926758 0.03637695
vn 0.70483398 -0.70581055 -0.07031250
vn 0.00000000 -0.99804688 -0.06445312
vn 0.69726562 -0.71655273 -0.01538086
vn 0.00000000 -0.99340820 -0.11547852
vn 0.66650391 -0.72851562 -0.15869141
vn 0.00000000 -0.98291016 -0.18408203
vn 0.67138672 -0.73120117 -0.12084961
vn 0.00000000 -0.97070312 -0.23999023
vn 0.67871094 -0.70166016 -0.21655273
vn 0.00000000 -0.96069336 -0.27734375
vn 0.66699219 -0.71923828 -0.19458008
vn 0.00000000 -0.95678711 -0.29077148
vn 0.68652344 -0.69335938 -0.21899414
vn 0.00000000 -0.96606445 -0.25854492
vn 0.69165039 -0.68701172 -0.22265625
vn 0.00000000 -0.97241211 -0.23291016
vn 0.70776367 -0.69067383 -0.14843750
vn 0.00000000 -0.98266602 -0.18579102
vn 0.68945312 -0.69799805 -0.19360352
vn 0.70581055 -0.69287109 -0.14697266
vn 0.00000000 -0.98559570 -0.16943359
vn 0.71044922 -0.68896484 -0.14331055
vn 0.00000000 -0.98657227 -0.16357422
vn 0.69116211 -0.71435547 -0.11108398
vn 0.00000000 -0.99121094 -0.13159180
vn 0.70019531 -0.70190430 -0.13037109
vn 0.00000000 -0.99243164 -0.12377930
vn 0.72583008 -0.67211914 -0.14648438
vn 0.00000000 -0.97827148 -0.20727539
vn 0.67529297 -0.72729492 -0.12353516
vn 0.69921875 -0.71459961 -0.01855469
vn 0.00000000 -1.00000000 0.01196289
vn 0.64526367 -0.76318359 0.03125000
vn 0.00000000 -0.99291992 -0.11791992
vn 0.00000000 -0.99877930 -0.05078125
vn 0.00000000 -0.89477539 0.44653320
vn 0.61181641 -0.73437500 0.29418945
vn 0.00000000 -0.90747070 0.42016602
vn 0.00000000 -0.81323242 0.58203125
vn 0.52368164 -0.64990234 0.55078125
vn 0.52685547 -0.55615234 0.64257812
vn 0.00000000 -0.74462891 0.66748047
vn 0.38232422 -0.46777344 0.79687500
vn 0.00000000 -0.64770508 0.76171875
vn 0.47119141 -0.15014648 0.86914062
vn 0.72192383 0.67187500 0.16601562
vn 0.76220703 0.62719727 0.16015625
vn -0.94506836 0.21679688 -0.24438477
vn -0.88476562 0.42553711 -0.18994141
vn -0.86108398 0.46240234 -0.21069336
vn -0.96191406 0.25073242 -0.10815430
vn -0.86938477 0.20849609 0.44775391
vn -0.86401367 0.31567383 0.39208984
vn -0.99389648 0.06787109 -0.08740234
vn -0.84667969 0.10424805 0.52172852
vn -0.77978516 0.16040039 -0.60522461
vn -0.72412109 -0.00903320 0.68969727
vn -0.82910156 -0.07812500 0.55371094
vn -0.82519531 -0.16821289 0.53906250
vn -0.98632812 0.15258789 -0.06225586
vn -0.80371094 -0.21582031 0.55444336
vn -0.75146484 0.29272461 -0.59155273
vn -0.73486328 -0.52929688 0.42382812
vn -0.58349609 -0.11889648 -0.80346680
vn -0.61889648 -0.73974609 0.26416016
vn -0.60351562 0.05517578 -0.79541016
vn -0.65454102 -0.68090820 0.32861328
vn -0.61621094 0.01220703 -0.78735352
vn -0.73632812 -0.44360352 0.51074219
vn -0.53002930 -0.25073242 -0.81005859
vn -0.55395508 0.14819336 -0.81933594
vn -0.78637695 -0.25317383 0.56347656
vn -0.38354492 0.13671875 -0.91333008
vn -0.92138672 0.07397461 0.38134766
vn -0.50024414 0.20776367 -0.84057617
vn -0.56372070 -0.11132812 -0.81860352
vn -0.81909180 0.32910156 0.46972656
vn -0.44628906 -0.61694336 -0.64819336
vn -0.84838867 0.50390625 0.16259766
vn -0.64599609 -0.63110352 -0.42944336
vn -0.72338867 0.56372070 -0.39843750
vn -0.73681641 0.55908203 -0.38037109
vn -0.63012695 -0.68334961 -0.36865234
vn -0.67919922 -0.72802734 0.09423828
vn -0.78759766 -0.55029297 -0.27709961
vn -0.59277344 0.80468750 -0.03320312
vn -0.80249023 0.58837891 0.09985352
vn -0.73291016 -0.57470703 -0.36425781
vn -0.74829102 0.51293945 0.42065430
vn -0.32763672 -0.59033203 0.73754883
vn 0.94555664 0.18481445 -0.26757812
vn 0.94531250 0.21630859 -0.24462891
vn 0.93701172 0.07763672 -0.34082031
vn 0.97192383 0.11059570 -0.20800781
vn 0.99389648 0.06542969 -0.08862305
vn 0.52001953 -0.63598633 -0.57031250
vn 0.84545898 0.10546875 0.52343750
vn 0.82714844 0.14404297 -0.54321289
vn 0.73486328 -0.52929688 0.42382812
vn 0.82348633 0.25317383 -0.50756836
vn 0.86547852 -0.18066406 0.46728516
vn 0.98583984 0.15576172 -0.06298828
vn 0.99609375 0.02612305 -0.08374023
vn 0.72460938 -0.00903320 0.68920898
vn 0.88354492 -0.06542969 0.46386719
vn 0.61889648 -0.73974609 0.26416016
vn 0.58349609 -0.11889648 -0.80346680
vn 0.65454102 -0.68090820 0.32861328
vn 0.60351562 0.05517578 -0.79541016
vn 0.73657227 -0.44335938 0.51098633
vn 0.61621094 0.01245117 -0.78735352
vn 0.53369141 -0.25146484 -0.80737305
vn 0.78588867 -0.24951172 0.56567383
vn 0.56250000 0.14624023 -0.81372070
vn 0.92065430 0.06713867 0.38427734
vn 0.38696289 0.13549805 -0.91210938
vn 0.50146484 0.20678711 -0.84008789
vn 0.81909180 0.32910156 0.46972656
vn 0.56372070 -0.11132812 -0.81860352
vn 0.79833984 0.59399414 0.09887695
vn 0.44628906 -0.61694336 -0.64819336
vn 0.64599609 -0.63110352 -0.42944336
vn 0.70458984 0.57714844 -0.41308594
vn 0.73925781 -0.51782227 -0.43017578
vn 0.72900391 -0.66528320 -0.16113281
vn 0.77368164 0.63378906 -0.00048828
vn 0.79345703 -0.60693359 -0.04467773
vn 0.59570312 0.72949219 -0.33618164
vn 0.79394531 0.60253906 0.08056641
vn 0.60351562 -0.71655273 -0.35009766
vn 0.86962891 0.34008789 0.35766602
vn 0.32763672 -0.59057617 0.73754883
vn 0.89111328 0.17382812 0.41894531
vn 0.87011719 0.24951172 0.42529297
vn 0.88183594 0.34985352 0.31616211
vn 0.84082031 -0.10351562 0.53149414
vn 0.86791992 0.20605469 0.45190430
vn 0.12451172 0.04907227 0.99096680
vn -0.31933594 0.29931641 0.89916992
vn 0.72460938 -0.00903320 0.68920898
vn 0.40771484 0.00048828 0.91308594
vn 0.65039062 -0.20947266 0.73022461
vn -0.59545898 -0.00854492 0.80322266
vn -0.38354492 -0.23339844 0.89355469
vn -0.45532227 -0.62768555 0.63134766
vn 0.73486328 -0.52929688 0.42382812
vn -0.62915039 -0.60961914 0.48217773
vn -0.77148438 -0.35595703 0.52734375
vn 0.65454102 -0.68090820 0.32861328
vn -0.65869141 -0.09716797 0.74609375
vn -0.63281250 -0.04394531 0.77294922
vn 0.78588867 -0.24951172 0.56567383
vn -0.71069336 0.16918945 0.68286133
vn 0.92065430 0.06713867 0.38427734
vn -0.36230469 0.50659180 0.78222656
vn 0.79833984 0.59399414 0.09887695
vn 0.70458984 0.57714844 -0.41308594
vn -0.27539062 0.89672852 0.34619141
vn -0.55981445 0.43701172 0.70410156
vn -0.66308594 -0.74340820 0.08764648
vn 0.16577148 -0.58056641 0.79711914
vn -0.41284180 0.41894531 0.80883789
vn -0.62475586 -0.75341797 0.20483398
vn 0.32763672 -0.59057617 0.73754883
vn 0.03637695 -0.99584961 0.08203125
vn 0.64599609 -0.63110352 -0.42944336
vn -0.57177734 -0.79809570 -0.19018555
vn -0.68994141 -0.49926758 -0.52392578
vn -0.83422852 0.01977539 -0.55102539
vn 0.56372070 -0.11132812 -0.81860352
vn -0.78222656 0.08227539 -0.61767578
vn -0.64721680 0.27514648 -0.71093750
vn 0.38696289 0.13549805 -0.91210938
vn -0.81909180 0.13159180 -0.55834961
vn -0.79272461 0.12036133 -0.59765625
vn -0.74389648 0.44262695 -0.50073242
vn 0.61621094 0.01245117 -0.78735352
vn -0.64501953 0.19384766 -0.73901367
vn -0.77563477 0.09252930 -0.62426758
vn -0.82861328 0.46459961 -0.31250000
vn 0.66601562 0.59252930 -0.45288086
vn 0.53613281 0.77807617 -0.32739258
vn 0.87719727 0.14575195 0.45727539
vn 0.80737305 -0.44702148 -0.38500977
vn -0.53442383 0.77954102 -0.32666016
vn -0.82910156 -0.36108398 -0.42700195
vn -0.92016602 0.12695312 -0.37036133
vn 0.29296875 -0.72119141 -0.62768555
vn -0.61572266 -0.61645508 -0.49072266
vn 0.87573242 -0.47314453 -0.09521484
vn 0.91845703 -0.20410156 -0.33862305
vn 0.92797852 -0.04467773 -0.36962891
vn 0.75195312 -0.36840820 -0.54663086
vn 0.93237305 0.29296875 -0.21215820
vn 0.89941406 0.38281250 -0.21118164
vn 0.87353516 0.41796875 -0.24975586
vn 0.86108398 0.46240234 -0.21069336
vn 0.83764648 0.54614258 0.01879883
vn 0.84765625 0.51293945 -0.13598633
vn 0.84057617 0.53955078 -0.04785156
vn 0.82910156 0.55883789 -0.01831055
vn 0.77392578 0.60839844 0.17578125
vn 0.87353516 0.44946289 0.18676758
vn 0.87622070 0.47875977 0.05273438
vn -0.91235352 -0.08251953 0.40112305
vn 0.77954102 0.27563477 0.56225586
vn -0.86401367 0.29541016 0.40771484
vn -0.87353516 0.44946289 0.18676758
vn -0.84448242 0.53222656 0.06005859
vn -0.78466797 0.59277344 0.18139648
vn -0.82812500 0.55981445 0.02514648
vn -0.83740234 0.54638672 -0.00854492
vn -0.80664062 0.58837891 0.05371094
vn -0.85375977 0.51342773 -0.08642578
vn -0.82812500 0.55981445 0.02514648
vn -0.87475586 0.43383789 -0.21557617
vn -0.74731445 0.60913086 -0.26562500
vn -0.92749023 0.17041016 -0.33300781
vn -0.93017578 0.30346680 -0.20703125
vn -0.82153320 0.49829102 -0.27734375
vn -0.94555664 0.18481445 -0.26757812
vn -0.93408203 0.28979492 -0.20898438
vn -0.93701172 0.07861328 -0.34057617
vn -0.92822266 -0.04272461 -0.36938477
vn 0.85107422 -0.48120117 -0.20996094
vn -0.41674805 -0.71044922 -0.56689453
vn 0.84545898 -0.52636719 -0.09008789
vn -0.41674805 -0.71044922 -0.56689453
vn 0.79711914 -0.46728516 -0.38232422
vn 0.37158203 0.18579102 0.90966797
vn -0.72412109 -0.00903320 0.68969727
vn 0.62280273 -0.00122070 -0.78222656
vn -0.37255859 -0.34008789 -0.86352539
vn -0.46850586 -0.05908203 -0.88134766
vn 0.51806641 -0.09106445 -0.85034180
vn -0.51489258 -0.45800781 -0.72460938
vn 0.69165039 -0.03222656 -0.72167969
vn -0.64184570 -0.20019531 -0.74023438
vn 0.51342773 0.09667969 -0.85253906
vn -0.45434570 -0.09765625 -0.88549805
vn 0.87084961 0.00659180 -0.49145508
vn 0.85083008 -0.21411133 -0.47973633
vn 0.88232422 -0.37426758 -0.28515625
vn 0.90112305 -0.05981445 -0.42919922
vn 0.91284180 0.17456055 -0.36938477
vn 0.94628906 0.12963867 -0.29663086
vn 0.96044922 0.24243164 -0.13793945
vn 0.98657227 0.15698242 -0.04248047
vn 0.96215820 0.26806641 0.04833984
vn 0.89428711 0.37036133 0.25097656
vn 0.85083008 0.47680664 0.22143555
vn 0.69653320 0.43017578 0.57397461
vn 0.85546875 0.31542969 0.41064453
vn 0.59277344 0.16210938 0.78881836
vn 0.52368164 0.22436523 0.82177734
vn 0.71240234 0.11474609 0.69238281
vn 0.42578125 0.02929688 0.90429688
vn 0.73510742 0.09960938 0.67065430
vn 0.40966797 -0.19897461 0.89038086
vn 0.24438477 -0.44360352 0.86230469
vn 0.71215820 0.14648438 0.68676758
vn -0.75048828 -0.15917969 0.64135742
vn 0.84887695 -0.10058594 0.51904297
vn 0.76806641 -0.42749023 0.47680664
vn 0.72851562 -0.06250000 0.68212891
vn -0.16015625 -0.39355469 0.90527344
vn -0.80712891 0.16650391 0.56640625
vn -0.35815430 -0.18750000 0.91455078
vn -0.61474609 0.10571289 0.78149414
vn -0.81787109 0.14624023 0.55664062
vn -0.76879883 0.20654297 0.60522461
vn -0.46044922 0.02880859 0.88720703
vn -0.50000000 0.24682617 0.83007812
vn -0.72290039 0.44189453 0.53125000
vn -0.87500000 0.30761719 0.37353516
vn -0.93334961 0.33691406 0.12377930
vn -0.85717773 0.46411133 0.22363281
vn -0.99121094 0.13281250 0.00146484
vn -0.96044922 0.24218750 -0.13793945
vn -0.92407227 0.20434570 -0.32275391
vn -0.90112305 -0.05981445 -0.42919922
vn -0.95458984 -0.00952148 -0.29785156
vn -0.86962891 -0.20483398 -0.44946289
vn -0.88647461 0.20922852 -0.41284180
vn -0.60278320 -0.04687500 -0.79663086
vn 0.64062500 0.05712891 -0.76586914
vn -0.67211914 0.06494141 -0.73754883
vn 0.62207031 -0.29736328 -0.72412109
vn -0.53295898 -0.22778320 -0.81494141
vn 0.55249023 -0.35107422 -0.75585938
vn -0.61181641 0.07543945 -0.78735352
vn 0.44995117 -0.14868164 -0.88061523
vn -0.62060547 -0.09082031 -0.77905273
vn 0.64208984 -0.25317383 -0.72363281
vn 0.61401367 -0.52514648 -0.58911133
vn 0.64013672 -0.36987305 -0.67333984
vn -0.71435547 -0.47509766 -0.51391602
vn 0.74902344 -0.08715820 -0.65698242
vn -0.38940430 -0.52392578 -0.75756836
vn 0.79687500 -0.17968750 -0.57690430
vn 0.55322266 -0.21557617 -0.80468750
vn -0.71313477 -0.24389648 -0.65747070
vn -0.06787109 -0.45141602 -0.88964844
vn -0.69213867 -0.28002930 -0.66528320
vn 0.75903320 -0.50024414 -0.41650391
vn -0.44384766 -0.77954102 -0.44189453
vn 0.73095703 -0.43994141 -0.52172852
vn -0.71240234 -0.36303711 -0.60058594
vn 0.69067383 0.18334961 -0.69970703
vn -0.70947266 -0.09057617 -0.69897461
vn 0.18896484 -0.95971680 -0.20800781
vn 0.75292969 -0.29858398 0.58642578
vn 0.77441406 0.48583984 0.40527344
vn 0.09716797 0.32739258 0.93994141
vn 0.59667969 0.51782227 0.61303711
vn 0.49804688 0.33813477 0.79858398
vn -0.77221680 0.22607422 0.59375000
vn 0.64892578 0.39843750 0.64819336
vn -0.71118164 -0.03076172 0.70239258
vn -0.84887695 -0.10058594 0.51904297
vn 0.85278320 0.31103516 0.41967773
vn 0.73632812 0.04028320 0.67529297
vn -0.73852539 0.41699219 0.53002930
vn 0.84228516 -0.17822266 0.50878906
vn -0.65795898 -0.36669922 0.65771484
vn -0.92333984 0.07373047 0.37719727
vn 0.71215820 0.14648438 0.68676758
vn 0.91284180 0.17456055 -0.36938477
vn 0.85083008 -0.21411133 -0.47973633
vn 0.85864258 -0.07397461 -0.50708008
vn 0.84228516 -0.17822266 0.50878906
vn 0.85278320 0.31103516 0.41967773
vn 0.80957031 0.09448242 -0.57958984
vn 0.62280273 -0.00122070 -0.78222656
vn 0.64892578 0.39843750 0.64819336
vn 0.74902344 -0.08715820 -0.65698242
vn 0.64013672 -0.36987305 -0.67333984
vn 0.74902344 -0.08715820 -0.65698242
vn 0.77441406 0.48583984 0.40527344
vn 0.79687500 -0.17968750 -0.57690430
vn 0.79687500 -0.17968750 -0.57690430
vn 0.82055664 0.15209961 -0.55102539
vn 0.81884766 -0.28662109 -0.49707031
vn 0.79833984 0.14013672 0.58569336
vn 0.73095703 -0.43994141 -0.52172852
vn 0.69018555 0.18725586 -0.69897461
vn 0.75463867 -0.29296875 0.58691406
vn 0.19897461 -0.95776367 -0.20800781
vn -0.60278320 -0.04687500 -0.79663086
vn -0.75048828 -0.15917969 0.64135742
vn -0.85278320 0.31103516 0.41967773
vn -0.61181641 0.07543945 -0.78735352
vn -0.63134766 -0.32543945 -0.70385742
vn -0.74340820 -0.05395508 -0.66650391
vn -0.66455078 0.28027344 0.69262695
vn -0.81054688 -0.27099609 -0.51904297
vn -0.61206055 0.53515625 0.58203125
vn -0.60986328 -0.01318359 -0.79248047
vn -0.81811523 0.07006836 -0.57080078
vn -0.59716797 0.54223633 0.59106445
vn -0.82080078 0.28710938 0.49389648
vn -0.71313477 -0.54614258 -0.43969727
vn -0.66943359 -0.13281250 -0.73095703
vn -0.81567383 0.20556641 -0.54101562
vn -0.61206055 -0.30883789 0.72802734
vn -0.19897461 -0.95776367 -0.20800781
vn -0.94042969 0.32177734 0.11059570
vn 0.70605469 -0.09448242 -0.70190430
vn 0.58422852 -0.56323242 0.58422852
vn -0.18896484 -0.95971680 -0.20800781
vn -0.61206055 0.53515625 0.58203125
vn 0.73583984 0.05322266 0.67529297
vn 0.75317383 0.24536133 0.61035156
vn 0.85742188 0.21118164 0.46923828
vn 0.22021484 0.26318359 0.93920898
vn -0.79199219 0.06811523 0.60668945
vn 0.70507812 -0.09838867 -0.70239258
vn 0.58056641 -0.56762695 0.58374023
vn 0.63891602 -0.42968750 -0.63818359
vn -0.74340820 -0.05395508 -0.66650391
vn 0.67724609 -0.37866211 -0.63085938
vn 0.42333984 -0.41259766 -0.80664062
vn -0.24121094 -0.38916016 -0.88916016
vn 0.50415039 -0.75512695 -0.41894531
vn 0.50122070 -0.68847656 -0.52416992
vn 0.70507812 -0.09838867 -0.70239258
vn 0.74609375 -0.16894531 0.64404297
vn 0.62182617 -0.55029297 0.55712891
vn 0.63427734 -0.61987305 0.46215820
vn -0.61889648 -0.73974609 0.26416016
vn 0.65844727 -0.09692383 0.74633789
vn 0.68530273 -0.35595703 0.63549805
vn 0.63256836 -0.04370117 0.77319336
vn 0.71069336 0.16870117 0.68310547
vn -0.92138672 0.07397461 0.38134766
vn 0.36230469 0.50659180 0.78247070
vn -0.17114258 0.92187500 0.34741211
vn -0.84838867 0.50390625 0.16259766
vn -0.52807617 0.81225586 0.24780273
vn 0.81079102 0.54101562 0.22363281
vn -0.05371094 0.90112305 0.43041992
vn -0.79394531 0.43701172 0.42260742
vn -0.64306641 -0.74340820 -0.18408203
vn -0.16577148 -0.58056641 0.79711914
vn 0.00634766 -0.59033203 0.80712891
vn 0.65478516 0.34008789 0.67480469
vn -0.70117188 0.41894531 0.57690430
vn 0.77099609 0.03173828 -0.63623047
vn 0.77978516 0.21948242 -0.58618164
vn 0.74389648 0.44287109 -0.50048828
vn -0.61621094 0.01220703 -0.78735352
vn -0.61621094 0.01220703 -0.78735352
vn 0.79272461 0.12060547 -0.59741211
vn -0.53002930 -0.25073242 -0.81005859
vn -0.53002930 -0.25073242 -0.81005859
vn 0.82031250 0.13549805 -0.55566406
vn -0.55395508 0.14819336 -0.81933594
vn 0.64941406 0.26953125 -0.71118164
vn -0.38354492 0.13671875 -0.91333008
vn 0.78247070 0.08105469 -0.61743164
vn 0.83422852 0.01953125 -0.55102539
vn -0.56372070 -0.11132812 -0.81860352
vn 0.68994141 -0.49926758 -0.52392578
vn -0.44628906 -0.61694336 -0.64819336
vn 0.77172852 -0.58203125 -0.25610352
vn 0.00097656 -0.98486328 0.17358398
vn -0.09594727 -0.96777344 0.23242188
vn -0.38940430 -0.52392578 -0.75756836
vn -0.68139648 0.44042969 0.58447266
vn -0.67919922 -0.73193359 -0.05541992
vn -0.00634766 -0.59033203 0.80712891
vn -0.67529297 -0.72729492 -0.12353516
vn -0.99218750 -0.06152344 -0.10888672
vn -0.69921875 -0.71459961 -0.01855469
vn -0.99121094 -0.11499023 -0.06616211
vn -0.72583008 -0.67211914 -0.14648438
vn -0.95288086 -0.12646484 -0.27539062
vn -0.48291016 0.86669922 -0.12548828
vn -0.00317383 0.95043945 -0.31079102
vn -0.48632812 0.82763672 -0.28027344
vn -0.50244141 0.86206055 0.06616211
vn -0.00268555 0.99487305 -0.10131836
vn -0.65112305 0.75830078 0.03271484
vn -0.02001953 0.99902344 0.03833008
vn 0.00000000 -0.81323242 0.58203125
vn 0.00000000 -0.74462891 0.66748047
vn -0.52368164 -0.64990234 0.55078125
vn -0.67041016 -0.68408203 0.28686523
vn 0.00000000 -0.96313477 0.26904297
vn -0.61181641 -0.73437500 0.29418945
vn -0.64526367 -0.76318359 0.03125000
vn 0.00000000 -1.00000000 0.01196289
vn 0.00000000 -1.00000000 0.01196289
vn -0.69921875 -0.71459961 -0.01855469
vn 0.00000000 -0.97827148 -0.20727539
vn 0.00000000 -0.99121094 -0.13159180
vn -0.70581055 -0.69287109 -0.14697266
vn 0.00000000 -0.96606445 -0.25854492
vn -0.66699219 -0.71923828 -0.19458008
vn 0.00000000 -0.96069336 -0.27734375
vn 0.00000000 -0.98291016 -0.18408203
vn -0.67138672 -0.73120117 -0.12084961
vn -0.66650391 -0.72851562 -0.15869141
vn 0.00000000 -0.99804688 -0.06445312
vn -0.70483398 -0.70581055 -0.07031250
vn 0.00000000 -0.97558594 0.21948242
vn -0.64990234 -0.70507812 0.28320312
vn -0.68139648 -0.72241211 0.11791992
vn 0.00000000 -0.80639648 0.59155273
vn 0.00000000 -0.80639648 0.59155273
vn -0.67822266 -0.61132812 0.40771484
vn -0.56103516 0.46289062 -0.68627930
vn 0.00585938 -0.47680664 -0.87890625
vn -0.60961914 0.45898438 -0.64624023
vn -0.49462891 0.59106445 -0.63720703
vn -0.36865234 0.51660156 -0.77294922
vn -0.43603516 0.70751953 -0.55639648
vn 0.04907227 0.69311523 -0.71923828
vn -0.44165039 0.81469727 -0.37548828
vn 0.00024414 0.80834961 -0.58886719
vn -0.47070312 0.86132812 -0.19140625
vn -0.02343750 0.91845703 -0.39477539
vn -0.49560547 0.86450195 -0.08300781
vn -0.02124023 0.97436523 -0.22412109
vn -0.47558594 0.87963867 -0.01391602
vn 0.01025391 0.99536133 -0.09472656
vn -0.44946289 0.89135742 0.05810547
vn 0.02124023 0.99975586 -0.00683594
vn -0.42919922 0.89672852 0.10913086
vn 0.01513672 0.99658203 0.08251953
vn -0.41430664 0.90869141 0.05053711
vn 0.01171875 0.99365234 0.11132812
vn -0.38867188 0.92114258 -0.01489258
vn 0.01684570 0.99902344 0.03833008
vn -0.36303711 0.93041992 -0.04980469
vn 0.01928711 0.99951172 -0.02221680
vn -0.35473633 0.93041992 -0.09301758
vn 0.00830078 0.99780273 -0.06469727
vn -0.40454102 0.90893555 -0.10107422
vn 0.00024414 0.99487305 -0.10229492
vn -0.35400391 0.92700195 -0.12377930
vn -0.28271484 0.95190430 -0.11865234
vn -0.28247070 0.95214844 -0.11596680
vn -0.35278320 0.92309570 -0.15356445
vn -0.00024414 0.99145508 -0.12988281
vn -0.34619141 0.89941406 -0.26635742
vn 0.00195312 0.98266602 -0.18505859
vn -0.34570312 0.89648438 -0.27709961
vn 0.00317383 0.95288086 -0.30297852
vn -0.34985352 0.91113281 -0.21777344
vn -0.00463867 0.96459961 -0.26367188
vn -0.33666992 0.86621094 -0.36914062
vn 0.00463867 0.96386719 -0.26684570
vn -0.33300781 0.85400391 -0.39965820
vn 0.00341797 0.91381836 -0.40625000
vn -0.34277344 0.88671875 -0.31054688
vn -0.00292969 0.91113281 -0.41235352
vn -0.39868164 0.89111328 -0.21655273
vn 0.11865234 0.94799805 -0.29565430
vn -0.42504883 0.90502930 -0.01953125
vn -0.28149414 0.94775391 -0.14990234
vn -0.28198242 0.94482422 -0.16674805
vn -0.47460938 0.85839844 -0.19482422
vn -0.00024414 0.99853516 -0.05249023
vn 0.00585938 0.97900391 -0.20410156
vn -0.38403320 0.84326172 -0.37622070
vn -0.42504883 0.90502930 -0.01953125
vn -0.70678711 0.70507812 0.05517578
vn -0.67114258 0.73339844 -0.10815430
vn -0.70678711 0.70507812 0.05517578
vn -0.64746094 0.71777344 -0.25610352
vn -0.47460938 0.85839844 -0.19482422
vn -0.48632812 0.82763672 -0.28027344
vn -0.72753906 0.68554688 0.03002930
vn -0.76220703 0.62719727 0.16015625
vn -0.63598633 0.75854492 0.14257812
vn -0.55102539 0.72094727 -0.42041016
vn -0.61083984 0.76611328 -0.19995117
vn -0.60107422 0.74829102 -0.28051758
vn -0.34619141 0.89941406 -0.26635742
vn -0.60278320 0.77783203 -0.17822266
vn -0.60595703 0.78564453 -0.12524414
vn -0.35400391 0.92700195 -0.12377930
vn -0.69750977 0.70727539 -0.11523438
vn -0.61181641 0.78271484 -0.11474609
vn -0.60986328 0.78588867 -0.10205078
vn -0.61669922 0.78491211 -0.06030273
vn -0.62011719 0.78442383 -0.01269531
vn -0.62109375 0.78125000 0.06225586
vn -0.62426758 0.77929688 0.05444336
vn -0.62475586 0.78051758 -0.02465820
vn -0.47558594 0.87963867 -0.01391602
vn -0.62939453 0.77197266 -0.08959961
vn -0.63330078 0.75732422 -0.16015625
vn -0.64233398 0.70605469 -0.29833984
vn -0.64160156 0.62036133 -0.45092773
vn -0.43603516 0.70751953 -0.55639648
vn -0.63183594 0.53417969 -0.56152344
vn -0.56103516 0.46289062 -0.68627930
vn 0.33471680 0.94213867 0.01806641
vn 0.51782227 0.85327148 0.05957031
vn 0.00585938 0.97900391 -0.20410156
vn 0.40307617 0.90185547 -0.15502930
vn 0.00341797 0.91381836 -0.40625000
vn -0.00463867 0.96459961 -0.26367188
vn 0.34350586 0.89575195 -0.28198242
vn 0.00317383 0.95288086 -0.30297852
vn 0.28320312 0.95312500 -0.10595703
vn 0.41845703 0.90234375 0.10400391
vn 0.45629883 0.88964844 -0.00683594
vn 0.00024414 0.80834961 -0.58886719
vn -0.96118164 0.19433594 0.19580078
vn -0.84838867 0.40551758 0.34033203
vn -0.96582031 0.25219727 -0.05957031
vn -0.97631836 0.21606445 -0.01342773
vn -0.64746094 0.71777344 -0.25610352
vn 0.96044922 0.24243164 -0.13793945
vn 0.94628906 0.12963867 -0.29663086
vn 0.96582031 0.25219727 -0.05957031
vn -0.99755859 0.06884766 0.01538086
vn -0.89892578 0.15234375 0.41088867
vn 0.69653320 0.43017578 0.57397461
vn 0.56176758 -0.37622070 0.73681641
vn -0.48657227 -0.06469727 0.87133789
vn -0.56591797 0.01928711 0.82421875
vn 0.69262695 -0.71337891 0.10620117
vn 0.72924805 -0.67309570 0.12207031
vn 0.00000000 -0.98364258 0.17993164
vn 0.00000000 -0.99560547 0.09350586
vn 0.00000000 -0.99487305 -0.10131836
vn -0.64233398 -0.76245117 -0.07763672
vn 0.00000000 -0.99291992 -0.11791992
vn -0.72924805 -0.67309570 0.12207031
vn 0.00000000 -0.96313477 0.26904297
vn -0.61596680 -0.77685547 0.13012695
vn -0.71582031 -0.69238281 -0.09106445
vn -0.36865234 0.51660156 -0.77294922
vn 0.00585938 -0.47680664 -0.87890625
vn -0.36865234 0.51660156 -0.77294922
vn -0.98950195 -0.08618164 -0.11523438
vn -0.99218750 -0.06152344 -0.10888672
vn -0.99707031 -0.01123047 -0.07543945
vn -0.61669922 0.78491211 -0.06030273
vn -0.62109375 0.78125000 0.06225586
vn -0.98168945 -0.17285156 -0.08105469
vn -0.98266602 -0.17993164 -0.04760742
vn -0.98559570 -0.16357422 0.04052734
vn 0.00585938 -0.47680664 -0.87890625
vn -0.97753906 -0.20385742 0.05371094
vn -0.60961914 0.45898438 -0.64624023
vn 0.87573242 -0.47314453 -0.09521484
vn 0.67529297 -0.72729492 -0.12353516
vn 0.99218750 -0.06152344 -0.10888672
vn 0.99511719 -0.05078125 -0.08593750
vn 0.99462891 -0.04614258 -0.09179688
vn 0.68652344 -0.69335938 -0.21899414
vn 0.98217773 -0.16357422 -0.09399414
vn 0.68017578 -0.60961914 0.40673828
vn -0.64526367 -0.76318359 0.03125000
vn 0.91845703 -0.20410156 -0.33862305
vn 0.76074219 -0.28222656 0.58447266
vn -0.19897461 -0.95776367 -0.20800781
vn -0.61206055 -0.30883789 0.72802734
vn -0.75146484 -0.22094727 0.62158203
vn 0.79248047 -0.18090820 0.58251953
vn -0.81835938 -0.02319336 0.57421875
vn -0.87524414 0.18505859 0.44677734
vn -0.61181641 -0.49243164 0.61914062
vn 0.80834961 0.03442383 0.58764648
vn -0.60937500 -0.49560547 0.61889648
vn -0.75878906 -0.24487305 0.60351562
vn 0.64184570 -0.58129883 -0.50000000
vn 0.81323242 -0.17749023 -0.55419922
vn 0.50122070 -0.68847656 -0.52416992
vn -0.65136719 -0.65307617 -0.38647461
vn -0.79980469 -0.05786133 -0.59741211
vn -0.18896484 -0.95971680 -0.20800781
vn -0.69238281 0.18652344 -0.69702148
vn 0.73095703 -0.43994141 -0.52172852
vn -0.34570312 -0.85424805 -0.38842773
vn -0.71240234 -0.36303711 -0.60058594
vn -0.70800781 -0.09619141 -0.69970703
vn -0.06787109 -0.45141602 -0.88964844
vn -0.65136719 -0.65307617 -0.38647461
vn -0.75146484 -0.22094727 0.62158203
vn -0.75146484 -0.22094727 0.62158203
vn -0.69238281 0.18652344 -0.69702148
vn -0.18896484 -0.95971680 -0.20800781
vn -0.70800781 -0.09619141 -0.69970703
vn 0.19897461 -0.95776367 -0.20800781
vn 0.70507812 -0.09838867 -0.70239258
vn 0.75903320 -0.50024414 -0.41650391
vn 0.73095703 -0.43994141 -0.52172852
vn 0.50122070 -0.68847656 -0.52416992
vn 0.50122070 -0.68847656 -0.52416992
vn 0.18896484 -0.95971680 -0.20800781
vn -0.70947266 -0.09057617 -0.69897461
vn -0.44384766 -0.77954102 -0.44189453
vn -0.71240234 -0.36303711 -0.60058594
vn 0.34960938 0.31884766 0.88110352
vn 0.51367188 0.33764648 0.78881836
vn -0.65478516 -0.75341797 -0.06152344
vn 0.67187500 0.31884766 0.66870117
vn 0.78564453 0.33764648 0.51855469
vn 0.52368164 0.72680664 0.44458008
vn 0.39355469 0.73046875 0.55834961
vn -0.59277344 0.80468750 -0.03320312
vn 0.50756836 0.58154297 0.63574219
vn -0.73901367 0.67358398 0.01171875
vn 0.65820312 0.70532227 0.26342773
vn -0.60058594 0.79833984 0.04638672
vn -0.63916016 0.68627930 0.34716797
vn 0.48681641 0.74340820 0.45874023
vn 0.61572266 0.59692383 0.51440430
vn 0.69604492 0.60253906 0.39062500
vn 0.55664062 0.74731445 0.36303711
vn -0.56860352 0.67211914 0.47460938
vn 0.82543945 0.56250000 -0.04418945
vn -0.73217773 0.66088867 0.16503906
vn -0.70996094 0.68212891 0.17529297
vn 0.65747070 0.72680664 0.19897461
vn -0.75317383 0.65454102 -0.06616211
vn -0.54174805 0.68847656 0.48242188
vn 0.58349609 0.73046875 0.35522461
vn 0.71899414 0.58154297 0.38061523
vn -0.67309570 0.67358398 0.30517578
vn 0.70849609 0.70532227 -0.02099609
vn -0.53222656 0.79833984 0.28198242
vn -0.44775391 0.68627930 0.57324219
vn 0.62939453 0.74340820 0.22656250
vn 0.76977539 0.59692383 0.22631836
vn 0.79394531 0.60253906 0.08056641
vn -0.41284180 0.41894531 0.80883789
vn 0.86962891 0.34008789 0.35766602
vn -0.33227539 0.67211914 0.66186523
vn 0.59570312 0.72949219 -0.33618164
vn -0.60546875 0.66088867 0.44335938
vn -0.72485352 -0.68334961 -0.08666992
vn 0.67065430 -0.66235352 0.33398438
vn -0.73437500 -0.60815430 0.30175781
vn 0.61230469 -0.78735352 -0.07202148
vn 0.96826172 0.17114258 -0.18261719
vn -0.82226562 0.56372070 -0.07690430
vn -0.73437500 -0.60815430 0.30175781
vn -0.83276367 -0.55029297 0.06005859
vn -0.54174805 0.68847656 0.48242188
vn 0.83081055 -0.50561523 0.23242188
vn 0.55664062 0.74731445 0.36303711
vn 0.69604492 0.60253906 0.39062500
vn 0.69287109 -0.71655273 -0.08032227
vn 0.69604492 0.60253906 0.39062500
vn 0.79345703 -0.60693359 -0.04467773
vn -0.53417969 -0.50805664 0.67553711
vn 0.72900391 -0.66528320 -0.16113281
vn -0.72998047 -0.57470703 0.37011719
vn 0.66918945 -0.73779297 -0.08764648
vn -0.00634766 -0.59033203 0.80712891
vn -0.73437500 -0.60815430 0.30175781
vn 0.81884766 -0.52978516 0.22070312
vn -0.83276367 -0.55029297 0.06005859
vn 0.75073242 -0.65283203 0.10180664
vn 0.00195312 -0.99414062 0.10791016
vn 0.85522461 -0.51489258 0.06005859
vn -0.71142578 -0.49560547 0.49829102
vn 0.65161133 -0.72827148 -0.21215820
vn -0.79516602 -0.56176758 0.22778320
vn 0.16577148 -0.58056641 0.79711914
vn 0.58276367 -0.79516602 0.16796875
vn 0.83081055 -0.50561523 0.23242188
vn -0.75927734 -0.50805664 0.40649414
vn -0.81689453 -0.57470703 0.04833984
vn 0.00634766 -0.59033203 0.80712891
vn 0.64770508 -0.65283203 0.39282227
vn 0.76025391 -0.51489258 0.39599609
vn -0.85107422 -0.49560547 0.17333984
vn 0.68212891 -0.72827148 0.06518555
vn -0.82006836 -0.56176758 -0.10815430
vn -0.16577148 -0.58056641 0.79711914
vn 0.64868164 -0.73779297 0.18627930
vn -0.73291016 -0.57470703 -0.36425781
vn -0.78759766 -0.55029297 -0.27709961
vn 0.66284180 -0.52978516 0.52905273
vn -0.78759766 -0.55029297 -0.27709961
vn 0.48193359 -0.66235352 0.57373047
vn -0.36938477 0.57128906 0.73291016
vn 0.00097656 -0.98486328 0.17358398
vn 0.04663086 0.57128906 0.81958008
vn -0.04663086 0.57128906 0.81958008
vn 0.03637695 -0.99584961 0.08203125
vn 0.36938477 0.57128906 0.73291016
vn 0.75073242 -0.65283203 0.10180664
vn 0.65161133 -0.72827148 -0.21215820
vn 0.16577148 -0.58056641 0.79711914
vn 0.65161133 -0.72827148 -0.21215820
vn 0.78564453 0.33764648 0.51855469
vn 0.75073242 -0.65283203 0.10180664
vn 0.70849609 0.70532227 -0.02099609
vn 0.66918945 -0.73779297 -0.08764648
vn -0.00634766 -0.59033203 0.80712891
vn 0.65747070 0.72680664 0.19897461
vn -0.16577148 -0.58056641 0.79711914
vn 0.64770508 -0.65283203 0.39282227
vn -0.36938477 0.57128906 0.73291016
vn -0.60058594 0.79833984 0.04638672
vn -0.63916016 0.68627930 0.34716797
vn -0.73901367 0.67358398 0.01171875
vn -0.79394531 0.43701172 0.42260742
vn -0.63916016 0.68627930 0.34716797
vn -0.65478516 -0.75341797 -0.06152344
vn 0.04663086 0.57128906 0.81958008
vn -0.44775391 0.68627930 0.57324219
vn -0.67309570 0.67358398 0.30517578
vn -0.66308594 -0.74340820 0.08764648
vn -0.04663086 0.57128906 0.81958008
vn -0.41284180 0.41894531 0.80883789
vn -0.62475586 -0.75341797 0.20483398
vn -0.72998047 -0.57470703 0.37011719
vn -0.04663086 0.57128906 0.81958008
vn -0.01831055 0.92187500 0.38696289
vn 0.36938477 0.57128906 0.73291016
vn 0.12231445 0.90112305 0.41601562
vn 0.70849609 0.70532227 -0.02099609
vn 0.04663086 0.57128906 0.81958008
vn 0.65820312 0.70532227 0.26342773
vn 0.52368164 0.72680664 0.44458008
vn -0.83105469 0.42163086 0.36303711
vn -0.53222656 0.79833984 0.28198242
vn -0.04663086 0.57128906 0.81958008
vn -0.53222656 0.79833984 0.28198242
vn 0.36938477 0.57128906 0.73291016
vn -0.05371094 0.90112305 0.43041992
vn -0.60058594 0.79833984 0.04638672
vn -0.60058594 0.79833984 0.04638672
vn -0.17114258 0.92187500 0.34741211
vn -0.84838867 0.50390625 0.16259766
vn -0.73681641 0.55908203 -0.38037109
vn -0.72485352 -0.68334961 -0.08666992
vn -0.75317383 0.65454102 -0.06616211
vn 0.61230469 -0.78735352 -0.07202148
vn 0.58276367 -0.79516602 0.16796875
vn 0.59570312 0.72949219 -0.33618164
vn -0.63281250 -0.04394531 0.77294922
vn -0.36230469 0.50659180 0.78222656
vn -0.57177734 -0.79809570 -0.19018555
vn -0.65869141 -0.09716797 0.74609375
vn -0.82861328 0.46459961 -0.31250000
vn -0.45532227 -0.62768555 0.63134766
vn -0.97314453 0.07568359 -0.21704102
vn -0.93847656 0.34301758 0.03955078
vn -0.44409180 -0.23974609 0.86328125
vn 0.12451172 0.04907227 0.99096680
vn -0.85131836 -0.48168945 -0.20874023
vn 0.15429688 -0.10693359 0.98217773
vn 0.82031250 0.13549805 -0.55566406
vn 0.81079102 0.54101562 0.22363281
vn 0.77172852 -0.58203125 -0.25610352
vn 0.77172852 -0.58203125 -0.25610352
vn 0.96826172 0.17114258 -0.18261719
vn 0.61230469 -0.78735352 -0.07202148
vn 0.77978516 0.21948242 -0.58618164
vn 0.74609375 -0.16894531 0.64404297
vn 0.93920898 0.34082031 0.04052734
vn 0.99707031 0.02514648 -0.07226562
vn 0.74609375 -0.16894531 0.64404297
vn 0.94042969 0.18725586 -0.28369141
vn 0.40771484 0.00048828 0.91308594
vn 0.65039062 -0.20947266 0.73022461
vn 0.40771484 0.00048828 0.91308594
vn 0.94042969 0.18725586 -0.28369141
vn 0.77612305 -0.62231445 0.10180664
vn 0.87573242 -0.47143555 0.10424805
vn -0.80712891 -0.58471680 0.08251953
vn 0.31958008 -0.91308594 0.25317383
vn -0.96972656 -0.23291016 -0.07397461
vn 0.98339844 0.18139648 0.00048828
vn -0.38354492 -0.23339844 0.89355469
vn -0.41674805 -0.71044922 -0.56689453
vn -0.06860352 -0.81860352 -0.57006836
vn -0.69213867 -0.43286133 -0.57739258
vn 0.91845703 -0.20410156 -0.33862305
vn 0.94555664 0.18481445 -0.26757812
vn -0.78076172 -0.34960938 -0.51782227
vn -0.75341797 0.11865234 0.64672852
vn -0.71435547 -0.47509766 -0.51391602
vn -0.46850586 -0.05908203 -0.88134766
vn -0.64184570 -0.20019531 -0.74023438
vn -0.45434570 -0.09765625 -0.88549805
vn 0.63891602 -0.42968750 -0.63818359
vn 0.73632812 0.04028320 0.67529297
vn 0.73632812 0.04028320 0.67529297
vn 0.76806641 -0.42749023 0.47680664
vn 0.72851562 -0.06250000 0.68212891
vn 0.64062500 0.05712891 -0.76586914
vn 0.64062500 0.05712891 -0.76586914
vn -0.80419922 -0.52001953 -0.28735352
vn -0.96044922 0.24218750 -0.13793945
vn 0.85083008 0.47680664 0.22143555
vn -0.93334961 0.33691406 0.12377930
vn 0.96044922 0.24243164 -0.13793945
vn -0.16015625 -0.39355469 0.90527344
vn -0.52856445 -0.22387695 0.81884766
vn 0.48413086 -0.06152344 0.87280273
vn -0.60595703 0.39697266 0.68945312
vn -0.84838867 0.40551758 0.34033203
vn 0.85742188 0.22460938 0.46313477
vn -0.64013672 0.15185547 0.75317383
vn -0.72290039 0.44189453 0.53125000
vn 0.64160156 0.16040039 0.75000000
vn -0.72290039 0.44189453 0.53125000
vn -0.84838867 0.40551758 0.34033203
vn 0.60595703 0.39697266 0.68945312
vn -0.46044922 0.02880859 0.88720703
vn -0.50000000 0.24682617 0.83007812
vn -0.46044922 0.02880859 0.88720703
vn -0.35815430 -0.18750000 0.91455078
vn 0.52368164 0.22436523 0.82177734
vn 0.56591797 0.01928711 0.82421875
vn -0.72753906 0.68554688 0.03002930
vn 0.84838867 0.40551758 0.34033203
vn -0.48388672 -0.19482422 0.85327148
vn 0.00000000 -0.42407227 0.90551758
vn -0.45654297 -0.62817383 0.63012695
vn -0.33496094 -0.33520508 0.88061523
vn 0.45654297 -0.62817383 0.63012695
vn 0.00000000 -0.64770508 0.76171875
vn 0.00000000 -0.42407227 0.90551758
vn 0.00000000 -0.64770508 0.76171875
vn 0.00000000 -0.42407227 0.90551758
vn 0.45654297 -0.62817383 0.63012695
vn 0.00000000 -0.42407227 0.90551758
vn -0.51757812 -0.37548828 0.76879883
vn 0.51757812 -0.37548828 0.76879883
vn 0.37084961 -0.34155273 0.86352539
vn 0.00000000 -0.98266602 -0.18579102
vn 0.00000000 -0.98413086 -0.17749023
vn -0.28271484 0.95190430 -0.11865234
vn -0.28247070 0.95214844 -0.11596680
vn -0.48510742 0.86621094 -0.11962891
vn -0.69750977 0.70727539 -0.11523438
vn 0.65771484 -0.75317383 -0.00073242
vn 0.00000000 -0.99560547 0.09350586
vn -0.65771484 -0.75317383 -0.00073242
vn -0.82226562 0.55639648 -0.12011719
vn 0.83886719 0.53417969 -0.10571289
vn -0.86401367 0.29541016 0.40771484
vn -0.86401367 0.31567383 0.39208984
vn 0.89843750 0.39379883 -0.19482422
vn -0.91235352 -0.08251953 0.40112305
vn 0.83886719 0.53417969 -0.10571289
vn -0.82226562 0.55639648 -0.12011719
vn -0.87817383 0.45361328 -0.15209961
vn -0.97192383 0.11181641 -0.20727539
vn -0.41674805 -0.71044922 -0.56689453
vn 0.84082031 -0.10351562 0.53149414
vn -0.41674805 -0.71044922 -0.56689453
vn 0.75195312 -0.36840820 -0.54663086
vn -0.69213867 -0.43286133 -0.57739258
vn -0.64233398 -0.76245117 -0.07763672
vn 0.17065430 0.95751953 -0.23242188
vn -0.39868164 0.89111328 -0.21655273
vn 0.97998047 0.16772461 0.10791016
vn -0.79199219 0.60888672 -0.04248047
vn -0.99194336 0.07128906 0.10522461
vn 0.52856445 -0.22387695 0.81884766
vn -0.52856445 -0.22387695 0.81884766
vn -0.48388672 -0.19482422 0.85327148
vn -0.60595703 0.39697266 0.68945312
vn -0.81494141 -0.09985352 0.57104492
vn -0.60595703 0.39697266 0.68945312
vn -0.64013672 0.15185547 0.75317383
vn 0.86181641 -0.10424805 0.49633789
vn -0.52856445 -0.22387695 0.81884766
vn -0.48388672 -0.19482422 0.85327148
vn 0.56591797 0.01928711 0.82421875
vn 0.64160156 0.16040039 0.75000000
vn 0.56591797 0.01928711 0.82421875
vn 0.58837891 0.80566406 0.06909180
vn 0.65698242 0.74829102 -0.09057617
vn -0.62744141 0.77368164 -0.08886719
vn -0.79199219 0.60888672 -0.04248047
vn 0.98583984 0.15576172 -0.06298828
vn 0.93920898 0.34082031 0.04052734
vn -0.59985352 0.60131836 -0.52758789
vn -0.98632812 0.15258789 -0.06225586
vn 0.21411133 -0.95947266 0.18310547
vn 0.38330078 -0.90893555 -0.16430664
vn -0.01147461 -0.99975586 0.01391602
vn 0.48095703 -0.86425781 -0.14794922
vn 0.00000000 -0.97851562 -0.20605469
vn 0.73217773 -0.67675781 -0.07690430
vn -0.96166992 -0.27368164 -0.01098633
vn -0.93701172 0.11572266 0.32983398
vn -0.99755859 0.06884766 0.01538086
vn -0.80419922 -0.52001953 -0.28735352
vn -0.88232422 -0.37426758 -0.28515625
vn -0.97949219 -0.19116211 0.06372070
vn -0.95776367 0.28491211 0.03759766
vn -0.95776367 0.28491211 0.03759766
vn 0.95776367 0.28491211 0.03759766
vn 0.97631836 0.21606445 -0.01342773
vn 0.94628906 0.12963867 -0.29663086
vn 0.97949219 -0.19116211 0.06372070
vn 0.84082031 -0.10351562 0.53149414
vn 0.84082031 -0.10351562 0.53149414
vn 0.91235352 0.37890625 0.15527344
vn 0.96191406 0.25073242 -0.10839844
vn -0.99121094 0.11035156 -0.07324219
vn -0.81030273 0.55102539 -0.19897461
vn -0.70458984 0.65283203 -0.27758789
vn -0.81030273 0.55102539 -0.19897461
vn -0.99121094 0.11035156 -0.07324219
vn 0.81030273 0.55102539 -0.19897461
vn 0.99121094 0.11035156 -0.07324219
vn 0.70458984 0.65283203 -0.27758789
vn 0.86181641 -0.10424805 0.49633789
vn 0.99121094 0.11035156 -0.07324219
vn 0.90942383 -0.41381836 0.04028320
vn -0.79199219 0.60888672 -0.04248047
vn -0.99194336 0.07128906 0.10522461
vn 0.71899414 0.69213867 -0.06250000
vn 0.60498047 0.73632812 -0.30273438
vn -0.57397461 0.79516602 -0.19506836
vn -0.70458984 0.65283203 -0.27758789
vn 0.76611328 0.64257812 0.00585938
vn 0.59301758 0.77075195 -0.23291016
vn 0.99121094 0.11035156 -0.07324219
vn 0.87695312 0.41796875 -0.23730469
vn -0.91870117 -0.34106445 -0.19897461
vn -0.90820312 0.01464844 -0.41845703
vn -0.81347656 0.50244141 -0.29296875
vn 0.90820312 0.01489258 -0.41845703
vn 0.81347656 0.50268555 -0.29272461
vn 0.90820312 0.01489258 -0.41845703
vn 0.60302734 0.73999023 -0.29809570
vn 0.79199219 0.35961914 -0.49340820
vn 0.26269531 0.57592773 -0.77416992
vn 0.76611328 0.64257812 0.00585938
vn 0.79199219 0.35961914 -0.49340820
vn -0.76611328 0.64282227 0.00610352
vn -0.76611328 0.64282227 0.00610352
vn -0.76611328 0.64282227 0.00610352
vn -0.26904297 0.57592773 -0.77197266
vn 0.00000000 -0.98706055 0.15991211
vn 0.00000000 -0.98120117 0.19360352
vn -0.45654297 -0.62817383 0.63012695
vn -0.51660156 -0.84204102 0.15478516
vn 0.23632812 -0.97119141 -0.02856445
vn 0.62255859 -0.77075195 0.13623047
vn -0.23632812 -0.97119141 -0.02856445
vn -0.62255859 -0.77075195 0.13623047
vn 0.47021484 -0.83740234 -0.27880859
vn 0.92016602 -0.30908203 -0.24023438
vn 0.89038086 0.42675781 0.15917969
vn 0.90942383 0.40869141 0.07666016
vn 0.77734375 -0.52026367 0.35400391
vn 0.97387695 0.09741211 0.20507812
vn 0.88623047 0.22045898 0.40747070
vn -0.88623047 0.22045898 0.40747070
vn -0.97387695 0.09741211 0.20507812
vn -0.56420898 -0.61914062 0.54638672
vn 0.66235352 0.39672852 0.63549805
vn -0.49536133 0.52612305 0.69116211
vn -0.69213867 0.66577148 0.27832031
vn 0.66235352 0.39672852 0.63549805
vn -0.76123047 0.61352539 0.20971680
vn -0.87890625 0.47631836 -0.02490234
vn -0.89038086 0.42675781 0.15917969
vn -0.90942383 0.40869141 0.07666016
vn 0.90942383 0.40869141 0.07666016
vn 0.97387695 0.09741211 0.20507812
vn -0.90942383 0.40869141 0.07666016
vn -0.99194336 -0.10351562 -0.07397461
vn -0.84399414 0.49389648 0.20922852
vn 0.85351562 0.45751953 0.24951172
vn -0.90136719 0.33740234 0.27124023
vn -0.81958008 0.47583008 0.31958008
vn 0.90161133 0.33715820 0.27124023
vn 0.97485352 0.19995117 0.09765625
vn 0.00000000 0.93750000 0.34765625
vn -0.51660156 0.72314453 0.45849609
vn 0.00000000 0.99926758 0.03930664
vn -0.55517578 0.78540039 0.27368164
vn 0.00000000 0.99926758 0.03930664
vn 0.31323242 0.94897461 0.03857422
vn 0.69946289 0.67724609 0.22875977
vn -0.98022461 0.16357422 0.11035156
vn -0.95703125 -0.00537109 0.29028320
vn 0.98022461 0.16357422 0.11035156
vn 0.69946289 0.67724609 0.22875977
vn 0.93481445 0.32543945 0.14184570
vn -0.98022461 0.16357422 0.11035156
vn -0.83789062 0.43041992 0.33569336
vn 0.00000000 0.98608398 0.16625977
vn -0.50463867 0.85766602 0.09765625
vn -0.40087891 0.90673828 0.13012695
vn 0.00000000 0.98608398 0.16625977
vn 0.53295898 0.84228516 0.08032227
vn -0.17382812 0.98120117 0.08520508
vn 0.34936523 0.93383789 0.07812500
vn 0.00000000 0.99096680 0.13378906
vn -0.34936523 0.93383789 0.07812500
vn 0.02758789 0.99951172 0.00952148
vn 0.00000000 0.99487305 0.10229492
vn 0.00000000 0.99487305 0.10229492
vn 0.34936523 0.93383789 0.07812500
vn 0.00000000 0.99487305 0.10229492
vn 0.40795898 0.85742188 -0.31347656
vn 0.09375000 0.89233398 -0.44165039
vn -0.05078125 0.98217773 -0.18139648
vn -0.40087891 0.90673828 0.13012695
vn -0.34936523 0.93383789 0.07812500
vn 0.04687500 0.98144531 -0.18554688
vn 0.34936523 0.93383789 0.07812500
vn -0.02758789 0.99951172 0.00952148
vn 0.07910156 0.91723633 0.39038086
vn -0.02050781 0.97827148 -0.20654297
vn -0.03051758 0.93603516 0.35058594
vn 0.02758789 0.99951172 0.00952148
vn 0.04956055 0.97827148 -0.20190430
vn 0.00000000 0.98120117 0.19262695
vn 0.04321289 0.97387695 0.22314453
vn -0.04321289 0.97387695 0.22314453
vn -0.37426758 -0.55908203 0.73974609
vn 0.37426758 -0.55908203 0.73974609
vn 0.00000000 -0.82153320 0.57006836
vn 0.65063477 0.68579102 0.32592773
vn 0.73852539 -0.55297852 0.38574219
vn -0.96923828 -0.14672852 0.19702148
vn -0.47729492 0.86669922 0.14477539
vn -0.48120117 0.85205078 0.20654297
vn 0.96777344 -0.19897461 0.15405273
vn -0.48120117 0.85205078 0.20654297
vn 0.11767578 0.94921875 0.29199219
vn 0.76245117 0.64062500 -0.08984375
vn 0.56542969 0.77343750 0.28637695
vn -0.96801758 -0.19531250 0.15722656
vn -0.84375000 0.53515625 -0.04003906
vn -0.77416992 -0.57958984 0.25415039
vn -0.11987305 -0.96435547 0.23583984
vn 0.11987305 -0.96435547 0.23583984
vn 0.00000000 -0.82153320 0.57006836
vn -0.57202148 -0.81958008 -0.03076172
vn 0.00000000 -0.99536133 0.09570312
vn 0.00000000 -0.99536133 0.09570312
vn -0.25292969 -0.95288086 -0.16772461
vn 0.57202148 -0.81958008 -0.03076172
vn 0.11987305 -0.96435547 0.23583984
vn -0.56176758 -0.37622070 0.73681641
vn 0.37084961 -0.34155273 0.86352539
vn -0.42089844 -0.44946289 0.78808594
vn 0.00000000 -0.64770508 0.76171875
vn 0.52685547 -0.55615234 0.64257812
vn 0.80517578 -0.56054688 -0.19384766
vn 0.24438477 -0.44360352 0.86230469
vn -0.52709961 -0.55615234 0.64257812
vn 0.80517578 -0.56054688 -0.19384766
vn 0.52685547 -0.55615234 0.64257812
vn 0.52368164 -0.64990234 0.55078125
vn 0.00000000 -0.90747070 0.42016602
vn 0.69311523 -0.64672852 0.31811523
vn -0.67041016 -0.68408203 0.28686523
vn -0.69311523 -0.64672852 0.31811523
vn -0.69311523 -0.64672852 0.31811523
vn 0.69311523 -0.64672852 0.31811523
vn 0.00000000 -0.81323242 0.58203125
vn -0.52709961 -0.55615234 0.64257812
vn 0.00000000 -0.81323242 0.58203125
vn 0.52368164 -0.64990234 0.55078125
vn 0.00000000 -0.81323242 0.58203125
vn 0.60009766 -0.65039062 0.46582031
vn 0.00000000 -0.74462891 0.66748047
vn 0.00000000 -0.64770508 0.76171875
vn 0.00000000 -0.89477539 0.44653320
vn -0.61181641 -0.73437500 0.29418945
vn 0.00000000 -0.89477539 0.44653320
vn -0.67041016 -0.68408203 0.28686523
vn 0.00000000 -0.96313477 0.26904297
vn -0.61181641 -0.73437500 0.29418945
vn 0.00000000 -0.98364258 0.17993164
vn -0.61596680 -0.77685547 0.13012695
vn -0.65771484 -0.75317383 -0.00073242
vn 0.72924805 -0.67309570 0.12207031
vn 0.77612305 -0.62231445 0.10180664
vn -0.80712891 -0.58471680 0.08251953
vn 0.00000000 -1.00000000 0.01196289
vn 0.00000000 -0.99877930 -0.05078125
vn 0.71582031 -0.69238281 -0.09106445
vn 0.00000000 -0.99877930 -0.05078125
vn 0.64233398 -0.76245117 -0.07763672
vn 0.71582031 -0.69238281 -0.09106445
vn 0.65771484 -0.75317383 -0.00073242
vn -0.71582031 -0.69238281 -0.09106445
vn 0.00000000 -0.99877930 -0.05078125
vn -0.64233398 -0.76245117 -0.07763672
vn -0.65771484 -0.75317383 -0.00073242
vn -0.97631836 0.21606445 -0.01342773
vn 0.64746094 0.71777344 -0.25610352
vn 0.97631836 0.21606445 -0.01342773
vn -0.97631836 0.21606445 -0.01342773
vn -0.99731445 0.05810547 0.04541016
vn 0.94628906 0.12963867 -0.29663086
vn 0.95776367 0.28491211 0.03759766
vn 0.99731445 0.05810547 0.04541016
vn -0.90112305 -0.05981445 -0.42919922
vn -0.94628906 0.12963867 -0.29663086
vn -0.97949219 -0.19116211 0.06372070
vn -0.99731445 0.05810547 0.04541016
vn 0.90112305 -0.05981445 -0.42919922
vn 0.88232422 -0.37426758 -0.28515625
vn 0.99755859 0.06884766 0.01538086
vn 0.91235352 0.37890625 0.15527344
vn 0.96582031 0.25219727 -0.05957031
vn 0.99755859 0.06884766 0.01538086
vn 0.97314453 -0.21337891 0.08593750
vn 0.97949219 -0.19116211 0.06372070
vn -0.96582031 0.25219727 -0.05957031
vn -0.99755859 0.06884766 0.01538086
vn -0.87353516 0.44946289 0.18676758
vn -0.84448242 0.53222656 0.06005859
vn -0.96191406 0.25073242 -0.10815430
vn -0.96191406 0.25073242 -0.10815430
vn -0.96191406 0.25073242 -0.10815430
vn -0.88476562 0.42553711 -0.18994141
vn 0.88183594 0.34985352 0.31616211
vn 0.87353516 0.44946289 0.18676758
vn 0.84765625 0.51293945 -0.13598633
vn 0.89843750 0.39379883 -0.19482422
vn 0.94555664 0.18481445 -0.26757812
vn 0.94531250 0.21630859 -0.24462891
vn 0.87353516 0.41796875 -0.24975586
vn 0.86108398 0.46240234 -0.21069336
vn 0.97192383 0.11059570 -0.20800781
vn -0.92822266 -0.04272461 -0.36938477
vn -0.94506836 0.21679688 -0.24438477
vn -0.94506836 0.21679688 -0.24438477
vn -0.94506836 0.21679688 -0.24438477
vn -0.94555664 0.18481445 -0.26757812
vn -0.96191406 0.25073242 -0.10815430
vn -0.86938477 0.20849609 0.44775391
vn -0.91235352 -0.08251953 0.40112305
vn -0.31933594 0.29931641 0.89916992
vn 0.96191406 0.25073242 -0.10839844
vn 0.87011719 0.24951172 0.42529297
vn -0.99389648 0.06787109 -0.08740234
vn -0.96191406 0.25073242 -0.10815430
vn -0.99389648 0.06787109 -0.08740234
vn 0.99389648 0.06542969 -0.08862305
vn 0.97192383 0.11059570 -0.20800781
vn 0.82714844 0.14404297 -0.54321289
vn 0.86791992 0.20605469 0.45190430
vn 0.92797852 -0.04467773 -0.36962891
vn 0.93701172 0.07763672 -0.34082031
vn -0.95288086 -0.12646484 -0.27539062
vn 0.83032227 0.48828125 -0.26855469
vn -0.92749023 0.17041016 -0.33300781
vn -0.99121094 -0.11499023 -0.06616211
vn -0.92749023 0.17041016 -0.33300781
vn 0.72583008 -0.67211914 -0.14648438
vn 0.99121094 -0.11499023 -0.06616211
vn 0.69921875 -0.71459961 -0.01855469
vn 0.64526367 -0.76318359 0.03125000
vn -0.99121094 -0.11499023 -0.06616211
vn -0.74853516 -0.63232422 -0.19921875
vn -0.99121094 -0.11499023 -0.06616211
vn 0.98583984 0.15576172 -0.06298828
vn -0.86938477 0.20849609 0.44775391
vn -0.31933594 0.29931641 0.89916992
vn 0.37158203 0.18579102 0.90966797
vn 0.40771484 0.00048828 0.91308594
vn -0.82519531 -0.16821289 0.53906250
vn -0.73486328 -0.52929688 0.42382812
vn -0.80371094 -0.21582031 0.55444336
vn 0.62182617 -0.55029297 0.55712891
vn -0.73632812 -0.44360352 0.51074219
vn -0.92138672 0.07397461 0.38134766
vn -0.81909180 0.32910156 0.46972656
vn 0.72460938 -0.00903320 0.68920898
vn 0.12451172 0.04907227 0.99096680
vn 0.88354492 -0.06542969 0.46386719
vn -0.59545898 -0.00854492 0.80322266
vn -0.38354492 -0.23339844 0.89355469
vn -0.38354492 -0.23339844 0.89355469
vn 0.61889648 -0.73974609 0.26416016
vn -0.45532227 -0.62768555 0.63134766
vn -0.65869141 -0.09716797 0.74609375
vn -0.63281250 -0.04394531 0.77294922
vn -0.83105469 0.42163086 0.36303711
vn -0.59985352 0.60131836 -0.52758789
vn -0.75146484 0.29272461 -0.59155273
vn -0.82910156 -0.36108398 -0.42700195
vn 0.52001953 -0.63598633 -0.57031250
vn 0.66601562 0.59252930 -0.45288086
vn 0.74609375 -0.16894531 0.64404297
vn 0.53613281 0.77807617 -0.32739258
vn 0.82714844 0.14404297 -0.54321289
vn -0.92016602 0.12695312 -0.37036133
vn -0.85131836 -0.48168945 -0.20874023
vn 0.15429688 -0.10693359 0.98217773
vn 0.87573242 -0.47314453 -0.09521484
vn 0.80737305 -0.44702148 -0.38500977
vn 0.87719727 0.14575195 0.45727539
vn -0.41674805 -0.71044922 -0.56689453
vn 0.79711914 -0.46728516 -0.38232422
vn -0.85131836 -0.48168945 -0.20874023
vn -0.77563477 0.09252930 -0.62426758
vn 0.58349609 -0.11889648 -0.80346680
vn 0.56250000 0.14624023 -0.81372070
vn 0.38696289 0.13549805 -0.91210938
vn -0.83422852 0.01977539 -0.55102539
vn 0.50146484 0.20678711 -0.84008789
vn 0.44628906 -0.61694336 -0.64819336
vn 0.64599609 -0.63110352 -0.42944336
vn 0.77099609 0.03173828 -0.63623047
vn -0.58349609 -0.11889648 -0.80346680
vn 0.74389648 0.44287109 -0.50048828
vn -0.60351562 0.05517578 -0.79541016
vn 0.79272461 0.12060547 -0.59741211
vn -0.61621094 0.01220703 -0.78735352
vn 0.79272461 0.12060547 -0.59741211
vn 0.82031250 0.13549805 -0.55566406
vn 0.78247070 0.08105469 -0.61743164
vn 0.83422852 0.01953125 -0.55102539
vn -0.50024414 0.20776367 -0.84057617
vn 0.78247070 0.08105469 -0.61743164
vn 0.68994141 -0.49926758 -0.52392578
vn -0.56372070 -0.11132812 -0.81860352
vn 0.83422852 0.01953125 -0.55102539
vn -0.44628906 -0.61694336 -0.64819336
vn 0.68994141 -0.49926758 -0.52392578
vn 0.60351562 0.05517578 -0.79541016
vn -0.72924805 -0.67309570 0.12207031
vn -0.65771484 -0.75317383 -0.00073242
vn 0.15429688 -0.10693359 0.98217773
vn 0.72924805 -0.67309570 0.12207031
vn 0.96166992 -0.27368164 -0.01098633
vn -0.60351562 0.05517578 -0.79541016
vn -0.61889648 -0.73974609 0.26416016
vn -0.58349609 -0.11889648 -0.80346680
vn -0.61621094 0.01220703 -0.78735352
vn -0.65454102 -0.68090820 0.32861328
vn -0.60351562 0.05517578 -0.79541016
vn -0.55395508 0.14819336 -0.81933594
vn -0.78637695 -0.25317383 0.56347656
vn -0.81909180 0.32910156 0.46972656
vn -0.92138672 0.07397461 0.38134766
vn -0.84838867 0.50390625 0.16259766
vn 0.58349609 -0.11889648 -0.80346680
vn 0.61889648 -0.73974609 0.26416016
vn 0.58349609 -0.11889648 -0.80346680
vn 0.61621094 0.01245117 -0.78735352
vn 0.60351562 0.05517578 -0.79541016
vn 0.92065430 0.06713867 0.38427734
vn 0.50146484 0.20678711 -0.84008789
vn 0.92065430 0.06713867 0.38427734
vn 0.56372070 -0.11132812 -0.81860352
vn 0.81909180 0.32910156 0.46972656
vn 0.62182617 -0.55029297 0.55712891
vn 0.63427734 -0.61987305 0.46215820
vn 0.77978516 0.21948242 -0.58618164
vn 0.77099609 0.03173828 -0.63623047
vn 0.74389648 0.44287109 -0.50048828
vn 0.68530273 -0.35595703 0.63549805
vn 0.65844727 -0.09692383 0.74633789
vn 0.65844727 -0.09692383 0.74633789
vn 0.71069336 0.16870117 0.68310547
vn 0.63256836 -0.04370117 0.77319336
vn -0.74389648 0.44262695 -0.50073242
vn -0.63281250 -0.04394531 0.77294922
vn -0.79272461 0.12036133 -0.59765625
vn -0.36230469 0.50659180 0.78222656
vn -0.78222656 0.08227539 -0.61767578
vn -0.83422852 0.01977539 -0.55102539
vn -0.83105469 0.42163086 0.36303711
vn -0.83422852 0.01977539 -0.55102539
vn -0.96118164 0.19433594 0.19580078
vn -0.76220703 0.62719727 0.16015625
vn -0.84838867 0.40551758 0.34033203
vn 0.72192383 0.67187500 0.16601562
vn 0.72192383 0.67187500 0.16601562
vn 0.51782227 0.85327148 0.05957031
vn -0.72753906 0.68554688 0.03002930
vn -0.50244141 0.86206055 0.06616211
vn -0.48291016 0.86669922 -0.12548828
vn -0.72753906 0.68554688 0.03002930
vn 0.48559570 0.87011719 -0.08544922
vn 0.72753906 0.68554688 0.03002930
vn -0.64746094 0.71777344 -0.25610352
vn -0.48632812 0.82763672 -0.28027344
vn 0.46850586 0.85058594 -0.23876953
vn -0.42504883 0.90502930 -0.01953125
vn -0.47460938 0.85839844 -0.19482422
vn 0.42529297 0.90502930 -0.01464844
vn 0.46850586 0.85058594 -0.23876953
vn -0.36962891 0.84521484 -0.38574219
vn -0.33300781 0.85400391 -0.39965820
vn -0.33666992 0.86621094 -0.36914062
vn -0.55102539 0.72094727 -0.42041016
vn -0.61083984 0.76611328 -0.19995117
vn -0.34570312 0.89648438 -0.27709961
vn 0.60107422 0.74829102 -0.28051758
vn 0.61083984 0.76611328 -0.19995117
vn 0.35107422 0.92065430 -0.17016602
vn -0.60595703 0.78564453 -0.12524414
vn 0.61376953 0.77978516 -0.12426758
vn 0.61499023 0.78051758 -0.11206055
vn -0.40454102 0.90893555 -0.10107422
vn 0.61181641 0.78271484 -0.11474609
vn 0.61499023 0.78051758 -0.11206055
vn -0.60986328 0.78588867 -0.10205078
vn -0.36303711 0.93041992 -0.04980469
vn 0.61669922 0.78491211 -0.06030273
vn 0.62011719 0.78442383 -0.01269531
vn -0.44946289 0.89135742 0.05810547
vn 0.43579102 0.89721680 0.07104492
vn -0.63330078 0.75732422 -0.16015625
vn 0.63330078 0.75732422 -0.16015625
vn 0.48730469 0.87036133 -0.07080078
vn 0.62939453 0.77197266 -0.08959961
vn -0.47070312 0.86132812 -0.19140625
vn -0.44165039 0.81469727 -0.37548828
vn 0.44873047 0.61669922 -0.64672852
vn -0.49462891 0.59106445 -0.63720703
vn 0.60986328 0.46240234 -0.64379883
vn -0.49462891 0.59106445 -0.63720703
vn -0.67529297 -0.72729492 -0.12353516
vn 0.67529297 -0.72729492 -0.12353516
vn 0.00000000 -0.97827148 -0.20727539
vn 0.00000000 -0.99243164 -0.12377930
vn 0.00000000 -0.99243164 -0.12377930
vn 0.69116211 -0.71435547 -0.11108398
vn -0.69116211 -0.71435547 -0.11108398
vn 0.00000000 -0.99243164 -0.12377930
vn -0.70019531 -0.70190430 -0.13037109
vn 0.00000000 -0.99121094 -0.13159180
vn 0.00000000 -0.98657227 -0.16357422
vn 0.70019531 -0.70190430 -0.13037109
vn 0.00000000 -0.98657227 -0.16357422
vn 0.00000000 -0.98559570 -0.16943359
vn 0.00000000 -0.98413086 -0.17749023
vn 0.71044922 -0.68896484 -0.14331055
vn 0.00000000 -0.98559570 -0.16943359
vn 0.00000000 -0.98413086 -0.17749023
vn -0.70776367 -0.69067383 -0.14843750
vn -0.71044922 -0.68896484 -0.14331055
vn -0.68945312 -0.69799805 -0.19360352
vn 0.00000000 -0.98266602 -0.18579102
vn 0.00000000 -0.97241211 -0.23291016
vn 0.68652344 -0.69335938 -0.21899414
vn -0.68652344 -0.69335938 -0.21899414
vn 0.00000000 -0.97241211 -0.23291016
vn -0.68945312 -0.69799805 -0.19360352
vn 0.00000000 -0.96606445 -0.25854492
vn -0.69165039 -0.68701172 -0.22265625
vn 0.69165039 -0.68701172 -0.22265625
vn 0.00000000 -0.96606445 -0.25854492
vn 0.00000000 -0.95678711 -0.29077148
vn 0.67871094 -0.70166016 -0.21655273
vn 0.00000000 -0.95678711 -0.29077148
vn -0.69165039 -0.68701172 -0.22265625
vn 0.66699219 -0.71923828 -0.19458008
vn 0.00000000 -0.96069336 -0.27734375
vn 0.00000000 -0.97070312 -0.23999023
vn -0.67138672 -0.73120117 -0.12084961
vn 0.67138672 -0.73120117 -0.12084961
vn 0.00000000 -0.98291016 -0.18408203
vn 0.00000000 -0.99340820 -0.11547852
vn 0.00000000 -0.99340820 -0.11547852
vn 0.70483398 -0.70581055 -0.07031250
vn 0.67138672 -0.73120117 -0.12084961
vn -0.69921875 -0.71459961 -0.01855469
vn -0.72583008 -0.67211914 -0.14648438
vn 0.69921875 -0.71459961 -0.01855469
vn 0.00000000 -0.97827148 -0.20727539
vn -0.69726562 -0.71655273 -0.01538086
vn 0.00000000 -0.99804688 -0.06445312
vn 0.00000000 -0.99926758 0.03637695
vn 0.69726562 -0.71655273 -0.01538086
vn 0.00000000 -0.99926758 0.03637695
vn 0.00000000 -0.97558594 0.21948242
vn -0.64038086 -0.61596680 0.45874023
vn 0.64453125 -0.60986328 0.46118164
vn -0.99218750 -0.06152344 -0.10888672
vn -0.98950195 -0.08618164 -0.11523438
vn -0.99462891 -0.04614258 -0.09179688
vn -0.98999023 -0.11059570 -0.08789062
vn -0.70581055 -0.69287109 -0.14697266
vn -0.99707031 -0.01123047 -0.07543945
vn -0.98999023 -0.11059570 -0.08789062
vn -0.98681641 -0.08911133 -0.13549805
vn -0.68945312 -0.69799805 -0.19360352
vn -0.99316406 -0.05883789 -0.10156250
vn -0.98583984 -0.11010742 -0.12646484
vn -0.68652344 -0.69335938 -0.21899414
vn -0.98681641 -0.08911133 -0.13549805
vn -0.98803711 -0.11743164 -0.09985352
vn -0.66699219 -0.71923828 -0.19458008
vn -0.66650391 -0.72851562 -0.15869141
vn -0.98388672 -0.15551758 -0.08691406
vn -0.67138672 -0.73120117 -0.12084961
vn -0.98217773 -0.16357422 -0.09399414
vn -0.98168945 -0.17285156 -0.08105469
vn -0.70483398 -0.70581055 -0.07031250
vn -0.97998047 -0.17602539 -0.09277344
vn -0.98266602 -0.17993164 -0.04760742
vn -0.98168945 -0.17285156 -0.08105469
vn -0.97924805 -0.20214844 0.01147461
vn -0.64990234 -0.70507812 0.28320312
vn -0.97753906 -0.20385742 0.05371094
vn -0.64038086 -0.61596680 0.45874023
vn 0.99218750 -0.06152344 -0.10888672
vn 0.69116211 -0.71435547 -0.11108398
vn 0.70019531 -0.70190430 -0.13037109
vn 0.70581055 -0.69287109 -0.14697266
vn 0.71044922 -0.68896484 -0.14331055
vn 0.71044922 -0.68896484 -0.14331055
vn 0.70776367 -0.69067383 -0.14843750
vn 0.68945312 -0.69799805 -0.19360352
vn 0.98681641 -0.08911133 -0.13549805
vn 0.68945312 -0.69799805 -0.19360352
vn 0.69165039 -0.68701172 -0.22265625
vn 0.69165039 -0.68701172 -0.22265625
vn 0.67871094 -0.70166016 -0.21655273
vn 0.66699219 -0.71923828 -0.19458008
vn 0.98388672 -0.15551758 -0.08691406
vn 0.66699219 -0.71923828 -0.19458008
vn 0.66650391 -0.72851562 -0.15869141
vn 0.67138672 -0.73120117 -0.12084961
vn 0.68139648 -0.72241211 0.11791992
vn 0.97924805 -0.20214844 0.01147461
vn 0.64453125 -0.60986328 0.46118164
vn 0.98559570 -0.16357422 0.04052734
vn 0.68017578 -0.60961914 0.40673828
vn -0.61083984 0.76611328 -0.19995117
vn -0.99121094 -0.11499023 -0.06616211
vn -0.55102539 0.72094727 -0.42041016
vn -0.60278320 0.77783203 -0.17822266
vn -0.60107422 0.74829102 -0.28051758
vn -0.60595703 0.78564453 -0.12524414
vn -0.99462891 -0.04614258 -0.09130859
vn -0.61181641 0.78271484 -0.11474609
vn -0.48510742 0.86621094 -0.11962891
vn -0.99316406 -0.05883789 -0.10156250
vn -0.61181641 0.78271484 -0.11474609
vn -0.98681641 -0.08911133 -0.13549805
vn -0.60986328 0.78588867 -0.10205078
vn -0.62011719 0.78442383 -0.01269531
vn -0.98803711 -0.11743164 -0.09985352
vn -0.62011719 0.78442383 -0.01269531
vn -0.62109375 0.78125000 0.06225586
vn -0.98950195 -0.08618164 -0.11523438
vn -0.61083984 0.76611328 -0.19995117
vn -0.60595703 0.78564453 -0.12524414
vn -0.62475586 0.78051758 -0.02465820
vn -0.98388672 -0.15551758 -0.08691406
vn -0.62426758 0.77929688 0.05444336
vn -0.62939453 0.77197266 -0.08959961
vn -0.98217773 -0.16357422 -0.09399414
vn -0.62475586 0.78051758 -0.02465820
vn -0.97998047 -0.17602539 -0.09277344
vn -0.62939453 0.77197266 -0.08959961
vn -0.64233398 0.70605469 -0.29833984
vn -0.98266602 -0.17993164 -0.04760742
vn -0.60961914 0.45898438 -0.64624023
vn -0.98559570 -0.16357422 0.04052734
vn -0.63183594 0.53417969 -0.56152344
vn -0.97924805 -0.20214844 0.01147461
vn -0.64160156 0.62036133 -0.45092773
vn 0.99121094 -0.11499023 -0.06616211
vn 0.98950195 -0.08618164 -0.11523438
vn 0.99218750 -0.06152344 -0.10888672
vn 0.99462891 -0.04614258 -0.09130859
vn 0.99462891 -0.04614258 -0.09179688
vn 0.99511719 -0.05078125 -0.08593750
vn 0.61499023 0.78051758 -0.11206055
vn 0.99560547 -0.05371094 -0.07519531
vn 0.61669922 0.78491211 -0.06030273
vn 0.98583984 -0.11010742 -0.12646484
vn 0.98803711 -0.11743164 -0.09985352
vn 0.62426758 0.77929688 0.05444336
vn 0.98559570 -0.14697266 -0.08300781
vn 0.62475586 0.78051758 -0.02465820
vn 0.98388672 -0.15551758 -0.08691406
vn 0.98217773 -0.16357422 -0.09399414
vn 0.98217773 -0.16357422 -0.09399414
vn 0.97998047 -0.17602539 -0.09277344
vn 0.63330078 0.75732422 -0.16015625
vn 0.97998047 -0.17602539 -0.09277344
vn 0.98168945 -0.17285156 -0.08081055
vn 0.64233398 0.70605469 -0.29833984
vn 0.98168945 -0.17285156 -0.08081055
vn 0.64160156 0.62036133 -0.45092773
vn 0.98266602 -0.17993164 -0.04760742
vn 0.63183594 0.53417969 -0.56152344
vn 0.97924805 -0.20214844 0.01147461
vn 0.60986328 0.46240234 -0.64379883
vn 0.98559570 -0.16357422 0.04052734
vn 0.84887695 -0.10058594 0.51904297
vn -0.75048828 -0.15917969 0.64135742
vn -0.85278320 0.31103516 0.41967773
vn -0.73852539 0.41699219 0.53002930
vn 0.84887695 -0.10058594 0.51904297
vn -0.85278320 0.31103516 0.41967773
vn -0.65795898 -0.36669922 0.65771484
vn -0.75048828 -0.15917969 0.64135742
vn -0.53295898 -0.22778320 -0.81494141
vn -0.59716797 0.54223633 0.59106445
vn 0.62280273 -0.00122070 -0.78222656
vn 0.85278320 0.31103516 0.41967773
vn 0.84887695 -0.10058594 0.51904297
vn 0.55249023 -0.35107422 -0.75585938
vn -0.84887695 -0.10058594 0.51904297
vn -0.46850586 -0.05908203 -0.88134766
vn -0.71435547 -0.47509766 -0.51391602
vn -0.80712891 0.16650391 0.56640625
vn -0.16015625 -0.39355469 0.90527344
vn 0.71215820 0.14648438 0.68676758
vn -0.77221680 0.22607422 0.59375000
vn -0.87524414 0.18505859 0.44677734
vn -0.77221680 0.22607422 0.59375000
vn 0.09716797 0.32739258 0.93994141
vn 0.77441406 0.48583984 0.40527344
vn 0.55322266 -0.21557617 -0.80468750
vn -0.06787109 -0.45141602 -0.88964844
vn 0.42333984 -0.41259766 -0.80664062
vn 0.81323242 -0.17749023 -0.55419922
vn -0.60986328 -0.01318359 -0.79248047
vn -0.61474609 0.10571289 0.78149414
vn -0.87500000 0.30761719 0.37353516
vn -0.46044922 0.02880859 0.88720703
vn -0.35815430 -0.18750000 0.91455078
vn 0.59277344 0.16210938 0.78881836
vn 0.42578125 0.02929688 0.90429688
vn 0.42578125 0.02929688 0.90429688
vn -0.86962891 -0.20483398 -0.44946289
vn 0.85083008 -0.21411133 -0.47973633
vn -0.80419922 -0.52001953 -0.28735352
vn -0.86962891 -0.20483398 -0.44946289
vn -0.88232422 -0.37426758 -0.28515625
vn 0.85083008 -0.21411133 -0.47973633
vn -0.95800781 -0.01660156 0.28613281
vn -0.73681641 -0.67333984 0.06347656
vn 0.53857422 0.77539062 0.32934570
vn -0.72192383 0.55737305 0.41015625
vn 0.89331055 -0.43432617 -0.11645508
vn 0.82348633 0.25317383 -0.50756836
vn 0.12231445 0.90112305 0.41601562
vn 0.79833984 0.59399414 0.09887695
vn -0.36230469 0.50659180 0.78222656
vn -0.01831055 0.92187500 0.38696289
vn 0.12231445 0.90112305 0.41601562
vn -0.44409180 -0.23974609 0.86328125
vn -0.38354492 -0.23339844 0.89355469
vn 0.86547852 -0.18066406 0.46728516
vn -0.80371094 -0.21582031 0.55444336
vn 0.40795898 0.85742188 -0.31347656
vn 0.00000000 0.68334961 0.73022461
vn -0.80712891 -0.58471680 0.08251953
vn 0.31958008 -0.91308594 0.25317383
vn 0.69262695 -0.71337891 0.10620117
vn 0.26562500 -0.96313477 0.04223633
vn 0.21411133 -0.95947266 0.18310547
vn 0.26562500 -0.96313477 0.04223633
vn -0.00048828 -0.99975586 -0.02661133
vn 0.00000000 -0.99853516 -0.05249023
vn -0.65112305 0.75830078 0.03271484
vn 0.33471680 0.94213867 0.01806641
vn 0.33471680 0.94213867 0.01806641
vn 0.65698242 0.74829102 -0.09057617
vn 0.71899414 0.69213867 -0.06250000
vn 0.72192383 0.67187500 0.16601562
vn 0.97412109 0.11474609 0.19433594
vn 0.86181641 -0.10424805 0.49633789
vn 0.85742188 0.22460938 0.46313477
vn 0.37084961 -0.34155273 0.86352539
vn 0.38232422 -0.46777344 0.79687500
vn -0.81494141 -0.09985352 0.57104492
vn -0.99194336 0.07128906 0.10522461
vn -0.96118164 0.19433594 0.19580078
vn 0.97412109 0.11474609 0.19433594
vn -0.48388672 -0.19482422 0.85327148
vn -0.28149414 0.94775391 -0.14990234
vn 0.34936523 0.91064453 -0.22119141
vn -0.96972656 -0.23291016 -0.07397461
vn 0.15429688 -0.10693359 0.98217773
vn 0.84082031 -0.10351562 0.53149414
vn 0.87573242 -0.47143555 0.10424805
vn -0.82910156 -0.36108398 -0.42700195
vn -0.96972656 -0.23291016 -0.07397461
vn -0.82226562 0.55639648 -0.12011719
vn -0.81201172 0.55981445 -0.16430664
vn 0.89843750 0.39379883 -0.19482422
vn 0.84545898 -0.52636719 -0.09008789
vn 0.87719727 0.14575195 0.45727539
vn 0.79711914 -0.46728516 -0.38232422
vn 0.31958008 -0.91308594 0.25317383
vn 0.87719727 0.14575195 0.45727539
vn 0.83886719 0.52783203 -0.13281250
vn -0.99707031 -0.01123047 -0.07543945
vn -0.69750977 0.70727539 -0.11523438
vn 0.56591797 0.01928711 0.82421875
vn 0.52368164 0.22436523 0.82177734
vn -0.46044922 0.02880859 0.88720703
vn -0.56591797 0.01928711 0.82421875
vn 0.84838867 0.40551758 0.34033203
vn 0.69653320 0.43017578 0.57397461
vn 0.64160156 0.16040039 0.75000000
vn 0.60595703 0.39697266 0.68945312
vn -0.72290039 0.44189453 0.53125000
vn -0.50000000 0.24682617 0.83007812
vn -0.60595703 0.39697266 0.68945312
vn -0.89892578 0.15234375 0.41088867
vn 0.48413086 -0.06152344 0.87280273
vn -0.52856445 -0.22387695 0.81884766
vn -0.56176758 -0.37622070 0.73681641
vn 0.64062500 0.05712891 -0.76586914
vn 0.63891602 -0.42968750 -0.63818359
vn -0.92333984 0.07373047 0.37719727
vn 0.80517578 -0.56054688 -0.19384766
vn -0.45434570 -0.09765625 -0.88549805
vn -0.71118164 -0.03076172 0.70239258
vn -0.71435547 -0.47509766 -0.51391602
vn -0.77221680 0.22607422 0.59375000
vn 0.91845703 -0.20410156 -0.33862305
vn -0.06860352 -0.81860352 -0.57006836
vn 0.80737305 -0.44702148 -0.38500977
vn -0.80712891 -0.58471680 0.08251953
vn 0.87719727 0.14575195 0.45727539
vn -0.72924805 -0.67309570 0.12207031
vn 0.77612305 -0.62231445 0.10180664
vn 0.94042969 0.18725586 -0.28369141
vn -0.92016602 0.12695312 -0.37036133
vn -0.59545898 -0.00854492 0.80322266
vn -0.77563477 0.09252930 -0.62426758
vn -0.77148438 -0.35595703 0.52734375
vn -0.77563477 0.09252930 -0.62426758
vn -0.64501953 0.19384766 -0.73901367
vn -0.17114258 0.92187500 0.34741211
vn -0.05371094 0.90112305 0.43041992
vn -0.60058594 0.79833984 0.04638672
vn 0.12231445 0.90112305 0.41601562
vn -0.01831055 0.92187500 0.38696289
vn -0.01831055 0.92187500 0.38696289
vn -0.75317383 0.65454102 -0.06616211
vn -0.53417969 -0.50805664 0.67553711
vn -0.41284180 0.41894531 0.80883789
vn -0.71142578 -0.49560547 0.49829102
vn -0.67309570 0.67358398 0.30517578
vn -0.55981445 0.43701172 0.70410156
vn -0.75927734 -0.50805664 0.40649414
vn -0.52807617 0.81225586 0.24780273
vn -0.81689453 -0.57470703 0.04833984
vn -0.70117188 0.41894531 0.57690430
vn -0.79394531 0.43701172 0.42260742
vn -0.64306641 -0.74340820 -0.18408203
vn 0.48193359 -0.66235352 0.57373047
vn 0.50756836 0.58154297 0.63574219
vn 0.64868164 -0.73779297 0.18627930
vn 0.65820312 0.70532227 0.26342773
vn 0.64770508 -0.65283203 0.39282227
vn 0.65747070 0.72680664 0.19897461
vn 0.81884766 -0.52978516 0.22070312
vn 0.70849609 0.70532227 -0.02099609
vn 0.75073242 -0.65283203 0.10180664
vn 0.65161133 -0.72827148 -0.21215820
vn -0.09594727 -0.96777344 0.23242188
vn 0.64868164 -0.73779297 0.18627930
vn -0.82006836 -0.56176758 -0.10815430
vn 0.68212891 -0.72827148 0.06518555
vn -0.85107422 -0.49560547 0.17333984
vn -0.82006836 -0.56176758 -0.10815430
vn -0.09594727 -0.96777344 0.23242188
vn -0.85107422 -0.49560547 0.17333984
vn -0.65478516 -0.75341797 -0.06152344
vn -0.81689453 -0.57470703 0.04833984
vn 0.00097656 -0.98486328 0.17358398
vn 0.58276367 -0.79516602 0.16796875
vn -0.75927734 -0.50805664 0.40649414
vn -0.79516602 -0.56176758 0.22778320
vn -0.66308594 -0.74340820 0.08764648
vn 0.85522461 -0.51489258 0.06005859
vn -0.79516602 -0.56176758 0.22778320
vn 0.00195312 -0.99414062 0.10791016
vn 0.75073242 -0.65283203 0.10180664
vn 0.81884766 -0.52978516 0.22070312
vn 0.66918945 -0.73779297 -0.08764648
vn 0.81884766 -0.52978516 0.22070312
vn 0.60351562 -0.71655273 -0.35009766
vn -0.62475586 -0.75341797 0.20483398
vn -0.72998047 -0.57470703 0.37011719
vn 0.03637695 -0.99584961 0.08203125
vn -0.53417969 -0.50805664 0.67553711
vn 0.69287109 -0.71655273 -0.08032227
vn 0.58276367 -0.79516602 0.16796875
vn -0.70996094 0.68212891 0.17529297
vn -0.73437500 -0.60815430 0.30175781
vn -0.83276367 -0.55029297 0.06005859
vn 0.67065430 -0.66235352 0.33398438
vn 0.00195312 -0.99414062 0.10791016
vn 0.59570312 0.72949219 -0.33618164
vn -0.33227539 0.67211914 0.66186523
vn -0.55981445 0.43701172 0.70410156
vn 0.71899414 0.58154297 0.38061523
vn 0.65747070 0.72680664 0.19897461
vn -0.73217773 0.66088867 0.16503906
vn 0.82543945 0.56250000 -0.04418945
vn -0.56860352 0.67211914 0.47460938
vn 0.55664062 0.74731445 0.36303711
vn -0.70117188 0.41894531 0.57690430
vn -0.79394531 0.43701172 0.42260742
vn 0.51367188 0.33764648 0.78881836
vn 0.61572266 0.59692383 0.51440430
vn -0.73901367 0.67358398 0.01171875
vn 0.48681641 0.74340820 0.45874023
vn -0.74829102 0.51293945 0.42065430
vn 0.34960938 0.31884766 0.88110352
vn -0.59277344 0.80468750 -0.03320312
vn 0.39355469 0.73046875 0.55834961
vn -0.81835938 -0.02319336 0.57421875
vn -0.71313477 -0.24389648 -0.65747070
vn 0.85742188 0.21118164 0.46923828
vn 0.79248047 -0.18090820 0.58251953
vn 0.70605469 -0.09448242 -0.70190430
vn 0.79248047 -0.18090820 0.58251953
vn 0.58422852 -0.56323242 0.58422852
vn 0.75903320 -0.50024414 -0.41650391
vn 0.09716797 0.32739258 0.93994141
vn 0.50415039 -0.75512695 -0.41894531
vn 0.22021484 0.26318359 0.93920898
vn -0.60937500 -0.49560547 0.61889648
vn -0.79980469 -0.05786133 -0.59741211
vn -0.06787109 -0.45141602 -0.88964844
vn -0.75878906 -0.24487305 0.60351562
vn 0.09716797 0.32739258 0.93994141
vn -0.24121094 -0.38916016 -0.88916016
vn 0.22021484 0.26318359 0.93920898
vn -0.71240234 -0.36303711 -0.60058594
vn -0.34570312 -0.85424805 -0.38842773
vn -0.71240234 -0.36303711 -0.60058594
vn -0.06787109 -0.45141602 -0.88964844
vn -0.79980469 -0.05786133 -0.59741211
vn 0.70605469 -0.09448242 -0.70190430
vn 0.50122070 -0.68847656 -0.52416992
vn -0.79980469 -0.05786133 -0.59741211
vn 0.64184570 -0.58129883 -0.50000000
vn 0.59667969 0.51782227 0.61303711
vn -0.60937500 -0.49560547 0.61889648
vn 0.80834961 0.03442383 0.58764648
vn 0.75292969 -0.29858398 0.58642578
vn -0.81835938 -0.02319336 0.57421875
vn 0.80834961 0.03442383 0.58764648
vn 0.79248047 -0.18090820 0.58251953
vn -0.79199219 0.06811523 0.60668945
vn 0.76074219 -0.28222656 0.58447266
vn -0.61206055 -0.30883789 0.72802734
vn 0.22021484 0.26318359 0.93920898
vn -0.82080078 0.28710938 0.49389648
vn 0.56176758 -0.37622070 0.73681641
vn 0.52856445 -0.22387695 0.81884766
vn 0.62915039 0.45312500 -0.63159180
vn 0.44873047 0.61669922 -0.64672852
vn -0.02124023 0.97436523 -0.22412109
vn 0.41845703 0.90234375 0.10400391
vn 0.39916992 0.91601562 0.03979492
vn 0.01928711 0.99951172 -0.02221680
vn 0.37084961 0.92846680 -0.01831055
vn 0.00830078 0.99780273 -0.06469727
vn 0.35522461 0.93286133 -0.05834961
vn 0.35473633 0.93017578 -0.09521484
vn 0.28320312 0.95312500 -0.10595703
vn 0.35400391 0.92724609 -0.12158203
vn 0.34350586 0.89575195 -0.28198242
vn 0.34350586 0.89575195 -0.28198242
vn 0.34545898 0.90576172 -0.24536133
vn 0.34545898 0.90576172 -0.24536133
vn 0.33349609 0.86230469 -0.38110352
vn 0.33569336 0.85766602 -0.38964844
vn 0.27490234 0.90991211 -0.31030273
vn 0.34936523 0.91064453 -0.22119141
vn 0.40307617 0.90185547 -0.15502930
vn 0.42529297 0.90502930 -0.01464844
vn 0.48974609 0.83154297 -0.26196289
vn 0.00585938 0.97900391 -0.20410156
vn 0.48559570 0.87011719 -0.08544922
vn 0.51782227 0.85327148 0.05957031
vn 0.51782227 0.85327148 0.05957031
vn 0.58837891 0.80566406 0.06909180
vn 0.00585938 0.97900391 -0.20410156
vn -0.48632812 0.82763672 -0.28027344
vn -0.00317383 0.95043945 -0.31079102
vn -0.00024414 0.99853516 -0.05249023
vn -0.42504883 0.90502930 -0.01953125
vn -0.00024414 0.99853516 -0.05249023
vn 0.11865234 0.94799805 -0.29565430
vn 0.17065430 0.95751953 -0.23242188
vn -0.00292969 0.91113281 -0.41235352
vn 0.11865234 0.94799805 -0.29565430
vn 0.00341797 0.91381836 -0.40625000
vn -0.33666992 0.86621094 -0.36914062
vn 0.00341797 0.91381836 -0.40625000
vn -0.00463867 0.96459961 -0.26367188
vn 0.00463867 0.96386719 -0.26684570
vn 0.00317383 0.95288086 -0.30297852
vn -0.00463867 0.96459961 -0.26367188
vn 0.00195312 0.98266602 -0.18505859
vn 0.00317383 0.95288086 -0.30297852
vn -0.35278320 0.92309570 -0.15356445
vn 0.00195312 0.98266602 -0.18505859
vn -0.35400391 0.92700195 -0.12377930
vn -0.00024414 0.99145508 -0.12988281
vn 0.00024414 0.99487305 -0.10229492
vn -0.40454102 0.90893555 -0.10107422
vn 0.00830078 0.99780273 -0.06469727
vn 0.01684570 0.99902344 0.03833008
vn 0.01171875 0.99365234 0.11132812
vn 0.01513672 0.99658203 0.08251953
vn 0.01171875 0.99365234 0.11132812
vn 0.02124023 0.99975586 -0.00683594
vn 0.01025391 0.99536133 -0.09472656
vn -0.47558594 0.87963867 -0.01391602
vn 0.02124023 0.99975586 -0.00683594
vn -0.49560547 0.86450195 -0.08300781
vn 0.01025391 0.99536133 -0.09472656
vn -0.02343750 0.91845703 -0.39477539
vn -0.47070312 0.86132812 -0.19140625
vn -0.02124023 0.97436523 -0.22412109
vn 0.00024414 0.80834961 -0.58886719
vn -0.02343750 0.91845703 -0.39477539
vn 0.04907227 0.69311523 -0.71923828
vn 0.00024414 0.80834961 -0.58886719
vn -0.36865234 0.51660156 -0.77294922
vn -0.49462891 0.59106445 -0.63720703
vn -0.02001953 0.99902344 0.03833008
vn 0.33471680 0.94213867 0.01806641
vn -0.00268555 0.99487305 -0.10131836
vn -0.02001953 0.99902344 0.03833008
vn -0.00317383 0.95043945 -0.31079102
vn -0.48291016 0.86669922 -0.12548828
vn -0.00268555 0.99487305 -0.10131836
vn -0.81811523 0.07006836 -0.57080078
vn 0.77172852 -0.58203125 -0.25610352
vn 0.96826172 0.17114258 -0.18261719
vn -0.52807617 0.81225586 0.24780273
vn 0.36230469 0.50659180 0.78247070
vn -0.05371094 0.90112305 0.43041992
vn 0.81079102 0.54101562 0.22363281
vn 0.36230469 0.50659180 0.78247070
vn 0.68530273 -0.35595703 0.63549805
vn 0.70507812 -0.09838867 -0.70239258
vn -0.66943359 -0.13281250 -0.73095703
vn 0.50122070 -0.68847656 -0.52416992
vn 0.50415039 -0.75512695 -0.41894531
vn -0.24121094 -0.38916016 -0.88916016
vn 0.42333984 -0.41259766 -0.80664062
vn 0.67724609 -0.37866211 -0.63085938
vn 0.63891602 -0.42968750 -0.63818359
vn 0.75317383 0.24536133 0.61035156
vn -0.79199219 0.06811523 0.60668945
vn 0.73583984 0.05322266 0.67529297
vn -0.61206055 0.53515625 0.58203125
vn 0.85742188 0.21118164 0.46923828
vn 0.73632812 0.04028320 0.67529297
vn -0.66455078 0.28027344 0.69262695
vn 0.73583984 0.05322266 0.67529297
vn -0.76879883 0.20654297 0.60522461
vn -0.88647461 0.20922852 -0.41284180
vn -0.86962891 -0.20483398 -0.44946289
vn -0.87500000 0.30761719 0.37353516
vn -0.95458984 -0.00952148 -0.29785156
vn -0.81787109 0.14624023 0.55664062
vn -0.92407227 0.20434570 -0.32275391
vn -0.95458984 -0.00952148 -0.29785156
vn -0.99121094 0.13281250 0.00146484
vn -0.81567383 0.20556641 -0.54101562
vn -0.82080078 0.28710938 0.49389648
vn -0.66943359 -0.13281250 -0.73095703
vn -0.81811523 0.07006836 -0.57080078
vn -0.60986328 -0.01318359 -0.79248047
vn -0.74340820 -0.05395508 -0.66650391
vn -0.80712891 0.16650391 0.56640625
vn 0.75463867 -0.29296875 0.58691406
vn 0.82055664 0.15209961 -0.55102539
vn 0.77441406 0.48583984 0.40527344
vn 0.77441406 0.48583984 0.40527344
vn 0.49804688 0.33813477 0.79858398
vn 0.74902344 -0.08715820 -0.65698242
vn 0.71240234 0.11474609 0.69238281
vn 0.85546875 0.31542969 0.41064453
vn 0.89428711 0.37036133 0.25097656
vn 0.85546875 0.31542969 0.41064453
vn 0.89428711 0.37036133 0.25097656
vn 0.71240234 0.11474609 0.69238281
vn 0.87084961 0.00659180 -0.49145508
vn 0.98657227 0.15698242 -0.04248047
vn 0.85083008 -0.21411133 -0.47973633
vn 0.87084961 0.00659180 -0.49145508
vn 0.51342773 0.09667969 -0.85253906
vn 0.71215820 0.14648438 0.68676758
vn 0.84228516 -0.17822266 0.50878906
vn -0.71118164 -0.03076172 0.70239258
vn 0.64892578 0.39843750 0.64819336
vn -0.75341797 0.11865234 0.64672852
vn -0.77221680 0.22607422 0.59375000
vn 0.49804688 0.33813477 0.79858398
vn -0.71118164 -0.03076172 0.70239258
vn -0.44384766 -0.77954102 -0.44189453
vn 0.73095703 -0.43994141 -0.52172852
vn -0.69213867 -0.28002930 -0.66528320
vn 0.74902344 -0.08715820 -0.65698242
vn -0.38940430 -0.52392578 -0.75756836
vn -0.78076172 -0.34960938 -0.51782227
vn 0.74902344 -0.08715820 -0.65698242
vn -0.78076172 -0.34960938 -0.51782227
vn -0.37255859 -0.34008789 -0.86352539
vn -0.62060547 -0.09082031 -0.77905273
vn -0.63134766 -0.32543945 -0.70385742
vn -0.53295898 -0.22778320 -0.81494141
vn -0.67211914 0.06494141 -0.73754883
vn 0.64062500 0.05712891 -0.76586914
vn -0.67211914 0.06494141 -0.73754883
vn -0.60278320 -0.04687500 -0.79663086
vn -0.80419922 -0.52001953 -0.28735352
vn -0.60278320 -0.04687500 -0.79663086
vn -0.88647461 0.20922852 -0.41284180
vn -0.90112305 -0.05981445 -0.42919922
vn 0.72851562 -0.06250000 0.68212891
vn 0.85083008 0.47680664 0.22143555
vn 0.96215820 0.26806641 0.04833984
vn 0.90112305 -0.05981445 -0.42919922
vn -0.45434570 -0.09765625 -0.88549805
vn 0.87084961 0.00659180 -0.49145508
vn 0.51342773 0.09667969 -0.85253906
vn -0.64184570 -0.20019531 -0.74023438
vn 0.51342773 0.09667969 -0.85253906
vn 0.69165039 -0.03222656 -0.72167969
vn -0.51489258 -0.45800781 -0.72460938
vn 0.51806641 -0.09106445 -0.85034180
vn 0.51806641 -0.09106445 -0.85034180
vn -0.37255859 -0.34008789 -0.86352539
vn -0.95288086 -0.12646484 -0.27539062
vn -0.93017578 0.30346680 -0.20703125
vn -0.92749023 0.17041016 -0.33300781
vn -0.93408203 0.28979492 -0.20898438
vn -0.87475586 0.43383789 -0.21557617
vn -0.82153320 0.49829102 -0.27734375
vn -0.93017578 0.30346680 -0.20703125
vn -0.74731445 0.60913086 -0.26562500
vn -0.81201172 0.55981445 -0.16430664
vn -0.86108398 0.46240234 -0.21069336
vn -0.88476562 0.42553711 -0.18994141
vn -0.87817383 0.45361328 -0.15209961
vn -0.84448242 0.53222656 0.06005859
vn -0.83740234 0.54638672 -0.00854492
vn -0.78466797 0.59277344 0.18139648
vn -0.91235352 0.37890625 0.15551758
vn -0.86401367 0.29541016 0.40771484
vn -0.93701172 0.11572266 0.32983398
vn 0.88183594 0.34985352 0.31616211
vn 0.89111328 0.17382812 0.41894531
vn 0.82910156 0.55883789 -0.01831055
vn 0.77392578 0.60839844 0.17578125
vn 0.87622070 0.47875977 0.05273438
vn 0.80932617 0.58666992 0.02368164
vn 0.84057617 0.53955078 -0.04785156
vn 0.81054688 0.55981445 -0.17211914
vn 0.87353516 0.41796875 -0.24975586
vn 0.78247070 0.57714844 -0.23339844
vn 0.89941406 0.38281250 -0.21118164
vn 0.93237305 0.29296875 -0.21215820
vn 0.94555664 0.18481445 -0.26757812
vn 0.92431641 0.14819336 -0.35180664
vn -0.61572266 -0.61645508 -0.49072266
vn 0.52001953 -0.63598633 -0.57031250
vn -0.57177734 -0.79809570 -0.19018555
vn 0.00195312 -0.99414062 0.10791016
vn -0.72485352 -0.68334961 -0.08666992
vn 0.03637695 -0.99584961 0.08203125
vn 0.64599609 -0.63110352 -0.42944336
vn -0.57177734 -0.79809570 -0.19018555
vn -0.27539062 0.89672852 0.34619141
vn 0.87011719 0.24951172 0.42529297
vn 0.84082031 -0.10351562 0.53149414
vn 0.79394531 0.60253906 0.08056641
vn 0.86962891 0.34008789 0.35766602
vn 0.77368164 0.63378906 -0.00048828
vn 0.72900391 -0.66528320 -0.16113281
vn -0.80249023 0.58837891 0.09985352
vn -0.78759766 -0.55029297 -0.27709961
vn -0.73681641 0.55908203 -0.38037109
vn -0.67919922 -0.72802734 0.09423828
vn 0.87573242 -0.47314453 -0.09521484
vn 0.81054688 0.55981445 -0.17211914
vn 0.77392578 0.60839844 0.17578125
vn -0.79223633 0.56933594 -0.21972656
vn -0.43457031 0.86206055 -0.26074219
vn -0.67114258 0.73339844 -0.10815430
vn -0.64746094 0.71777344 -0.25610352
vn -0.96166992 -0.27368164 -0.01098633
vn -0.64233398 -0.76245117 -0.07763672
vn 0.78076172 -0.57226562 0.25073242
vn 0.59887695 0.75317383 0.27172852
vn 0.62084961 0.65576172 0.42968750
vn -0.85058594 -0.52465820 0.03466797
vn -0.63598633 0.71313477 0.29443359
vn 0.53857422 0.77539062 0.32934570
vn 0.63183594 -0.66088867 0.40478516
vn 0.94653320 -0.31250000 -0.08105469
vn -0.89819336 -0.43505859 -0.06127930
vn -0.99829102 -0.00512695 0.05615234
vn -0.72192383 0.55737305 0.41015625
vn -0.56005859 0.71337891 0.42138672
vn -0.64526367 0.64208984 0.41381836
vn -0.56005859 0.71337891 0.42138672
vn -0.74218750 0.00708008 0.67016602
vn -0.96826172 0.13378906 0.21044922
vn -0.73681641 -0.67333984 0.06347656
vn -0.95800781 -0.01660156 0.28613281
vn -0.97705078 -0.17358398 0.12377930
vn -0.95800781 -0.01660156 0.28613281
vn 0.89941406 -0.36132812 0.24609375
vn 0.98461914 -0.02612305 0.17285156
vn 0.85839844 -0.49682617 0.12841797
vn 0.53857422 0.77539062 0.32934570
vn 0.96484375 0.26171875 -0.02563477
vn 0.59887695 0.75317383 0.27172852
vn 0.71435547 0.69873047 -0.03710938
vn 0.08422852 0.91674805 -0.39038086
vn -0.65039062 0.75439453 -0.08862305
vn 0.74682617 0.66015625 -0.08032227
vn -0.01123047 0.94140625 -0.33715820
vn -0.84082031 -0.49682617 0.21435547
vn -0.96826172 0.13378906 0.21044922
vn -0.96850586 0.16479492 0.18603516
vn -0.96020508 0.04614258 0.27539062
vn -0.99829102 -0.00512695 0.05615234
vn -0.93627930 -0.35058594 -0.01586914
vn -0.91284180 0.27685547 0.30029297
vn 0.83764648 0.43164062 0.33447266
vn 0.91894531 0.25341797 0.30249023
vn 0.81933594 0.47192383 0.32543945
vn 0.87915039 0.32397461 0.34960938
vn 0.98291016 -0.03198242 0.18164062
vn 0.84619141 0.39575195 0.35668945
vn 0.96459961 0.07739258 0.25195312
vn 0.91967773 -0.33203125 0.20996094
vn 0.89331055 -0.43432617 -0.11645508
vn 0.93286133 0.18603516 0.30883789
vn 0.98339844 0.06909180 0.16748047
vn 0.95336914 -0.15380859 0.26000977
vn 0.93286133 0.18603516 0.30883789
vn 0.95751953 0.22631836 0.17797852
vn -0.85424805 0.50122070 -0.13818359
vn -0.97509766 -0.15087891 0.16284180
vn -0.81518555 -0.56835938 -0.11303711
vn -0.88012695 -0.45556641 0.13281250
vn 0.85034180 -0.52563477 0.02124023
vn 0.86987305 0.49291992 0.01342773
vn 0.91894531 0.25341797 0.30249023
vn 0.98461914 -0.02612305 0.17285156
vn -0.86987305 0.49291992 0.01416016
vn -0.96020508 0.04614258 0.27539062
vn -0.88598633 0.42822266 0.17797852
vn 0.07153320 0.99511719 -0.06640625
vn 0.50292969 0.86425781 -0.00170898
vn 0.50292969 0.86425781 -0.00170898
vn 0.07153320 0.99511719 -0.06640625
vn 0.50292969 0.86425781 -0.00170898
vn 0.79956055 0.59936523 -0.03369141
vn 0.73193359 0.65527344 -0.18701172
vn 0.79956055 0.59936523 -0.03369141
vn 0.97094727 0.23876953 0.01245117
vn -0.00927734 0.99658203 -0.08227539
vn -0.03906250 0.99658203 -0.07421875
vn -0.00927734 0.99658203 -0.08227539
vn -0.07617188 0.99194336 -0.10131836
vn -0.00927734 0.99658203 -0.08227539
vn -0.07617188 0.99194336 -0.10131836
vn 0.02441406 0.99755859 -0.06616211
vn -0.07617188 0.99194336 -0.10131836
vn -0.06884766 0.99438477 -0.07958984
vn 0.00927734 0.99682617 -0.07861328
vn 0.02441406 0.99755859 -0.06616211
vn -0.06958008 0.99414062 -0.08203125
vn 0.00927734 0.99682617 -0.07861328
vn -0.06884766 0.99438477 -0.07958984
vn 0.07812500 0.99194336 -0.10034180
vn 0.00927734 0.99682617 -0.07861328
vn 0.07812500 0.99194336 -0.10034180
vn -0.06958008 0.99414062 -0.08203125
vn 0.33056641 0.94042969 -0.08032227
vn 0.66357422 0.73461914 -0.14135742
vn 0.00146484 0.98583984 -0.16821289
vn -0.06909180 -0.99267578 -0.09960938
vn -0.06909180 -0.99267578 -0.09960938
vn -0.00048828 -0.99975586 -0.02661133
vn 0.42846680 -0.57812500 -0.69433594
vn 0.48364258 -0.87524414 -0.00659180
vn 0.38330078 -0.90893555 -0.16430664
vn 0.21411133 -0.95947266 0.18310547
vn -0.17065430 -0.98535156 -0.00073242
vn -0.21752930 -0.97241211 0.08422852
vn -0.48168945 -0.87524414 -0.04418945
vn -0.16821289 -0.98339844 0.06640625
vn -0.41186523 -0.90283203 -0.12377930
vn -0.48168945 -0.87524414 -0.04418945
vn -0.48168945 -0.87524414 -0.04418945
vn -0.41186523 -0.90283203 -0.12377930
vn -0.34130859 -0.90527344 -0.25268555
vn -0.74023438 -0.66772461 -0.07836914
vn 0.37036133 -0.89355469 -0.25366211
vn -0.34130859 -0.90527344 -0.25268555
vn 0.32153320 -0.70947266 -0.62695312
vn 0.37036133 -0.89355469 -0.25366211
vn 0.32153320 -0.70947266 -0.62695312
vn 0.38574219 -0.88745117 -0.25195312
vn 0.37036133 -0.89355469 -0.25366211
vn 0.38574219 -0.88745117 -0.25195312
vn 0.32153320 -0.70947266 -0.62695312
vn 0.41894531 -0.78833008 -0.45043945
vn 0.70117188 -0.70654297 -0.09570312
vn 0.55712891 -0.81445312 -0.16284180
vn 0.60229492 -0.76464844 -0.22924805
vn 0.26562500 -0.96313477 0.04223633
vn 0.26562500 -0.96313477 0.04223633
vn -0.43701172 -0.87524414 0.20751953
vn 0.55712891 -0.81445312 -0.16284180
vn -0.04663086 -0.99829102 0.03515625
vn -0.43701172 -0.87524414 0.20751953
vn 0.48364258 -0.87524414 -0.00659180
vn 0.41894531 -0.78833008 -0.45043945
vn 0.00146484 0.98583984 -0.16821289
vn -0.97094727 0.23876953 0.01245117
vn -0.50903320 0.85839844 -0.06396484
vn 0.00146484 0.98583984 -0.16821289
vn -0.97094727 0.23876953 0.01245117
vn -0.55395508 0.81665039 -0.16113281
vn -0.81079102 0.58056641 -0.07495117
vn -0.97094727 0.23876953 0.01245117
vn 0.10986328 -0.95068359 -0.29003906
vn 0.15673828 -0.96777344 -0.19677734
vn 0.46264648 -0.87719727 -0.12768555
vn 0.93286133 -0.33251953 -0.13891602
vn -0.47045898 -0.83178711 -0.29492188
vn -0.57958984 0.46801758 0.66723633
vn -0.40429688 -0.88330078 0.23754883
vn -0.99194336 -0.10351562 -0.07397461
vn -0.71655273 -0.63818359 0.28149414
vn -0.40429688 -0.88330078 0.23754883
vn 0.35034180 -0.93579102 -0.04077148
vn -0.57958984 0.46801758 0.66723633
vn 0.11767578 0.94921875 0.29199219
vn 0.56542969 0.77343750 0.28637695
vn -0.41992188 0.90771484 0.00341797
vn -0.07812500 0.98071289 0.17871094
vn -0.07250977 0.98217773 0.17407227
vn -0.48120117 0.85205078 0.20654297
vn 0.41333008 0.91040039 0.02075195
vn -0.07250977 0.98217773 0.17407227
vn -0.47729492 0.86669922 0.14477539
vn -0.29516602 0.93920898 0.17480469
vn -0.48120117 0.85205078 0.20654297
vn -0.31152344 0.92211914 0.22973633
vn 0.52343750 0.84106445 0.13647461
vn -0.00268555 0.99829102 -0.05981445
vn 0.65063477 0.68579102 0.32592773
vn 0.51757812 0.85546875 -0.01000977
vn 0.81250000 0.58300781 0.01147461
vn 0.51757812 0.85546875 -0.01000977
vn 0.18994141 0.92089844 0.34057617
vn 0.18627930 0.97290039 0.13647461
vn -0.00927734 0.99682617 -0.08007812
vn 0.18994141 0.92089844 0.34057617
vn -0.00122070 0.99658203 -0.08300781
vn 0.00415039 0.64428711 0.76464844
vn 0.02172852 0.97265625 0.23144531
vn -0.00122070 0.99658203 -0.08300781
vn 0.00415039 0.64428711 0.76464844
vn -0.17919922 0.91918945 0.35058594
vn 0.00415039 0.64428711 0.76464844
vn -0.02148438 0.97290039 0.22998047
vn 0.00830078 0.99633789 -0.08618164
vn 0.21337891 0.97436523 -0.07006836
vn -0.37597656 0.92675781 -0.00634766
vn -0.36499023 0.93090820 0.01806641
vn -0.47729492 0.86669922 0.14477539
vn -0.30053711 0.95361328 -0.01708984
vn -0.37597656 0.92675781 -0.00634766
vn -0.47729492 0.86669922 0.14477539
vn -0.64990234 0.68066406 0.33837891
vn -0.11352539 0.99340820 -0.02197266
vn -0.11352539 0.99340820 -0.02197266
vn -0.64990234 0.68066406 0.33837891
vn -0.26318359 -0.92553711 -0.27221680
vn -0.26318359 -0.92553711 -0.27221680
vn -0.63623047 -0.76538086 0.09667969
vn -0.61816406 -0.78515625 0.03881836
vn -0.30590820 -0.95117188 -0.04028320
vn -0.45751953 -0.85913086 -0.22924805
vn -0.75488281 -0.63916016 -0.14721680
vn -0.30590820 -0.95117188 -0.04028320
vn -0.10400391 -0.98242188 0.15478516
vn -0.56420898 -0.61914062 0.54638672
vn -0.16235352 -0.97729492 0.13598633
vn 0.13964844 -0.96997070 0.19848633
vn -0.33447266 -0.55517578 0.76147461
vn 0.00195312 -0.51684570 0.85620117
vn 0.00195312 -0.51684570 0.85620117
vn 0.48291016 -0.73046875 0.48291016
vn 0.48291016 -0.73046875 0.48291016
vn 0.11645508 -0.99316406 -0.00195312
vn 0.12963867 -0.98193359 0.13769531
vn 0.24658203 -0.95898438 0.13964844
vn 0.11645508 -0.99316406 -0.00195312
vn 0.21142578 -0.96630859 0.14746094
vn 0.21142578 -0.96630859 0.14746094
vn 0.11645508 -0.99316406 -0.00195312
vn 0.18237305 -0.96484375 0.18969727
vn 0.21142578 -0.96630859 0.14746094
vn -0.22558594 -0.95214844 0.20556641
vn -0.22558594 -0.95214844 0.20556641
vn -0.30590820 -0.95117188 -0.04028320
vn -0.30590820 -0.95117188 -0.04028320
vn -0.23144531 -0.96020508 0.15673828
vn 0.87915039 0.32397461 0.34960938
vn -0.81958008 0.47583008 0.31958008
vn -0.81665039 0.47973633 0.32080078
vn -0.84399414 0.49389648 0.20922852
vn -0.84399414 0.49389648 0.20922852
vn -0.84399414 0.49389648 0.20922852
vn -0.90942383 0.40869141 0.07666016
vn -0.87890625 0.47631836 -0.02490234
vn -0.76123047 0.61352539 0.20971680
vn -0.90307617 0.39453125 0.16943359
vn 0.60302734 0.73999023 -0.29809570
vn 0.69409180 0.66333008 -0.27954102
vn -0.62084961 0.72827148 -0.28979492
vn -0.72656250 0.65795898 -0.19799805
vn -0.08300781 0.90625000 -0.41479492
vn -0.85302734 0.52172852 -0.00463867
vn 0.04956055 0.97827148 -0.20190430
vn -0.02050781 0.97827148 -0.20654297
vn -0.01123047 0.94140625 -0.33715820
vn 0.63110352 0.71826172 -0.29272461
vn 0.69409180 0.66333008 -0.27954102
vn 0.56396484 0.81738281 0.11694336
vn -0.00195312 0.98583984 -0.16748047
vn -0.02465820 0.92309570 -0.38378906
vn -0.58764648 0.74511719 -0.31518555
vn -0.57397461 0.79516602 -0.19506836
vn -0.02758789 0.97143555 -0.23559570
vn -0.88305664 0.35424805 0.30786133
vn -0.85302734 0.52172852 -0.00463867
vn -0.02758789 0.97143555 -0.23559570
vn 0.53295898 0.84228516 0.08032227
vn 0.59301758 0.77075195 -0.23291016
vn -0.83422852 -0.39697266 -0.38305664
vn 0.92016602 -0.30908203 -0.24023438
vn 0.95068359 0.08886719 -0.29711914
vn 0.81518555 -0.44458008 -0.37109375
vn 0.97631836 0.19238281 0.09863281
vn 0.89599609 -0.35888672 0.26171875
vn 0.91967773 -0.33203125 0.20996094
vn -0.95703125 -0.00537109 0.29028320
vn -0.93627930 -0.35058594 -0.01586914
vn -0.51660156 0.72314453 0.45849609
vn 0.00000000 0.80981445 0.58666992
vn -0.57397461 0.79516602 -0.19506836
vn -0.17382812 0.98120117 0.08520508
vn -0.84082031 0.22875977 0.49047852
vn -0.03051758 0.93603516 0.35058594
vn 0.09375000 0.89233398 -0.44165039
vn 0.08422852 0.91674805 -0.39038086
vn 0.85034180 -0.52563477 0.02124023
vn 0.95703125 -0.00537109 0.29028320
vn 0.79394531 -0.52807617 -0.30126953
vn 0.93286133 -0.33251953 -0.13891602
vn 0.60791016 -0.74609375 -0.27148438
vn 0.14111328 0.98999023 -0.00317383
vn 0.52343750 0.84106445 0.13647461
vn 0.79736328 0.52172852 0.30322266
vn 0.14111328 0.98999023 -0.00317383
vn 0.14111328 0.98999023 -0.00317383
vn -0.76513672 0.26611328 0.58642578
vn 0.76245117 0.64062500 -0.08984375
vn 0.56396484 0.81738281 0.11694336
vn 0.87695312 0.41796875 -0.23730469
vn 0.49926758 0.86621094 -0.02124023
vn -0.50122070 0.85595703 0.12646484
vn 0.81884766 0.57080078 -0.06030273
vn 0.56396484 0.81738281 0.11694336
vn 0.46264648 -0.87719727 -0.12768555
vn -0.85278320 0.43041992 -0.29589844
vn -0.70068359 0.65209961 -0.28955078
vn -0.84375000 0.53515625 -0.04003906
vn -0.20825195 -0.93676758 -0.28125000
vn 0.16308594 -0.95166016 -0.26049805
vn 0.35034180 -0.93579102 -0.04077148
vn 0.16308594 -0.95166016 -0.26049805
vn -0.43066406 -0.90136719 -0.04760742
vn 0.30737305 -0.91967773 -0.24462891
vn 0.16308594 -0.95166016 -0.26049805
vn 0.59667969 -0.80126953 0.04272461
vn 0.35595703 -0.91088867 -0.20922852
vn 0.07910156 0.91723633 0.39038086
vn 0.31079102 0.86083984 0.40307617
vn -0.50122070 0.85595703 0.12646484
vn 0.75732422 0.49926758 0.42089844
vn 0.49926758 0.86621094 -0.02124023
vn -0.61816406 -0.78515625 0.03881836
vn -0.97485352 0.19995117 0.09765625
vn 0.13183594 -0.47558594 0.86987305
vn 0.11230469 0.10522461 0.98803711
vn -0.15405273 -0.47167969 0.86816406
vn -0.90869141 0.29272461 0.29785156
vn -0.39379883 0.14111328 0.90820312
vn -0.59033203 -0.20336914 0.78125000
vn 0.11230469 0.10522461 0.98803711
vn -0.74707031 0.27514648 0.60498047
vn -0.82153320 0.02270508 0.56982422
vn -0.12622070 -0.87231445 0.47241211
vn -0.44848633 -0.79443359 0.40942383
vn -0.77661133 -0.37695312 0.50488281
vn -0.15405273 -0.47167969 0.86816406
vn -0.59033203 -0.20336914 0.78125000
vn -0.93237305 0.07836914 0.35327148
vn -0.82153320 0.02270508 0.56982422
vn -0.77661133 -0.37695312 0.50488281
vn -0.36083984 -0.90942383 -0.20703125
vn -0.63720703 -0.75439453 -0.15820312
vn -0.44848633 -0.79443359 0.40942383
vn -0.44848633 -0.79443359 0.40942383
vn -0.90356445 -0.41210938 0.11694336
vn -0.44848633 -0.79443359 0.40942383
vn -0.97094727 0.04907227 0.23461914
vn -0.63793945 -0.47167969 -0.60864258
vn -0.36083984 -0.90942383 -0.20703125
vn -0.40844727 -0.47534180 -0.77905273
vn -0.90356445 -0.41210938 0.11694336
vn -0.93798828 -0.20336914 -0.28027344
vn -0.63720703 -0.75439453 -0.15820312
vn -0.63793945 -0.47167969 -0.60864258
vn -0.90356445 -0.41210938 0.11694336
vn -0.99926758 0.02270508 0.02685547
vn -0.90356445 -0.41210938 0.11694336
vn -0.49414062 0.10546875 -0.86279297
vn -0.40844727 -0.47534180 -0.77905273
vn -0.31127930 0.00000000 -0.95019531
vn -0.63793945 -0.47167969 -0.60864258
vn -0.93798828 -0.20336914 -0.28027344
vn -0.86938477 0.18896484 -0.45654297
vn -0.63793945 -0.47167969 -0.60864258
vn -0.49414062 0.10546875 -0.86279297
vn -0.95703125 0.26733398 0.11157227
vn -0.86938477 0.18896484 -0.45654297
vn -0.13183594 0.47558594 -0.86987305
vn -0.49414062 0.10546875 -0.86279297
vn -0.24780273 0.66088867 -0.70825195
vn -0.49414062 0.10546875 -0.86279297
vn -0.65258789 0.61865234 -0.43774414
vn -0.86572266 0.49658203 -0.06347656
vn -0.86938477 0.18896484 -0.45654297
vn 0.12622070 0.87231445 -0.47241211
vn -0.09082031 0.96826172 -0.23266602
vn -0.13183594 0.47558594 -0.86987305
vn -0.24780273 0.66088867 -0.70825195
vn -0.59106445 0.80639648 -0.01416016
vn -0.24780273 0.66088867 -0.70825195
vn -0.65258789 0.61865234 -0.43774414
vn -0.85473633 0.47314453 0.21337891
vn -0.65258789 0.61865234 -0.43774414
vn -0.86572266 0.49658203 -0.06347656
vn 0.36083984 0.90942383 0.20703125
vn -0.09082031 0.96826172 -0.23266602
vn 0.07202148 0.93652344 0.34326172
vn 0.12622070 0.87231445 -0.47241211
vn -0.59106445 0.80639648 -0.01416016
vn -0.39428711 0.85424805 0.33886719
vn -0.09082031 0.96826172 -0.23266602
vn -0.59106445 0.80639648 -0.01416016
vn -0.70874023 0.63085938 0.31542969
vn 0.07202148 0.93652344 0.34326172
vn 0.21948242 0.66088867 0.71777344
vn 0.40844727 0.47534180 0.77905273
vn 0.07202148 0.93652344 0.34326172
vn -0.31665039 0.59179688 0.74145508
vn -0.70874023 0.63085938 0.31542969
vn -0.79370117 0.42749023 0.43261719
vn 0.21948242 0.66088867 0.71777344
vn 0.11230469 0.10522461 0.98803711
vn 0.40844727 0.47534180 0.77905273
vn -0.90869141 0.29272461 0.29785156
vn 0.11230469 0.10522461 0.98803711
vn 0.11230469 0.10522461 0.98803711
vn -0.31665039 0.59179688 0.74145508
vn -0.79370117 0.42749023 0.43261719
vn -0.74707031 0.27514648 0.60498047
vn -0.31665039 0.59179688 0.74145508
vn -0.93237305 0.07836914 0.35327148
vn -0.97094727 0.04907227 0.23461914
vn -0.95703125 0.26733398 0.11157227
vn -0.99926758 0.02270508 0.02685547
vn -0.79370117 0.42749023 0.43261719
vn -0.70874023 0.63085938 0.31542969
vn -0.86572266 0.49658203 -0.06347656
vn -0.93237305 0.07836914 0.35327148
vn -0.79370117 0.42749023 0.43261719
vn -0.11499023 0.05322266 0.99194336
vn 0.90576172 0.28417969 0.31469727
vn -0.08544922 -0.60449219 0.79199219
vn 0.17626953 -0.44165039 0.87963867
vn 0.44238281 0.09179688 0.89208984
vn -0.11499023 0.05322266 0.99194336
vn 0.56689453 -0.30029297 0.76708984
vn 0.79199219 0.01293945 0.61035156
vn 0.80761719 0.28857422 0.51440430
vn 0.44238281 0.09179688 0.89208984
vn 0.36230469 -0.79052734 0.49389648
vn 0.21533203 -0.94775391 0.23559570
vn -0.08544922 -0.60449219 0.79199219
vn 0.17626953 -0.44165039 0.87963867
vn 0.36230469 -0.79052734 0.49389648
vn 0.56689453 -0.30029297 0.76708984
vn 0.36230469 -0.79052734 0.49389648
vn 0.77319336 -0.45605469 0.44067383
vn 0.56689453 -0.30029297 0.76708984
vn 0.92773438 -0.02392578 0.37231445
vn 0.61010742 -0.78540039 -0.10400391
vn 0.38891602 -0.85229492 -0.34985352
vn 0.36230469 -0.79052734 0.49389648
vn 0.61010742 -0.78540039 -0.10400391
vn 0.93212891 -0.35327148 0.08056641
vn 0.77319336 -0.45605469 0.44067383
vn 0.95532227 0.12768555 0.26708984
vn 0.64306641 -0.43457031 -0.63061523
vn 0.41381836 -0.43139648 -0.80175781
vn 0.38891602 -0.85229492 -0.34985352
vn 0.92114258 -0.24194336 -0.30493164
vn 0.61010742 -0.78540039 -0.10400391
vn 0.64306641 -0.43457031 -0.63061523
vn 0.93212891 -0.35327148 0.08056641
vn 0.99877930 0.04687500 -0.01538086
vn 0.92114258 -0.24194336 -0.30493164
vn 0.93212891 -0.35327148 0.08056641
vn 0.49511719 0.15356445 -0.85522461
vn 0.31323242 0.05151367 -0.94824219
vn 0.64306641 -0.43457031 -0.63061523
vn 0.41381836 -0.43139648 -0.80175781
vn 0.88256836 0.16430664 -0.44042969
vn 0.99877930 0.04687500 -0.01538086
vn 0.99877930 0.04687500 -0.01538086
vn 0.94531250 0.31127930 0.09716797
vn 0.49511719 0.15356445 -0.85522461
vn 0.12988281 0.52075195 -0.84375000
vn 0.24389648 0.69848633 -0.67260742
vn 0.70288086 0.62744141 -0.33496094
vn 0.49511719 0.15356445 -0.85522461
vn 0.88256836 0.16430664 -0.44042969
vn 0.70288086 0.62744141 -0.33496094
vn 0.88037109 0.47387695 0.02465820
vn -0.13232422 0.89453125 -0.42700195
vn 0.24389648 0.69848633 -0.67260742
vn 0.06445312 0.97021484 -0.23364258
vn 0.24389648 0.69848633 -0.67260742
vn 0.48852539 0.87084961 0.05615234
vn 0.82006836 0.54760742 0.16674805
vn 0.70288086 0.62744141 -0.33496094
vn 0.06445312 0.97021484 -0.23364258
vn -0.13232422 0.89453125 -0.42700195
vn -0.34375000 0.92651367 0.15283203
vn -0.09277344 0.92114258 0.37792969
vn 0.48852539 0.87084961 0.05615234
vn 0.42309570 0.79541016 0.43383789
vn 0.80712891 0.48217773 0.34057617
vn 0.82006836 0.54760742 0.16674805
vn -0.42138672 0.52099609 0.74218750
vn -0.17089844 0.57714844 0.79858398
vn 0.31054688 0.55517578 0.77172852
vn -0.09277344 0.92114258 0.37792969
vn 0.67211914 0.49536133 0.55029297
vn 0.80712891 0.48217773 0.34057617
vn 0.42309570 0.79541016 0.43383789
vn -0.42138672 0.52099609 0.74218750
vn 0.90576172 0.28417969 0.31469727
vn -0.17089844 0.57714844 0.79858398
vn -0.42138672 0.52099609 0.74218750
vn -0.11499023 0.05322266 0.99194336
vn 0.31054688 0.55517578 0.77172852
vn -0.17089844 0.57714844 0.79858398
vn -0.11499023 0.05322266 0.99194336
vn -0.11499023 0.05322266 0.99194336
vn 0.31054688 0.55517578 0.77172852
vn 0.44238281 0.09179688 0.89208984
vn 0.80761719 0.28857422 0.51440430
vn 0.79199219 0.01293945 0.61035156
vn 0.92773438 -0.02392578 0.37231445
vn 0.94531250 0.31127930 0.09716797
vn 0.99877930 0.04687500 -0.01538086
vn 0.88037109 0.47387695 0.02465820
vn 0.80761719 0.28857422 0.51440430
vn 0.80712891 0.48217773 0.34057617
vn 0.67211914 0.49536133 0.55029297
vn 0.94531250 0.31127930 0.09716797
vn 0.95532227 0.12768555 0.26708984
vn 0.95532227 0.12768555 0.26708984
vn 0.80712891 0.48217773 0.34057617
s off
usemtl Color0
f 19/1/1 23/2/2 25/3/3
f 294/4/5 222/5/6 293/6/7
f 176/7/8 27/8/9 21/9/10
f 94/10/11 106/11/12 95/12/13
f 293/13/7 219/14/14 234/15/15
f 258/16/16 99/17/17 240/18/18
f 477/19/19 335/20/20 218/21/21
f 229/22/22 151/23/23 232/24/24
f 260/25/25 267/26/26 226/27/27
f 413/28/28 106/29/12 299/30/29
f 109/31/30 98/32/31 97/33/32
f 248/34/33 259/35/34 276/36/35
f 223/37/36 160/38/37 175/39/38
f 169/40/39 7/41/40 152/42/41
f 143/43/42 98/44/31 121/45/43
f 209/46/44 215/47/45 71/48/46
f 124/49/47 393/50/48 126/51/49
f 29/52/50 38/53/51 40/54/52
f 127/55/53 125/56/54 122/57/55
f 168/58/56 160/59/37 153/60/57
f 466/61/58 470/62/59 465/63/60
f 311/64/61 102/65/62 93/66/63
f 177/67/64 71/68/46 215/69/45
f 157/70/65 38/71/51 2/72/66
f 280/73/67 162/74/68 233/75/69
f 164/76/70 159/77/71 8/78/72
f 17/79/73 10/80/74 9/81/75
f 323/82/76 311/83/61 238/84/77
f 320/85/78 319/86/79 312/87/80
f 18/88/81 14/89/82 13/90/83
f 150/91/84 148/92/85 149/93/86
f 344/94/87 477/95/19 218/96/21
f 199/97/88 155/98/89 202/99/90
f 245/100/91 248/101/33 276/102/35
f 273/103/92 260/104/25 226/105/27
f 161/106/93 169/107/39 152/108/41
f 239/109/94 326/110/95 332/111/96
f 230/112/97 232/113/24 231/114/98
f 363/115/99 365/116/100 364/117/101
f 3/118/102 17/119/73 9/120/75
f 48/121/103 44/122/104 46/123/105
f 125/124/54 290/125/106 92/126/107
f 112/127/108 113/128/109 98/129/31
f 11/130/110 8/131/72 159/132/71
f 7/133/40 13/134/83 158/135/111
f 225/136/112 438/137/113 226/138/114
f 173/139/115 176/140/8 172/141/116
f 21/142/10 26/143/117 20/144/118
f 321/145/119 258/146/16 319/147/79
f 13/148/83 5/149/120 15/150/121
f 296/151/122 297/152/123 223/153/36
f 301/154/124 277/155/125 224/156/126
f 402/157/127 301/158/124 224/159/126
f 272/160/128 250/161/129 262/162/130
f 270/163/131 227/164/132 265/165/133
f 298/166/134 251/167/135 285/168/136
f 283/169/137 250/170/129 284/171/138
f 246/172/139 283/173/137 282/174/140
f 282/175/140 296/176/122 246/177/139
f 91/178/141 105/179/142 289/180/143
f 316/181/144 317/182/145 315/183/146
f 325/184/147 322/185/148 287/186/149
f 257/187/150 322/188/148 323/189/76
f 456/190/151 228/191/152 227/192/132
f 274/193/153 458/194/154 227/195/132
f 260/196/155 271/197/156 252/198/157
f 261/199/158 274/200/153 227/201/159
f 266/202/160 314/203/161 317/204/145
f 267/205/26 269/206/162 313/207/163
f 269/208/162 260/209/25 268/210/164
f 261/211/158 270/212/131 266/213/160
f 264/214/165 425/215/166 259/216/34
f 404/217/167 263/218/168 403/219/169
f 268/220/164 260/221/155 252/222/157
f 261/223/158 266/224/160 251/225/135
f 271/226/156 259/227/170 249/228/171
f 272/229/128 261/230/172 251/231/135
f 263/232/168 272/233/128 262/234/130
f 271/235/173 264/236/165 259/237/170
f 333/238/174 300/239/175 225/240/112
f 463/241/176 461/242/177 462/243/178
f 440/244/179 254/245/180 273/246/92
f 274/247/153 263/248/168 253/249/181
f 274/250/153 261/251/172 263/252/168
f 264/253/165 273/254/92 254/255/180
f 260/256/182 273/257/92 264/258/165
f 92/259/107 110/260/183 109/261/30
f 17/262/184 16/263/185 11/264/110
f 10/265/74 17/266/186 11/267/187
f 14/268/82 18/269/81 12/270/188
f 4/271/189 8/272/72 11/273/187
f 18/274/81 15/275/121 6/276/190
f 163/277/191 164/278/70 165/279/192
f 7/280/40 167/281/193 152/282/41
f 8/283/194 1/284/195 168/285/56
f 7/286/40 5/287/120 13/288/83
f 276/289/196 259/290/170 302/291/197
f 275/292/198 262/293/199 247/294/200
f 277/295/125 275/296/198 223/297/36
f 278/298/201 276/299/196 302/300/197
f 162/301/68 167/302/193 158/303/111
f 163/304/191 279/305/202 236/306/203
f 304/307/204 303/308/205 173/309/115
f 152/310/41 166/311/206 161/312/93
f 160/313/37 164/314/207 153/315/57
f 279/316/202 165/317/192 220/318/208
f 166/319/206 280/320/67 219/321/14
f 101/322/209 287/323/149 257/324/150
f 100/325/210 257/326/211 238/327/77
f 287/328/149 101/329/209 258/330/212
f 321/331/119 287/332/149 258/333/212
f 255/334/213 315/335/146 286/336/214
f 271/337/215 298/338/134 252/339/216
f 283/340/137 249/341/171 248/342/33
f 245/343/91 283/344/137 248/345/33
f 245/346/217 295/347/218 282/348/219
f 101/349/209 257/350/220 100/351/210
f 258/352/16 101/353/221 99/354/17
f 288/355/222 268/356/164 252/357/157
f 266/358/223 288/359/222 251/360/224
f 95/361/13 106/362/12 91/363/141
f 274/364/225 399/365/226 455/366/227
f 400/367/228 398/368/229 253/369/181
f 290/370/106 110/371/183 92/372/230
f 307/373/231 290/374/232 157/375/65
f 434/376/233 423/377/234 254/378/235
f 168/379/236 1/380/195 154/381/237
f 2/382/66 169/383/39 157/384/65
f 20/385/118 24/386/238 3/387/102
f 21/388/10 20/389/118 9/390/75
f 159/391/71 21/392/10 10/393/74
f 163/394/191 172/395/116 159/396/71
f 291/397/239 173/398/240 236/399/203
f 170/400/241 292/401/242 233/402/69
f 171/403/243 162/404/68 158/405/111
f 22/406/244 158/407/111 14/408/82
f 19/409/1 22/410/244 12/411/188
f 23/412/2 19/413/1 6/414/190
f 37/415/245 28/416/246 39/417/247
f 294/418/5 293/419/7 234/420/15
f 281/421/248 294/422/5 244/423/249
f 243/424/250 295/425/218 281/426/248
f 235/427/251 296/428/122 243/429/250
f 223/430/36 275/431/198 246/432/252
f 222/433/6 276/434/196 278/435/201
f 236/436/203 559/437/253 558/438/254
f 279/439/202 220/440/208 559/441/253
f 220/442/208 235/443/251 561/444/255
f 235/445/256 243/446/250 561/447/255
f 562/448/257 281/449/248 563/450/258
f 563/451/258 244/452/249 564/453/259
f 244/454/249 565/455/260 564/456/259
f 565/457/260 219/458/14 566/459/261
f 219/460/14 567/461/262 566/462/261
f 567/463/262 233/464/69 568/465/263
f 233/466/264 292/467/242 569/468/265
f 304/469/204 570/470/266 571/471/267
f 291/472/239 236/473/203 570/474/266
f 298/475/134 271/476/268 249/477/171
f 250/478/269 298/479/134 284/480/138
f 227/481/132 228/482/152 265/483/133
f 225/484/112 226/485/27 267/486/26
f 267/487/26 333/488/174 225/489/112
f 265/490/270 237/491/271 314/492/161
f 299/493/29 239/494/94 332/495/96
f 273/496/272 439/497/273 440/498/179
f 307/499/231 174/500/274 306/501/275
f 309/502/276 406/503/277 407/504/278
f 164/505/279 8/506/194 153/507/57
f 167/508/193 7/509/40 158/510/111
f 160/511/37 223/512/280 297/513/123
f 161/514/93 222/515/281 174/516/274
f 302/517/282 259/518/283 425/519/166
f 278/520/201 302/521/197 221/522/284
f 301/523/124 262/524/130 275/525/285
f 277/526/125 301/527/124 275/528/286
f 423/529/234 264/530/165 254/531/287
f 253/532/288 404/533/167 400/534/228
f 304/535/289 569/536/265 292/537/242
f 170/538/241 304/539/289 292/540/242
f 176/541/8 170/542/241 171/543/243
f 27/544/9 176/545/8 22/546/290
f 26/547/117 22/548/244 19/549/291
f 172/550/292 163/551/293 173/552/294
f 162/553/295 171/554/243 170/555/241
f 176/556/8 173/557/296 303/558/205
f 170/559/297 176/560/298 303/561/205
f 20/562/299 25/563/3 24/564/238
f 11/565/300 159/566/301 10/567/302
f 158/568/303 13/569/83 14/570/82
f 246/571/252 275/572/198 247/573/200
f 245/574/304 276/575/305 222/576/6
f 308/577/306 154/578/237 305/579/307
f 431/580/308 310/581/309 430/582/310
f 406/583/277 305/584/307 405/585/311
f 431/586/308 306/587/275 310/588/309
f 94/589/11 108/590/312 107/591/313
f 98/592/31 113/593/109 103/594/314
f 102/595/62 311/596/61 108/597/312
f 103/598/314 312/599/80 96/600/315
f 313/601/163 316/602/144 241/603/316
f 314/604/161 270/605/317 265/606/270
f 313/607/163 269/608/318 268/609/319
f 270/610/320 314/611/161 266/612/321
f 316/613/322 313/614/163 268/615/323
f 317/616/145 237/617/271 256/618/324
f 315/619/325 317/620/145 256/621/324
f 288/622/326 316/623/144 268/624/327
f 317/625/328 288/626/222 266/627/329
f 288/628/222 317/629/330 316/630/144
f 241/631/316 267/632/331 313/633/163
f 237/634/271 332/635/96 326/636/95
f 320/637/78 242/638/332 329/639/333
f 321/640/119 241/641/316 255/642/213
f 318/643/334 321/644/119 255/645/335
f 256/646/336 318/647/334 286/648/214
f 237/649/271 322/650/148 256/651/324
f 237/652/271 327/653/337 323/654/76
f 324/655/338 323/656/76 327/657/337
f 312/658/339 319/659/340 240/660/18
f 327/661/337 326/662/95 239/663/94
f 319/664/79 328/665/341 241/666/316
f 330/667/342 278/668/201 221/669/284
f 277/670/125 331/671/343 224/672/344
f 405/673/311 104/674/345 410/675/346
f 410/676/346 453/677/347 396/678/348
f 452/679/349 105/680/142 450/681/350
f 449/682/351 106/683/12 414/684/352
f 408/685/353 224/686/354 331/687/343
f 299/688/29 107/689/313 239/690/94
f 107/691/355 108/692/356 324/693/338
f 109/694/30 420/695/357 300/696/175
f 444/697/358 111/698/359 445/699/360
f 109/700/30 110/701/361 442/702/362
f 112/703/108 109/704/30 300/705/363
f 320/706/78 112/707/364 242/708/332
f 111/709/359 436/710/365 447/711/366
f 330/712/342 429/713/367 430/714/310
f 299/715/368 332/716/96 228/717/152
f 412/718/369 299/719/29 228/720/152
f 242/721/370 333/722/174 328/723/341
f 300/724/175 333/725/371 242/726/372
f 300/727/175 416/728/373 225/729/374
f 135/730/375 120/731/376 134/732/377
f 115/733/378 98/734/31 103/735/379
f 147/736/380 96/737/315 116/738/381
f 116/739/381 99/740/382 117/741/383
f 475/742/384 100/743/210 118/744/385
f 118/745/385 93/746/63 119/747/386
f 137/748/387 102/749/388 114/750/389
f 133/751/390 131/752/391 132/753/392
f 56/754/393 32/755/394 58/756/395
f 72/757/396 24/758/397 33/759/398
f 69/760/399 25/761/3 34/762/400
f 70/763/401 23/764/2 35/765/402
f 71/766/46 6/767/190 36/768/403
f 55/769/404 51/770/405 53/771/406
f 49/772/407 16/773/185 30/774/408
f 182/775/409 42/776/410 60/777/411
f 201/778/412 51/779/405 31/780/413
f 30/781/408 202/782/90 155/783/89
f 34/784/400 212/785/414 69/786/399
f 72/787/396 216/788/415 210/789/416
f 35/790/402 177/791/64 70/792/401
f 337/793/417 38/794/51 180/795/418
f 4/796/189 37/797/245 1/798/195
f 2/799/419 29/800/50 5/801/420
f 1/802/195 179/803/421 154/804/237
f 97/805/32 125/806/54 92/807/230
f 91/808/141 123/809/422 95/810/423
f 289/811/143 124/812/47 91/813/424
f 154/814/237 336/815/425 289/816/143
f 290/817/426 180/818/418 157/819/427
f 230/820/97 471/821/428 334/822/429
f 117/823/383 338/824/430 348/825/431
f 369/826/432 119/827/386 340/828/433
f 137/829/387 392/830/434 367/831/435
f 114/832/389 365/833/100 341/834/436
f 128/835/437 349/836/438 130/837/439
f 127/838/53 139/839/440 138/840/441
f 121/841/43 380/842/442 345/843/443
f 115/844/378 387/845/444 346/846/445
f 116/847/446 390/848/447 347/849/448
f 373/850/449 371/851/450 372/852/451
f 200/853/452 150/854/84 201/855/412
f 41/856/453 181/857/454 59/858/455
f 334/859/429 229/860/22 230/861/97
f 124/862/47 126/863/49 123/864/422
f 129/865/456 123/866/457 126/867/49
f 128/868/437 350/869/458 349/870/438
f 350/871/458 128/872/437 129/873/456
f 130/874/439 352/875/459 353/876/460
f 352/877/459 130/878/439 349/879/461
f 120/880/376 351/881/462 342/882/463
f 353/883/460 131/884/391 130/885/464
f 354/886/465 131/887/391 353/888/466
f 355/889/467 131/890/391 354/891/465
f 355/892/467 132/893/392 131/894/468
f 356/895/469 132/896/470 355/897/467
f 357/898/471 132/899/472 356/900/469
f 357/901/471 133/902/390 132/903/470
f 358/904/473 133/905/390 357/906/471
f 351/907/462 133/908/390 358/909/473
f 351/910/462 120/911/376 133/912/474
f 359/913/475 120/914/376 342/915/463
f 359/916/475 134/917/377 120/918/376
f 360/919/476 134/920/477 359/921/475
f 361/922/478 134/923/479 360/924/476
f 361/925/478 135/926/375 134/927/477
f 362/928/480 135/929/481 361/930/482
f 363/931/99 135/932/375 362/933/480
f 363/934/99 136/935/483 135/936/484
f 364/937/101 136/938/483 363/939/485
f 365/940/100 136/941/483 364/942/101
f 365/943/100 114/944/389 136/945/486
f 366/946/487 114/947/389 341/948/436
f 366/949/487 137/950/387 114/951/389
f 137/952/488 367/953/435 368/954/489
f 368/955/489 369/956/432 340/957/433
f 119/958/386 368/959/490 340/960/491
f 118/961/385 369/962/432 339/963/492
f 368/964/493 119/965/494 137/966/495
f 369/967/496 118/968/385 119/969/386
f 338/970/430 118/971/497 339/972/492
f 476/973/498 117/974/383 475/975/384
f 138/976/441 139/977/440 370/978/499
f 370/979/499 139/980/440 371/981/450
f 372/982/451 140/983/500 373/984/449
f 140/985/500 371/986/450 139/987/501
f 140/988/502 372/989/503 371/990/504
f 374/991/505 141/992/506 375/993/507
f 141/994/506 373/995/449 140/996/502
f 141/997/506 374/998/505 373/999/449
f 377/1000/508 143/1001/42 378/1002/509
f 142/1003/510 376/1004/511 375/1005/507
f 142/1006/510 375/1007/512 141/1008/513
f 376/1009/511 142/1010/510 377/1011/508
f 143/1012/42 377/1013/508 142/1014/510
f 378/1015/509 143/1016/514 379/1017/515
f 379/1018/515 121/1019/43 345/1020/443
f 121/1021/516 379/1022/517 143/1023/518
f 380/1024/442 144/1025/519 381/1026/520
f 144/1027/519 380/1028/521 121/1029/43
f 381/1030/520 144/1031/519 382/1032/522
f 382/1033/522 145/1034/523 383/1035/524
f 145/1036/523 382/1037/525 144/1038/526
f 383/1039/524 145/1040/523 384/1041/527
f 384/1042/527 146/1043/528 385/1044/529
f 146/1045/528 384/1046/530 145/1047/531
f 385/1048/529 146/1049/528 386/1050/532
f 386/1051/532 115/1052/378 346/1053/445
f 115/1054/378 386/1055/533 146/1056/528
f 391/1057/534 147/1058/380 388/1059/535
f 147/1060/380 387/1061/444 115/1062/378
f 388/1063/535 147/1064/380 389/1065/536
f 389/1066/536 147/1067/380 116/1068/446
f 389/1069/537 116/1070/538 347/1071/448
f 390/1072/447 116/1073/381 117/1074/539
f 390/1075/540 117/1076/383 348/1077/431
f 365/1078/541 366/1079/487 341/1080/542
f 361/1081/543 363/1082/544 362/1083/545
f 351/1084/462 359/1085/475 342/1086/546
f 359/1087/475 361/1088/547 360/1089/548
f 357/1090/471 351/1091/462 358/1092/549
f 355/1093/467 357/1094/550 356/1095/551
f 353/1096/466 355/1097/467 354/1098/552
f 349/1099/461 353/1100/553 352/1101/554
f 129/1102/456 349/1103/555 350/1104/556
f 361/1105/557 365/1106/558 363/1107/559
f 371/1108/560 138/1109/441 370/1110/561
f 375/1111/512 373/1112/562 374/1113/505
f 377/1114/508 375/1115/563 376/1116/564
f 379/1117/565 377/1118/566 378/1119/567
f 380/1120/568 379/1121/515 345/1122/569
f 382/1123/570 380/1124/442 381/1125/571
f 384/1126/572 382/1127/573 383/1128/574
f 386/1129/575 384/1130/576 385/1131/577
f 387/1132/444 386/1133/575 346/1134/578
f 375/1135/579 371/1136/450 373/1137/449
f 388/1138/535 387/1139/580 391/1140/534
f 390/1141/447 389/1142/581 347/1143/448
f 338/1144/582 390/1145/447 348/1146/583
f 369/1147/496 338/1148/582 339/1149/584
f 392/1150/434 368/1151/585 367/1152/586
f 390/1153/587 387/1154/444 389/1155/588
f 181/1156/454 41/1157/453 62/1158/589
f 42/1159/410 182/1160/409 61/1161/590
f 183/1162/591 43/1163/592 63/1164/593
f 44/1165/104 64/1166/594 46/1167/105
f 185/1168/595 45/1169/596 65/1170/597
f 46/1171/105 66/1172/598 48/1173/103
f 187/1174/599 47/1175/600 67/1176/601
f 48/1177/103 68/1178/602 50/1179/603
f 189/1180/604 49/1181/407 199/1182/88
f 50/1183/603 200/1184/452 31/1185/413
f 51/1186/405 204/1187/605 53/1188/406
f 192/1189/606 52/1190/607 203/1191/608
f 53/1192/406 206/1193/609 55/1194/404
f 194/1195/610 54/1196/611 205/1197/612
f 55/1198/404 208/1199/613 57/1200/614
f 196/1201/615 56/1202/393 207/1203/616
f 36/1204/403 209/1205/44 71/1206/46
f 198/1207/617 58/1208/395 210/1209/416
f 28/1210/246 59/1211/455 39/1212/247
f 62/1213/589 43/1214/592 183/1215/591
f 42/1216/410 61/1217/590 44/1218/104
f 40/1219/52 42/1220/410 29/1221/618
f 43/1222/592 62/1223/589 41/1224/453
f 63/1225/593 45/1226/596 185/1227/595
f 65/1228/597 47/1229/600 187/1230/599
f 67/1231/601 49/1232/407 189/1233/604
f 199/1234/619 49/1235/407 30/1236/408
f 202/1237/90 52/1238/607 192/1239/606
f 203/1240/608 54/1241/611 194/1242/610
f 205/1243/612 56/1244/393 196/1245/615
f 207/1246/616 58/1247/395 198/1248/617
f 210/1249/416 32/1250/394 72/1251/396
f 45/1252/620 63/1253/621 43/1254/622
f 47/1255/600 65/1256/597 45/1257/623
f 49/1258/624 67/1259/601 47/1260/625
f 52/1261/626 202/1262/90 30/1263/408
f 54/1264/611 203/1265/608 52/1266/607
f 56/1267/627 205/1268/612 54/1269/628
f 58/1270/629 207/1271/630 56/1272/631
f 199/1273/88 30/1274/632 155/1275/89
f 44/1276/633 61/1277/634 184/1278/635
f 64/1279/594 44/1280/633 184/1281/635
f 46/1282/636 64/1283/594 186/1284/637
f 66/1285/598 46/1286/105 186/1287/637
f 48/1288/638 66/1289/598 188/1290/639
f 68/1291/602 48/1292/640 188/1293/639
f 50/1294/603 68/1295/641 190/1296/642
f 200/1297/643 50/1298/603 190/1299/642
f 31/1300/413 200/1301/644 156/1302/645
f 201/1303/412 31/1304/413 156/1305/645
f 51/1306/405 201/1307/412 191/1308/646
f 204/1309/605 51/1310/647 191/1311/646
f 53/1312/648 204/1313/605 193/1314/649
f 206/1315/609 53/1316/648 193/1317/649
f 55/1318/650 206/1319/609 195/1320/651
f 208/1321/613 55/1322/652 195/1323/651
f 57/1324/614 208/1325/613 197/1326/653
f 209/1327/654 57/1328/614 197/1329/653
f 69/1330/399 178/1331/655 33/1332/398
f 70/1333/401 211/1334/656 34/1335/400
f 70/1336/657 177/1337/64 214/1338/658
f 211/1339/656 70/1340/401 214/1341/658
f 69/1342/399 212/1343/414 213/1344/659
f 178/1345/655 69/1346/660 213/1347/659
f 178/1348/655 72/1349/396 33/1350/661
f 71/1351/46 177/1352/64 35/1353/402
f 72/1354/396 178/1355/655 216/1356/415
f 149/1357/86 201/1358/412 150/1359/84
f 32/1360/394 210/1361/416 58/1362/662
f 209/1363/663 36/1364/403 57/1365/664
f 205/1366/612 202/1367/665 203/1368/608
f 203/1369/608 202/1370/666 192/1371/667
f 205/1372/612 203/1373/668 194/1374/669
f 207/1375/670 205/1376/612 196/1377/615
f 210/1378/416 207/1379/670 198/1380/671
f 178/1381/672 210/1382/416 216/1383/673
f 212/1384/674 178/1385/675 213/1386/676
f 177/1387/677 211/1388/656 214/1389/678
f 209/1390/679 177/1391/64 215/1392/45
f 208/1393/680 209/1394/681 197/1395/682
f 206/1396/609 208/1397/683 195/1398/684
f 204/1399/605 206/1400/609 193/1401/649
f 201/1402/685 204/1403/686 191/1404/687
f 200/1405/644 201/1406/685 156/1407/688
f 68/1408/602 200/1409/452 190/1410/642
f 66/1411/689 68/1412/641 188/1413/690
f 64/1414/691 66/1415/692 186/1416/693
f 61/1417/694 64/1418/695 184/1419/696
f 60/1420/411 61/1421/697 182/1422/698
f 62/1423/589 39/1424/247 59/1425/455
f 62/1426/589 59/1427/699 181/1428/700
f 63/1429/593 62/1430/589 183/1431/591
f 65/1432/597 63/1433/593 185/1434/701
f 67/1435/601 65/1436/597 187/1437/702
f 199/1438/703 67/1439/704 189/1440/705
f 392/1441/434 137/1442/495 366/1443/706
f 147/1444/707 391/1445/708 387/1446/580
f 34/1447/709 211/1448/710 212/1449/711
f 344/1450/87 472/1451/712 473/1452/713
f 73/1453/714 37/1454/245 39/1455/715
f 73/1456/714 124/1457/47 37/1458/245
f 37/1459/245 124/1460/47 336/1461/425
f 73/1462/714 229/1463/22 334/1464/429
f 393/1465/48 217/1466/716 343/1467/717
f 75/1468/718 217/1469/716 393/1470/719
f 148/1471/85 73/1472/714 149/1473/86
f 73/1474/720 148/1475/85 229/1476/721
f 124/1477/47 75/1478/718 393/1479/48
f 124/1480/47 74/1481/722 75/1482/718
f 124/1483/47 73/1484/714 74/1485/722
f 217/1486/716 74/1487/723 73/1488/714
f 217/1489/716 75/1490/724 74/1491/723
f 76/1492/725 151/1493/23 150/1494/84
f 394/1495/726 125/1496/727 127/1497/53
f 38/1498/51 76/1499/725 40/1500/52
f 76/1501/725 38/1502/51 125/1503/727
f 218/1504/21 76/1505/728 77/1506/729
f 76/1507/728 232/1508/24 151/1509/23
f 76/1510/728 218/1511/21 335/1512/20
f 232/1513/24 335/1514/20 231/1515/98
f 76/1516/728 335/1517/20 232/1518/24
f 73/1519/714 334/1520/730 217/1521/716
f 218/1522/21 394/1523/726 344/1524/87
f 218/1525/731 78/1526/732 394/1527/726
f 218/1528/21 77/1529/729 78/1530/732
f 76/1531/733 125/1532/734 77/1533/735
f 77/1534/736 125/1535/737 78/1536/732
f 78/1537/732 125/1538/54 394/1539/726
f 38/1540/51 337/1541/417 125/1542/738
f 37/1543/739 336/1544/425 179/1545/421
f 421/1546/740 429/1547/367 221/1548/741
f 401/1549/742 409/1550/743 397/1551/744
f 428/1552/745 422/1553/746 435/1554/747
f 408/1555/353 402/1556/127 224/1557/748
f 395/1558/749 397/1559/744 396/1560/348
f 400/1561/228 402/1562/127 401/1563/742
f 405/1564/750 410/1565/346 406/1566/751
f 448/1567/752 413/1568/28 415/1569/753
f 443/1570/754 420/1571/357 419/1572/755
f 421/1573/740 423/1574/756 422/1575/746
f 426/1576/757 431/1577/758 427/1578/759
f 432/1579/760 436/1580/365 435/1581/747
f 441/1582/761 438/1583/113 437/1584/762
f 440/1585/179 439/1586/273 441/1587/761
f 442/1588/362 444/1589/358 443/1590/754
f 445/1591/360 447/1592/366 446/1593/763
f 448/1594/752 450/1595/350 449/1596/351
f 451/1597/764 453/1598/347 452/1599/349
f 456/1600/151 454/1601/765 457/1602/766
f 400/1603/228 397/1604/744 398/1605/229
f 408/1606/767 401/1607/768 402/1608/127
f 413/1609/769 299/1610/29 412/1611/369
f 300/1612/175 420/1613/770 416/1614/373
f 428/1615/745 421/1616/740 422/1617/771
f 434/1618/233 422/1619/746 423/1620/772
f 109/1621/30 419/1622/755 420/1623/357
f 417/1624/773 225/1625/374 416/1626/373
f 439/1627/774 226/1628/114 438/1629/113
f 254/1630/180 433/1631/775 434/1632/233
f 435/1633/747 427/1634/759 428/1635/745
f 110/1636/361 444/1637/776 442/1638/777
f 111/1639/359 447/1640/366 445/1641/360
f 419/1642/755 442/1643/362 443/1644/754
f 437/1645/762 417/1646/773 418/1647/778
f 432/1648/760 440/1649/779 441/1650/780
f 446/1651/763 436/1652/365 432/1653/760
f 443/1654/754 445/1655/360 446/1656/763
f 412/1657/781 228/1658/152 411/1659/782
f 106/1660/12 413/1661/783 414/1662/352
f 105/1663/142 449/1664/351 450/1665/350
f 409/1666/743 396/1667/784 397/1668/785
f 104/1669/345 452/1670/786 453/1671/347
f 253/1672/787 398/1673/788 399/1674/226
f 458/1675/154 274/1676/789 455/1677/227
f 456/1678/151 227/1679/132 458/1680/790
f 415/1681/753 456/1682/791 457/1683/766
f 450/1684/350 451/1685/764 452/1686/792
f 453/1687/347 395/1688/749 396/1689/348
f 454/1690/765 399/1691/793 395/1692/749
f 424/1693/794 421/1694/740 425/1695/166
f 403/1696/169 400/1697/228 404/1698/795
f 415/1699/753 412/1700/796 411/1701/782
f 397/1702/744 395/1703/749 398/1704/229
f 416/1705/797 418/1706/778 417/1707/773
f 432/1708/760 434/1709/233 433/1710/775
f 432/1711/798 435/1712/747 434/1713/233
f 420/1714/799 418/1715/778 416/1716/800
f 415/1717/753 413/1718/801 412/1719/796
f 439/1720/774 273/1721/802 226/1722/803
f 395/1723/749 399/1724/793 398/1725/229
f 454/1726/765 458/1727/790 455/1728/227
f 427/1729/759 431/1730/758 430/1731/804
f 408/1732/767 410/1733/346 409/1734/743
f 111/1735/359 426/1736/757 427/1737/805
f 290/1738/426 307/1739/231 426/1740/757
f 289/1741/143 405/1742/750 305/1743/307
f 289/1744/806 305/1745/307 154/1746/807
f 427/1747/808 429/1748/367 428/1749/745
f 427/1750/809 430/1751/310 429/1752/810
f 429/1753/810 330/1754/342 221/1755/741
f 410/1756/346 407/1757/278 406/1758/277
f 410/1759/346 408/1760/767 407/1761/811
f 408/1762/812 331/1763/343 407/1764/813
f 414/1765/352 448/1766/814 449/1767/815
f 109/1768/30 442/1769/362 419/1770/755
f 106/1771/12 449/1772/816 105/1773/142
f 85/1774/817 459/1775/818 418/1776/778
f 460/1777/819 86/1778/820 461/1779/177
f 446/1780/763 432/1781/760 90/1782/821
f 83/1783/822 462/1784/178 432/1785/760
f 463/1786/176 84/1787/823 464/1788/824
f 84/1789/823 459/1790/818 464/1791/824
f 79/1792/825 465/1793/60 415/1794/826
f 466/1795/58 82/1796/827 467/1797/828
f 82/1798/827 468/1799/829 467/1800/828
f 81/1801/830 468/1802/829 395/1803/831
f 469/1804/832 80/1805/833 470/1806/59
f 470/1807/59 415/1808/753 465/1809/60
f 79/1810/825 415/1811/753 457/1812/834
f 454/1813/765 79/1814/825 457/1815/835
f 395/1816/831 82/1817/836 454/1818/765
f 88/1819/837 395/1820/838 451/1821/839
f 448/1822/840 88/1823/837 451/1824/841
f 415/1825/842 87/1826/843 448/1827/840
f 83/1828/822 432/1829/760 441/1830/761
f 84/1831/823 83/1832/822 441/1833/844
f 418/1834/778 84/1835/845 437/1836/762
f 89/1837/846 418/1838/847 443/1839/848
f 446/1840/849 89/1841/846 443/1842/754
f 461/1843/177 432/1844/760 462/1845/178
f 469/1846/832 466/1847/850 467/1848/828
f 469/1849/832 467/1850/828 468/1851/829
f 460/1852/819 463/1853/176 464/1854/824
f 460/1855/819 464/1856/824 459/1857/851
f 87/1858/843 415/1859/753 80/1860/833
f 87/1861/843 80/1862/833 88/1863/837
f 395/1864/852 88/1865/837 81/1866/830
f 90/1867/821 432/1868/760 86/1869/820
f 89/1870/846 90/1871/853 85/1872/817
f 418/1873/778 89/1874/854 85/1875/855
f 1138/1876/856 661/1877/857 572/1878/858
f 595/1879/859 1294/1880/860 590/1881/861
f 1372/1882/862 1370/1883/863 1371/1884/864
f 580/1885/865 641/1886/866 581/1887/867
f 641/1888/866 582/1889/868 581/1890/867
f 641/1891/866 640/1892/869 582/1893/868
f 640/1894/869 583/1895/870 582/1896/868
f 640/1897/869 639/1898/871 583/1899/870
f 639/1900/871 584/1901/872 583/1902/870
f 1297/1903/873 1296/1904/874 638/1905/875
f 1297/1906/873 585/1907/876 1298/1908/877
f 638/1909/875 637/1910/878 585/1911/876
f 637/1912/878 586/1913/879 585/1914/876
f 637/1915/878 636/1916/880 586/1917/879
f 636/1918/880 587/1919/881 586/1920/882
f 600/1921/883 1149/1922/884 601/1923/885
f 601/1924/885 1150/1925/886 602/1926/887
f 602/1927/887 1151/1928/888 603/1929/889
f 1285/1930/890 1152/1931/891 604/1932/892
f 604/1933/892 1154/1934/893 605/1935/894
f 605/1936/894 1153/1937/895 606/1938/896
f 606/1939/896 1155/1940/897 607/1941/898
f 607/1942/898 1156/1943/899 608/1944/900
f 608/1945/900 1157/1946/901 609/1947/902
f 609/1948/902 1158/1949/903 610/1950/904
f 610/1951/904 1159/1952/905 611/1953/906
f 611/1954/906 1160/1955/907 612/1956/908
f 612/1957/908 1161/1958/909 613/1959/910
f 613/1960/910 1162/1961/911 614/1962/912
f 614/1963/912 1163/1964/913 615/1965/914
f 1163/1966/913 1164/1967/915 615/1968/914
f 1164/1969/915 717/1970/916 616/1971/917
f 658/1972/918 657/1973/919 1135/1974/920
f 1321/1975/921 1320/1976/922 647/1977/923
f 569/1978/924 687/1979/925 568/1980/263
f 762/1981/926 761/1982/927 1366/1983/928
f 1366/1984/928 1364/1985/929 1363/1986/930
f 690/1987/931 1136/1988/932 1137/1989/933
f 691/1990/934 690/1991/931 1362/1992/935
f 689/1993/936 1322/1994/937 1136/1995/932
f 672/1996/938 1140/1997/939 762/1998/926
f 754/1999/940 692/2000/941 691/2001/934
f 752/2002/942 693/2003/943 692/2004/941
f 753/2005/944 752/2006/942 692/2007/941
f 751/2008/945 694/2009/946 693/2010/943
f 752/2011/942 751/2012/945 693/2013/943
f 1300/2014/947 1299/2015/948 695/2016/949
f 751/2017/945 750/2018/950 694/2019/946
f 749/2020/951 696/2021/952 695/2022/949
f 695/2023/953 1301/2024/954 749/2025/951
f 748/2026/955 697/2027/956 696/2028/952
f 749/2029/957 748/2030/955 696/2031/952
f 747/2032/958 746/2033/959 698/2034/960
f 748/2035/961 747/2036/958 697/2037/956
f 1165/2038/962 700/2039/963 699/2040/964
f 1166/2041/965 701/2042/966 700/2043/963
f 1167/2044/967 702/2045/968 701/2046/966
f 1168/2047/969 703/2048/970 702/2049/968
f 1287/2050/971 1286/2051/972 704/2052/973
f 1170/2053/974 705/2054/975 704/2055/973
f 1171/2056/976 706/2057/977 705/2058/975
f 1172/2059/978 707/2060/979 706/2061/977
f 1173/2062/980 708/2063/981 707/2064/979
f 1174/2065/982 709/2066/983 708/2067/981
f 1175/2068/984 710/2069/985 709/2070/983
f 1176/2071/986 711/2072/987 710/2073/985
f 1177/2074/988 712/2075/989 711/2076/987
f 1178/2077/990 713/2078/991 712/2079/989
f 1179/2080/992 714/2081/993 713/2082/991
f 1180/2083/994 715/2084/995 714/2085/993
f 1181/2086/996 716/2087/997 715/2088/995
f 1182/2089/998 717/2090/916 716/2091/997
f 1183/2092/999 699/2093/964 698/2094/960
f 739/2095/1000 1302/2096/1001 1292/2097/1002
f 690/2098/931 1106/2099/1003 689/2100/936
f 1107/2101/1004 691/2102/934 1108/2103/1005
f 1109/2104/1006 691/2105/934 692/2106/941
f 1110/2107/1007 692/2108/1008 693/2109/943
f 694/2110/946 1110/2111/1007 693/2112/1009
f 1317/2113/1010 695/2114/949 1112/2115/1011
f 1113/2116/1012 1112/2117/1011 696/2118/952
f 1114/2119/1013 1113/2120/1012 697/2121/956
f 1115/2122/1014 1114/2123/1013 698/2124/960
f 699/2125/1015 1115/2126/1014 698/2127/960
f 1117/2128/1016 1116/2129/1017 700/2130/963
f 701/2131/966 1117/2132/1016 700/2133/963
f 702/2134/968 1118/2135/1018 701/2136/966
f 1120/2137/1019 1119/2138/1020 703/2139/970
f 1121/2140/1021 1289/2141/1022 704/2142/973
f 705/2143/975 1121/2144/1021 704/2145/1023
f 1123/2146/1024 1122/2147/1025 706/2148/977
f 707/2149/979 1123/2150/1024 706/2151/977
f 1125/2152/1026 1124/2153/1027 708/2154/1028
f 709/2155/983 1125/2156/1026 708/2157/1028
f 1127/2158/1029 1126/2159/1030 710/2160/985
f 711/2161/987 1127/2162/1029 710/2163/985
f 1129/2164/1031 1128/2165/1032 712/2166/989
f 713/2167/991 1129/2168/1031 712/2169/989
f 1131/2170/1033 1130/2171/1034 714/2172/993
f 715/2173/995 1131/2174/1033 714/2175/993
f 1133/2176/1035 1132/2177/1036 716/2178/997
f 717/2179/916 1133/2180/1035 716/2181/997
f 718/2182/1037 1050/2183/1038 717/2184/1039
f 719/2185/1040 1049/2186/1041 718/2187/1037
f 719/2188/1040 1048/2189/1042 1049/2190/1041
f 721/2191/1043 1047/2192/1044 720/2193/1045
f 721/2194/1043 1046/2195/1046 1047/2196/1044
f 723/2197/1047 1045/2198/1048 722/2199/1049
f 723/2200/1047 1044/2201/1050 1045/2202/1048
f 725/2203/1051 1043/2204/1052 724/2205/1053
f 725/2206/1051 1042/2207/1054 1043/2208/1052
f 727/2209/1055 1041/2210/1056 726/2211/1057
f 727/2212/1055 1040/2213/1058 1041/2214/1056
f 729/2215/1059 1039/2216/1060 728/2217/1061
f 729/2218/1059 1038/2219/1062 1039/2220/1060
f 1283/2221/1063 1282/2222/1064 730/2223/1065
f 732/2224/1066 1036/2225/1067 731/2226/1068
f 732/2227/1066 1035/2228/1069 1036/2229/1067
f 734/2230/1070 1034/2231/1071 733/2232/1072
f 734/2233/1070 1033/2234/1073 1034/2235/1071
f 736/2236/1074 1032/2237/1075 735/2238/1076
f 737/2239/1077 1031/2240/1078 1032/2241/1075
f 738/2242/1079 1031/2243/1078 737/2244/1077
f 739/2245/1000 1029/2246/1080 1030/2247/1081
f 761/2248/927 1026/2249/1082 760/2250/1083
f 761/2251/927 1025/2252/1084 1026/2253/1082
f 1024/2254/1085 762/2255/926 1140/2256/939
f 1141/2257/1086 686/2258/1087 1023/2259/1088
f 1331/2260/1089 1022/2261/1090 686/2262/1087
f 568/2263/263 688/2264/1091 567/2265/262
f 1106/2266/1003 1323/2267/1092 689/2268/1093
f 1304/2269/1094 1303/2270/1095 806/2271/1096
f 1373/2272/1097 765/2273/1098 764/2274/1099
f 1374/2275/1100 766/2276/1101 765/2277/1098
f 798/2278/1102 767/2279/1103 766/2280/1101
f 798/2281/1102 768/2282/1104 767/2283/1103
f 1344/2284/1105 1343/2285/1106 769/2286/1107
f 769/2287/1107 797/2288/1108 770/2289/1109
f 770/2290/1109 796/2291/1110 771/2292/1111
f 771/2293/1111 795/2294/1112 772/2295/1113
f 772/2296/1113 794/2297/1114 773/2298/1115
f 794/2299/1114 793/2300/1116 773/2301/1115
f 793/2302/1116 792/2303/1117 774/2304/1118
f 792/2305/1117 791/2306/1119 775/2307/1120
f 791/2308/1119 790/2309/1121 775/2310/1120
f 790/2311/1121 789/2312/1122 776/2313/1123
f 789/2314/1122 788/2315/1124 777/2316/1125
f 788/2317/1124 787/2318/1126 777/2319/1125
f 787/2320/1126 778/2321/1127 777/2322/1125
f 779/2323/1128 1246/2324/1129 786/2325/1130
f 779/2326/1128 785/2327/1131 780/2328/1132
f 785/2329/1131 781/2330/1133 780/2331/1132
f 781/2332/1133 784/2333/1134 782/2334/1135
f 784/2335/1134 783/2336/1136 782/2337/1135
f 822/2338/1137 1305/2339/1138 823/2340/1139
f 824/2341/1140 1376/2342/1141 825/2343/1142
f 858/2344/1143 826/2345/1144 1376/2346/1141
f 854/2347/1145 827/2348/1146 855/2349/1147
f 1346/2350/1148 1345/2351/1149 855/2352/1147
f 857/2353/1150 856/2354/1151 826/2355/1144
f 858/2356/1143 857/2357/1150 826/2358/1144
f 853/2359/1152 828/2360/1153 854/2361/1145
f 852/2362/1154 829/2363/1155 853/2364/1152
f 851/2365/1156 830/2366/1157 852/2367/1154
f 851/2368/1156 831/2369/1158 830/2370/1157
f 850/2371/1159 832/2372/1160 831/2373/1158
f 849/2374/1161 833/2375/1162 832/2376/1160
f 849/2377/1161 834/2378/1163 833/2379/1162
f 848/2380/1164 835/2381/1165 834/2382/1163
f 835/2383/1165 847/2384/1166 836/2385/1167
f 847/2386/1166 837/2387/1168 836/2388/1167
f 846/2389/1169 1249/2390/1170 837/2391/1168
f 847/2392/1166 846/2393/1169 837/2394/1168
f 838/2395/1171 844/2396/1172 839/2397/1173
f 846/2398/1169 845/2399/1174 1249/2400/1170
f 843/2401/1175 840/2402/1176 839/2403/1173
f 844/2404/1172 843/2405/1175 839/2406/1173
f 842/2407/1177 841/2408/1178 840/2409/1176
f 755/2410/1179 860/2411/1180 812/2412/1181
f 756/2413/1182 859/2414/1183 860/2415/1180
f 758/2416/1184 858/2417/1143 757/2418/1185
f 758/2419/1184 857/2420/1186 858/2421/1143
f 575/2422/1187 768/2423/1104 989/2424/1188
f 759/2425/1189 856/2426/1151 857/2427/1150
f 856/2428/1151 855/2429/1147 1345/2430/1149
f 944/2431/1190 854/2432/1145 855/2433/1147
f 946/2434/1191 853/2435/1152 854/2436/1192
f 947/2437/1193 852/2438/1154 853/2439/1152
f 948/2440/1194 851/2441/1156 852/2442/1195
f 949/2443/1196 850/2444/1159 851/2445/1156
f 950/2446/1197 849/2447/1161 850/2448/1198
f 951/2449/1199 848/2450/1164 849/2451/1200
f 952/2452/1201 847/2453/1202 848/2454/1164
f 846/2455/1203 1234/2456/1204 845/2457/1174
f 1214/2458/1205 1268/2459/1206 1217/2460/1207
f 1212/2461/1208 841/2462/1178 842/2463/1177
f 1212/2464/1208 1266/2465/1209 841/2466/1210
f 1251/2467/1211 837/2468/1212 1249/2469/1170
f 970/2470/1213 969/2471/1214 836/2472/1167
f 968/2473/1215 835/2474/1216 969/2475/1214
f 967/2476/1217 834/2477/1163 968/2478/1215
f 966/2479/1218 833/2480/1219 967/2481/1217
f 965/2482/1220 832/2483/1160 966/2484/1218
f 964/2485/1221 831/2486/1158 965/2487/1220
f 963/2488/1222 830/2489/1223 964/2490/1221
f 962/2491/1224 829/2492/1155 963/2493/1222
f 961/2494/1225 828/2495/1153 962/2496/1224
f 961/2497/1225 960/2498/1226 827/2499/1146
f 1006/2500/1227 798/2501/1102 1352/2502/1228
f 1308/2503/1229 591/2504/1230 590/2505/861
f 1353/2506/1231 826/2507/1144 960/2508/1226
f 741/2509/1232 826/2510/1144 740/2511/1233
f 1316/2512/1234 743/2513/1235 744/2514/1236
f 745/2515/1237 1309/2516/1238 1310/2517/1239
f 746/2518/959 822/2519/1137 745/2520/1237
f 747/2521/958 821/2522/1240 746/2523/959
f 748/2524/961 820/2525/1241 747/2526/958
f 749/2527/957 819/2528/1242 748/2529/955
f 1301/2530/954 818/2531/1243 749/2532/951
f 751/2533/1244 817/2534/1245 750/2535/950
f 752/2536/942 816/2537/1246 751/2538/1244
f 753/2539/944 815/2540/1247 752/2541/942
f 753/2542/1248 813/2543/1249 814/2544/1250
f 754/2545/940 812/2546/1181 813/2547/1249
f 578/2548/1251 765/2549/1098 577/2550/1252
f 578/2551/1251 763/2552/1253 764/2553/1099
f 763/2554/1253 580/2555/865 811/2556/1254
f 811/2557/1254 581/2558/867 810/2559/1255
f 582/2560/868 810/2561/1255 581/2562/1256
f 583/2563/1257 809/2564/1258 582/2565/1259
f 584/2566/872 808/2567/1260 583/2568/1261
f 806/2569/1096 1298/2570/877 585/2571/876
f 585/2572/876 805/2573/1262 806/2574/1096
f 587/2575/881 805/2576/1262 586/2577/1263
f 588/2578/1264 804/2579/1265 587/2580/1266
f 588/2581/1264 802/2582/1267 803/2583/1268
f 801/2584/1269 1311/2585/1270 1304/2586/1094
f 591/2587/1230 592/2588/1271 799/2589/1272
f 1307/2590/1273 799/2591/1272 592/2592/1271
f 798/2593/1102 799/2594/1274 593/2595/1275
f 577/2596/1252 766/2597/1101 576/2598/1276
f 575/2599/1187 576/2600/1276 767/2601/1277
f 862/2602/1278 667/2603/1279 668/2604/1280
f 863/2605/1281 668/2606/1280 669/2607/1282
f 864/2608/1283 669/2609/1282 670/2610/1284
f 865/2611/1285 670/2612/1284 671/2613/1286
f 866/2614/1287 671/2615/1286 672/2616/938
f 867/2617/1288 672/2618/938 673/2619/1289
f 674/2620/1290 867/2621/1288 673/2622/1289
f 869/2623/1291 674/2624/1290 675/2625/1292
f 869/2626/1291 675/2627/1292 676/2628/1293
f 870/2629/1294 676/2630/1293 871/2631/1295
f 872/2632/1296 677/2633/1297 678/2634/1298
f 873/2635/1299 872/2636/1296 678/2637/1298
f 874/2638/1300 873/2639/1299 679/2640/1301
f 875/2641/1302 874/2642/1300 680/2643/1303
f 876/2644/1304 681/2645/1305 682/2646/1306
f 877/2647/1307 876/2648/1304 682/2649/1306
f 879/2650/1308 648/2651/1309 649/2652/1310
f 650/2653/1311 879/2654/1308 649/2655/1310
f 651/2656/1312 880/2657/1313 650/2658/1311
f 652/2659/1314 881/2660/1315 651/2661/1312
f 883/2662/1316 882/2663/1317 653/2664/1318
f 654/2665/1319 883/2666/1316 653/2667/1318
f 655/2668/1320 884/2669/1321 654/2670/1319
f 886/2671/1322 655/2672/1320 656/2673/1323
f 886/2674/1322 656/2675/1323 657/2676/919
f 887/2677/1324 657/2678/1325 888/2679/1326
f 659/2680/1327 888/2681/1326 658/2682/918
f 889/2683/1328 659/2684/1327 890/2685/1329
f 890/2686/1329 661/2687/857 891/2688/1330
f 892/2689/1331 661/2690/857 662/2691/1332
f 893/2692/1333 662/2693/1332 663/2694/1334
f 894/2695/1335 663/2696/1334 664/2697/1336
f 895/2698/1337 664/2699/1336 665/2700/1338
f 896/2701/1339 665/2702/1338 666/2703/1340
f 982/2704/1341 896/2705/1339 666/2706/1340
f 667/2707/1279 898/2708/1342 936/2709/1343
f 899/2710/1344 936/2711/1343 898/2712/1342
f 938/2713/1345 899/2714/1344 901/2715/1346
f 903/2716/1347 938/2717/1345 901/2718/1346
f 939/2719/1348 903/2720/1347 1206/2721/1349
f 940/2722/1350 1199/2723/1351 941/2724/1352
f 1201/2725/1353 941/2726/1352 1199/2727/1351
f 942/2728/1354 1203/2729/1355 943/2730/1356
f 1203/2731/1355 935/2732/1357 943/2733/1356
f 1191/2734/1358 935/2735/1357 1203/2736/1355
f 921/2737/1359 1204/2738/1360 919/2739/1361
f 923/2740/1362 931/2741/1363 921/2742/1359
f 925/2743/1364 929/2744/1365 923/2745/1362
f 685/2746/1366 925/2747/1364 927/2748/1367
f 974/2749/1368 648/2750/1309 926/2751/1369
f 927/2752/1367 928/2753/1370 685/2754/1366
f 684/2755/1371 877/2756/1307 683/2757/1372
f 877/2758/1307 866/2759/1287 876/2760/1304
f 864/2761/1283 865/2762/1285 877/2763/1307
f 928/2764/1370 864/2765/1283 877/2766/1373
f 869/2767/1374 867/2768/1375 868/2769/1376
f 928/2770/1370 863/2771/1281 864/2772/1283
f 928/2773/1377 862/2774/1278 863/2775/1281
f 927/2776/1378 861/2777/1379 862/2778/1380
f 861/2779/1379 925/2780/1381 898/2781/1342
f 925/2782/1381 899/2783/1382 898/2784/1383
f 899/2785/1384 921/2786/1385 901/2787/1386
f 921/2788/1359 903/2789/1347 901/2790/1387
f 921/2791/1359 905/2792/1388 903/2793/1347
f 907/2794/1389 917/2795/1390 909/2796/1391
f 917/2797/1390 911/2798/1392 909/2799/1391
f 915/2800/1393 913/2801/1394 911/2802/1392
f 880/2803/1313 891/2804/1330 892/2805/1331
f 892/2806/1395 893/2807/1333 880/2808/1313
f 893/2809/1333 879/2810/1396 880/2811/1313
f 893/2812/1333 894/2813/1335 879/2814/1396
f 879/2815/1396 895/2816/1337 878/2817/1397
f 895/2818/1398 896/2819/1339 878/2820/1397
f 896/2821/1339 897/2822/1399 926/2823/1369
f 926/2824/1369 900/2825/1400 924/2826/1401
f 924/2827/1401 902/2828/1402 922/2829/1403
f 902/2830/1402 904/2831/1404 922/2832/1403
f 922/2833/1403 906/2834/1405 920/2835/1406
f 918/2836/1407 908/2837/1408 910/2838/1409
f 918/2839/1407 912/2840/1410 916/2841/1411
f 912/2842/1410 914/2843/1412 916/2844/1411
f 887/2845/1324 885/2846/1413 886/2847/1322
f 988/2848/1414 979/2849/1415 980/2850/1416
f 924/2851/1401 974/2852/1368 926/2853/1369
f 922/2854/1417 975/2855/1418 924/2856/1401
f 977/2857/1419 976/2858/1420 1205/2859/1421
f 1184/2860/1422 977/2861/1419 1205/2862/1421
f 1195/2863/1423 1187/2864/1424 914/2865/1412
f 897/2866/1399 981/2867/1425 900/2868/1400
f 900/2869/1426 983/2870/1427 902/2871/1402
f 902/2872/1402 984/2873/1428 904/2874/1404
f 984/2875/1428 1207/2876/1429 904/2877/1404
f 906/2878/1405 1197/2879/1430 908/2880/1408
f 908/2881/1408 1193/2882/1431 910/2883/1409
f 910/2884/1409 1195/2885/1423 912/2886/1410
f 1195/2887/1432 914/2888/1412 912/2889/1410
f 990/2890/1433 989/2891/1188 769/2892/1107
f 991/2893/1434 990/2894/1433 770/2895/1109
f 992/2896/1435 991/2897/1434 771/2898/1111
f 772/2899/1113 992/2900/1435 771/2901/1436
f 994/2902/1437 993/2903/1438 773/2904/1115
f 995/2905/1439 994/2906/1437 774/2907/1118
f 996/2908/1440 995/2909/1439 775/2910/1441
f 997/2911/1442 996/2912/1440 776/2913/1123
f 1278/2914/1443 997/2915/1442 777/2916/1444
f 1230/2917/1445 998/2918/1446 1279/2919/1447
f 1210/2920/1448 1264/2921/1449 1216/2922/1450
f 1002/2923/1451 1001/2924/1452 1208/2925/1453
f 797/2926/1108 1005/2927/1454 796/2928/1110
f 796/2929/1110 1007/2930/1455 795/2931/1112
f 795/2932/1112 1008/2933/1456 794/2934/1457
f 794/2935/1458 1009/2936/1459 793/2937/1460
f 793/2938/1461 1010/2939/1462 792/2940/1117
f 792/2941/1463 1011/2942/1464 791/2943/1119
f 791/2944/1465 1012/2945/1466 790/2946/1121
f 790/2947/1121 1013/2948/1467 789/2949/1468
f 789/2950/1468 1014/2951/1469 788/2952/1470
f 788/2953/1124 1015/2954/1471 787/2955/1126
f 1246/2956/1129 1253/2957/1472 1252/2958/1473
f 931/2959/1363 938/2960/1474 939/2961/1348
f 1024/2962/1085 1141/2963/1086 1023/2964/1088
f 955/2965/1475 973/2966/1476 957/2967/1477
f 906/2968/1405 918/2969/1407 920/2970/1406
f 919/2971/1361 907/2972/1389 905/2973/1388
f 599/2974/1478 1148/2975/1479 600/2976/883
f 597/2977/1480 1146/2978/1481 598/2979/1482
f 1146/2980/1481 590/2981/861 589/2982/1483
f 1085/2983/1484 1076/2984/1485 1084/2985/1486
f 1086/2986/1487 1019/2987/1488 1085/2988/1484
f 1342/2989/1489 1077/2990/1490 1086/2991/1487
f 1022/2992/1090 1321/2993/921 647/2994/923
f 1023/2995/1088 1022/2996/1090 647/2997/923
f 1024/2998/1491 1023/2999/1492 1139/3000/1493
f 572/3001/858 1024/3002/1085 1138/3003/856
f 1026/3004/1082 1025/3005/1084 573/3006/1494
f 1027/3007/1495 1026/3008/1082 574/3009/1496
f 1030/3010/1081 595/3011/859 596/3012/1497
f 1031/3013/1498 596/3014/1497 597/3015/1480
f 1032/3016/1075 1031/3017/1499 597/3018/1500
f 1033/3019/1073 1032/3020/1501 599/3021/1478
f 1034/3022/1502 1033/3023/1073 600/3024/883
f 601/3025/885 1034/3026/1502 600/3027/883
f 1036/3028/1067 1035/3029/1069 602/3030/887
f 603/3031/889 1036/3032/1067 602/3033/1503
f 1282/3034/1064 1285/3035/890 604/3036/892
f 1039/3037/1504 1038/3038/1062 605/3039/894
f 606/3040/896 1039/3041/1504 605/3042/894
f 1041/3043/1056 1040/3044/1058 607/3045/898
f 608/3046/1505 1041/3047/1506 607/3048/898
f 1043/3049/1507 1042/3050/1054 609/3051/902
f 610/3052/1508 1043/3053/1507 609/3054/1509
f 1045/3055/1510 1044/3056/1050 611/3057/906
f 612/3058/908 1045/3059/1510 611/3060/1511
f 1047/3061/1512 1046/3062/1046 613/3063/910
f 614/3064/1513 1047/3065/1512 613/3066/1514
f 1049/3067/1515 1048/3068/1042 615/3069/914
f 616/3070/917 1049/3071/1516 615/3072/1517
f 717/3073/916 1050/3074/1038 616/3075/917
f 1105/3076/1518 717/3077/1519 617/3078/1520
f 1104/3079/1521 1051/3080/1522 1105/3081/1518
f 1103/3082/1523 1052/3083/1524 1104/3084/1521
f 1102/3085/1525 1053/3086/1526 1103/3087/1523
f 1101/3088/1527 1054/3089/1528 1102/3090/1525
f 1100/3091/1529 1055/3092/1530 1101/3093/1527
f 1099/3094/1531 1056/3095/1532 1100/3096/1529
f 1098/3097/1533 1057/3098/1534 1099/3099/1531
f 1097/3100/1535 1058/3101/1536 1098/3102/1533
f 1096/3103/1537 1059/3104/1538 1097/3105/1535
f 1095/3106/1539 1060/3107/1540 1096/3108/1537
f 1094/3109/1541 1061/3110/1542 1095/3111/1539
f 1093/3112/1543 1062/3113/1544 1094/3114/1541
f 1291/3115/1545 1063/3116/1546 1093/3117/1543
f 1091/3118/1547 1064/3119/1548 1092/3120/1549
f 1090/3121/1550 1065/3122/1551 1091/3123/1547
f 1089/3124/1552 1066/3125/1553 1090/3126/1550
f 1088/3127/1554 1067/3128/1555 1089/3129/1552
f 1087/3130/1556 1068/3131/1557 1088/3132/1554
f 1078/3133/1558 1069/3134/1559 1087/3135/1556
f 1079/3136/1560 1070/3137/1561 1078/3138/1558
f 1080/3139/1562 1071/3140/1563 1079/3141/1560
f 1319/3142/1564 1072/3143/1565 1080/3144/1562
f 1082/3145/1566 1073/3146/1567 1081/3147/1568
f 1083/3148/1569 1074/3149/1570 1082/3150/1566
f 1084/3151/1486 1075/3152/1571 1083/3153/1569
f 1079/3154/1560 636/3155/880 637/3156/878
f 1080/3157/1562 637/3158/1572 638/3159/875
f 1319/3160/1564 638/3161/875 1296/3162/874
f 1082/3163/1573 639/3164/871 640/3165/1574
f 641/3166/1575 1082/3167/1573 640/3168/1576
f 642/3169/1577 1083/3170/1578 641/3171/1575
f 1085/3172/1484 1084/3173/1579 642/3174/1577
f 1086/3175/1487 643/3176/1580 644/3177/1581
f 1325/3178/1582 1086/3179/1487 644/3180/1581
f 1078/3181/1558 1087/3182/1556 635/3183/1583
f 1087/3184/1556 634/3185/1584 635/3186/1583
f 1088/3187/1554 1089/3188/1552 633/3189/1585
f 1089/3190/1586 632/3191/1587 633/3192/1585
f 1090/3193/1550 631/3194/1588 632/3195/1587
f 1091/3196/1589 1092/3197/1549 630/3198/1590
f 1291/3199/1545 1093/3200/1543 629/3201/1591
f 1093/3202/1543 628/3203/1592 629/3204/1591
f 1094/3205/1541 1095/3206/1539 627/3207/1593
f 1095/3208/1539 626/3209/1594 627/3210/1593
f 1096/3211/1537 1097/3212/1535 625/3213/1595
f 1097/3214/1535 624/3215/1596 625/3216/1595
f 1098/3217/1533 1099/3218/1531 623/3219/1597
f 1099/3220/1598 622/3221/1599 623/3222/1597
f 1100/3223/1529 1101/3224/1527 621/3225/1600
f 1101/3226/1527 620/3227/1601 621/3228/1600
f 1102/3229/1525 619/3230/1602 620/3231/1601
f 1103/3232/1603 618/3233/1604 619/3234/1602
f 1104/3235/1521 1105/3236/1605 617/3237/1520
f 1341/3238/1606 1106/3239/1607 1077/3240/1490
f 1077/3241/1490 1107/3242/1004 1019/3243/1488
f 1019/3244/1488 1108/3245/1005 1076/3246/1485
f 1075/3247/1571 1110/3248/1007 1074/3249/1570
f 1076/3250/1485 1109/3251/1006 1075/3252/1608
f 1074/3253/1570 1111/3254/1609 1073/3255/1567
f 1072/3256/1565 1317/3257/1010 1112/3258/1011
f 1072/3259/1565 1113/3260/1012 1071/3261/1563
f 1071/3262/1563 1114/3263/1013 1070/3264/1561
f 1070/3265/1610 1115/3266/1014 1069/3267/1559
f 1069/3268/1559 1116/3269/1017 1068/3270/1557
f 1068/3271/1611 1117/3272/1612 1067/3273/1555
f 1067/3274/1613 1118/3275/1018 1066/3276/1553
f 1066/3277/1553 1119/3278/1020 1065/3279/1551
f 1065/3280/1551 1120/3281/1019 1064/3282/1548
f 1290/3283/1614 1121/3284/1021 1063/3285/1546
f 1063/3286/1546 1122/3287/1025 1062/3288/1544
f 1062/3289/1544 1123/3290/1024 1061/3291/1542
f 1061/3292/1542 1124/3293/1027 1060/3294/1540
f 1060/3295/1540 1125/3296/1615 1059/3297/1538
f 1059/3298/1538 1126/3299/1030 1058/3300/1536
f 1058/3301/1536 1127/3302/1616 1057/3303/1534
f 1057/3304/1534 1128/3305/1032 1056/3306/1532
f 1056/3307/1532 1129/3308/1031 1055/3309/1530
f 1055/3310/1530 1130/3311/1034 1054/3312/1528
f 1054/3313/1528 1131/3314/1033 1053/3315/1526
f 1053/3316/1617 1132/3317/1036 1052/3318/1524
f 1052/3319/1524 1133/3320/1035 1051/3321/1522
f 644/3322/1581 1324/3323/1618 1325/3324/1582
f 643/3325/1580 1134/3326/1619 644/3327/1581
f 1367/3328/1620 1368/3329/1621 642/3330/1622
f 1137/3331/933 676/3332/1623 675/3333/1624
f 1362/3334/935 1364/3335/929 1361/3336/1625
f 1369/3337/1626 1370/3338/863 1368/3339/1621
f 1134/3340/1619 1326/3341/1627 1324/3342/1618
f 1136/3343/932 678/3344/1628 677/3345/1297
f 681/3346/1305 1327/3347/1629 682/3348/1306
f 653/3349/1318 1329/3350/1630 1330/3351/1631
f 686/3352/1087 1327/3353/1629 1331/3354/1089
f 1143/3355/1632 760/3356/1083 1027/3357/1495
f 1357/3358/1633 1020/3359/1634 1028/3360/1635
f 1029/3361/1080 1292/3362/1002 1293/3363/1636
f 1295/3364/1637 595/3365/859 1029/3366/1638
f 1020/3367/1634 1360/3368/1639 1028/3369/1635
f 1027/3370/1640 1144/3371/1641 1020/3372/1634
f 1371/3373/864 572/3374/858 1372/3375/862
f 760/3376/1083 756/3377/1182 761/3378/927
f 744/3379/1236 739/3380/1000 738/3381/1079
f 595/3382/1642 590/3383/861 596/3384/1497
f 578/3385/1251 574/3386/1496 573/3387/1494
f 717/3388/916 1105/3389/1518 1051/3390/1643
f 1133/3391/1035 717/3392/1644 1051/3393/1645
f 635/3394/1583 588/3395/1264 587/3396/1266
f 1146/3397/1481 634/3398/1584 1147/3399/1646
f 1148/3400/1479 1147/3401/1646 633/3402/1585
f 1149/3403/884 1148/3404/1647 632/3405/1587
f 1150/3406/886 1149/3407/884 631/3408/1588
f 1151/3409/888 1150/3410/886 630/3411/1590
f 1284/3412/1648 629/3413/1591 1152/3414/891
f 1154/3415/893 1152/3416/891 628/3417/1592
f 1153/3418/895 1154/3419/893 627/3420/1649
f 1155/3421/897 1153/3422/895 626/3423/1594
f 1156/3424/899 1155/3425/897 625/3426/1650
f 1157/3427/901 1156/3428/899 624/3429/1596
f 1158/3430/903 1157/3431/901 623/3432/1597
f 1159/3433/905 1158/3434/903 622/3435/1599
f 1160/3436/907 1159/3437/905 621/3438/1600
f 1161/3439/909 1160/3440/1651 620/3441/1601
f 1162/3442/911 1161/3443/1652 619/3444/1602
f 1163/3445/913 1162/3446/911 618/3447/1604
f 1164/3448/915 1163/3449/1653 617/3450/1520
f 717/3451/1654 1164/3452/1655 617/3453/1656
f 1183/3454/999 744/3455/1657 737/3456/1077
f 1165/3457/962 736/3458/1074 735/3459/1076
f 1166/3460/965 1165/3461/962 735/3462/1658
f 1167/3463/967 1166/3464/1659 734/3465/1070
f 1168/3466/969 1167/3467/967 733/3468/1072
f 1169/3469/1660 1168/3470/1661 732/3471/1066
f 1286/3472/972 1283/3473/1063 1170/3474/974
f 1171/3475/976 1170/3476/974 730/3477/1065
f 1172/3478/978 1171/3479/976 729/3480/1662
f 1173/3481/980 1172/3482/978 728/3483/1061
f 1174/3484/982 1173/3485/980 727/3486/1055
f 1175/3487/984 1174/3488/982 726/3489/1057
f 1176/3490/986 1175/3491/984 725/3492/1051
f 1177/3493/988 1176/3494/1663 724/3495/1053
f 1178/3496/990 1177/3497/988 723/3498/1047
f 1179/3499/992 1178/3500/990 722/3501/1049
f 1180/3502/994 1179/3503/992 721/3504/1043
f 1181/3505/996 1180/3506/994 720/3507/1045
f 1182/3508/998 1181/3509/996 719/3510/1664
f 717/3511/1644 1182/3512/998 718/3513/1037
f 590/3514/861 597/3515/1500 596/3516/1665
f 744/3517/1657 1183/3518/999 745/3519/1666
f 918/3520/1407 1205/3521/1421 920/3522/1406
f 916/3523/1411 1185/3524/1667 918/3525/1407
f 914/3526/1668 1187/3527/1424 916/3528/1669
f 1186/3529/1670 980/3530/1416 979/3531/1415
f 978/3532/1671 1186/3533/1670 979/3534/1415
f 933/3535/1672 1204/3536/1360 932/3537/1673
f 934/3538/1674 1189/3539/1675 933/3540/1672
f 935/3541/1357 1191/3542/1358 934/3543/1674
f 1190/3544/1676 913/3545/1394 915/3546/1393
f 917/3547/1390 1190/3548/1676 915/3549/1393
f 919/3550/1361 1188/3551/1677 917/3552/1390
f 986/3553/1678 1207/3554/1429 985/3555/1679
f 987/3556/1680 1196/3557/1681 986/3558/1678
f 988/3559/1414 1192/3560/1682 987/3561/1680
f 980/3562/1683 1194/3563/1684 988/3564/1414
f 907/3565/1389 1206/3566/1349 905/3567/1388
f 909/3568/1685 1198/3569/1686 907/3570/1389
f 911/3571/1392 1200/3572/1687 909/3573/1391
f 913/3574/1394 1202/3575/1688 911/3576/1392
f 1184/3577/1422 1207/3578/1429 1196/3579/1681
f 1188/3580/1677 1206/3581/1689 1198/3582/1686
f 1184/3583/1422 1196/3584/1690 1192/3585/1682
f 1186/3586/1691 1192/3587/1682 1194/3588/1684
f 1186/3589/1692 1194/3590/1693 980/3591/1694
f 1188/3592/1677 1198/3593/1686 1200/3594/1687
f 1190/3595/1676 1200/3596/1687 1202/3597/1688
f 1190/3598/1676 1202/3599/1695 913/3600/1696
f 1205/3601/1421 1197/3602/1430 1207/3603/1429
f 1185/3604/1667 1193/3605/1431 1197/3606/1430
f 1185/3607/1667 1195/3608/1697 1193/3609/1431
f 1204/3610/1360 1199/3611/1698 1206/3612/1349
f 1189/3613/1675 1201/3614/1353 1199/3615/1351
f 1189/3616/1675 1203/3617/1355 1201/3618/1699
f 978/3619/1671 988/3620/1414 987/3621/1700
f 978/3622/1671 987/3623/1701 986/3624/1678
f 977/3625/1419 986/3626/1678 985/3627/1679
f 976/3628/1420 985/3629/1679 984/3630/1428
f 976/3631/1420 984/3632/1428 983/3633/1427
f 934/3634/1674 943/3635/1356 935/3636/1702
f 934/3637/1674 942/3638/1354 943/3639/1703
f 933/3640/1672 941/3641/1704 942/3642/1705
f 932/3643/1673 939/3644/1348 940/3645/1350
f 940/3646/1350 933/3647/1672 932/3648/1673
f 783/3649/1136 1211/3650/1706 782/3651/1135
f 1216/3652/1450 1209/3653/1707 1210/3654/1448
f 1002/3655/1451 1208/3656/1453 1262/3657/1708
f 957/3658/1477 1215/3659/1709 955/3660/1475
f 1217/3661/1207 1213/3662/1710 1214/3663/1205
f 780/3664/1132 1233/3665/1711 779/3666/1128
f 781/3667/1133 1229/3668/1712 780/3669/1713
f 782/3670/1135 1225/3671/1714 781/3672/1133
f 1228/3673/1715 1231/3674/1716 1232/3675/1717
f 1224/3676/1718 1227/3677/1719 1228/3678/1715
f 1210/3679/1448 1223/3680/1720 1224/3681/1718
f 1000/3682/1721 1208/3683/1453 1001/3684/1452
f 1003/3685/1722 1222/3686/1723 1000/3687/1721
f 1004/3688/1724 1226/3689/1725 1003/3690/1722
f 958/3691/1726 1237/3692/1727 959/3693/1728
f 956/3694/1729 1241/3695/1730 958/3696/1726
f 955/3697/1475 1245/3698/1731 956/3699/1729
f 1240/3700/1732 1235/3701/1733 1236/3702/1734
f 1244/3703/1735 1239/3704/1736 1240/3705/1732
f 1214/3706/1205 1243/3707/1737 1244/3708/1735
f 843/3709/1738 1212/3710/1739 842/3711/1740
f 844/3712/1172 1242/3713/1741 843/3714/1738
f 845/3715/1742 1238/3716/1743 844/3717/1172
f 1247/3718/1744 1277/3719/1745 971/3720/1746
f 1248/3721/1747 999/3722/1748 1004/3723/1724
f 1246/3724/1129 778/3725/1127 787/3726/1126
f 1247/3727/1744 954/3728/1749 970/3729/1213
f 971/3730/1746 959/3731/1728 1247/3732/1744
f 971/3733/1750 958/3734/1726 959/3735/1728
f 972/3736/1751 956/3737/1752 958/3738/1726
f 972/3739/1751 955/3740/1475 956/3741/1752
f 1017/3742/1753 1004/3743/1724 1003/3744/1754
f 1017/3745/1753 1003/3746/1754 1000/3747/1755
f 1018/3748/1756 1000/3749/1757 1001/3750/1452
f 1018/3751/1756 1001/3752/1452 1002/3753/1451
f 838/3754/1171 1251/3755/1211 1249/3756/1170
f 839/3757/1758 1274/3758/1759 838/3759/1760
f 840/3760/1176 1270/3761/1761 839/3762/1758
f 841/3763/1210 1266/3764/1209 840/3765/1176
f 1269/3766/1762 957/3767/1763 973/3768/1476
f 972/3769/1751 1269/3770/1762 973/3771/1476
f 971/3772/1764 1273/3773/1765 972/3774/1766
f 1275/3775/1767 1250/3776/1768 1251/3777/1211
f 1271/3778/1769 1276/3779/1770 1275/3780/1767
f 1267/3781/1771 1272/3782/1772 1271/3783/1769
f 1217/3784/1773 1268/3785/1206 1267/3786/1771
f 1016/3787/1774 1253/3788/1472 1248/3789/1747
f 1017/3790/1775 1254/3791/1776 1016/3792/1774
f 1018/3793/1756 1258/3794/1777 1017/3795/1753
f 1002/3796/1778 1262/3797/1708 1018/3798/1756
f 1255/3799/1779 1252/3800/1473 1253/3801/1472
f 1259/3802/1780 1256/3803/1781 1255/3804/1779
f 1263/3805/1782 1260/3806/1783 1259/3807/1780
f 1216/3808/1784 1264/3809/1449 1263/3810/1782
f 1265/3811/1785 783/3812/1136 784/3813/1786
f 785/3814/1787 1265/3815/1785 784/3816/1786
f 786/3817/1130 1261/3818/1788 785/3819/1789
f 1246/3820/1129 1257/3821/1790 786/3822/1130
f 1252/3823/1473 1218/3824/1791 1257/3825/1790
f 1253/3826/1792 1219/3827/1793 1255/3828/1779
f 1250/3829/1768 1220/3830/1794 1277/3831/1745
f 1251/3832/1795 1221/3833/1796 1275/3834/1797
f 1267/3835/1798 1213/3836/1710 1217/3837/1799
f 1267/3838/1800 1243/3839/1737 1213/3840/1801
f 1271/3841/1769 1239/3842/1736 1243/3843/1737
f 1271/3844/1769 1235/3845/1733 1239/3846/1736
f 1275/3847/1802 1221/3848/1796 1235/3849/1803
f 1269/3850/1804 1215/3851/1709 957/3852/1805
f 1269/3853/1762 1245/3854/1731 1215/3855/1709
f 1273/3856/1765 1241/3857/1730 1245/3858/1731
f 1273/3859/1765 1237/3860/1727 1241/3861/1730
f 1277/3862/1745 1220/3863/1794 1237/3864/1806
f 1263/3865/1782 1209/3866/1707 1216/3867/1807
f 1263/3868/1782 1223/3869/1720 1209/3870/1707
f 1259/3871/1780 1227/3872/1719 1223/3873/1720
f 1259/3874/1780 1231/3875/1716 1227/3876/1719
f 1255/3877/1808 1219/3878/1793 1231/3879/1716
f 1265/3880/1785 1211/3881/1706 783/3882/1136
f 1265/3883/1785 1225/3884/1714 1211/3885/1706
f 1261/3886/1788 1229/3887/1712 1225/3888/1714
f 1261/3889/1788 1233/3890/1711 1229/3891/1712
f 1257/3892/1790 1218/3893/1791 1233/3894/1711
f 1256/3895/1781 1218/3896/1809 1252/3897/1473
f 1256/3898/1781 1232/3899/1717 1218/3900/1809
f 1256/3901/1781 1228/3902/1715 1232/3903/1810
f 1260/3904/1783 1224/3905/1811 1228/3906/1812
f 1260/3907/1783 1210/3908/1813 1224/3909/1814
f 1258/3910/1777 1222/3911/1723 1226/3912/1725
f 1208/3913/1453 1258/3914/1777 1262/3915/1815
f 1254/3916/1776 1219/3917/1816 1253/3918/1792
f 1226/3919/1725 1254/3920/1776 1258/3921/1777
f 1219/3922/1816 1254/3923/1776 1230/3924/1445
f 1272/3925/1772 1244/3926/1817 1240/3927/1818
f 1214/3928/1205 1272/3929/1772 1268/3930/1819
f 1276/3931/1770 1220/3932/1820 1250/3933/1768
f 1240/3934/1818 1276/3935/1770 1272/3936/1772
f 1220/3937/1794 1276/3938/1770 1236/3939/1734
f 1274/3940/1759 1221/3941/1796 1251/3942/1795
f 1212/3943/1821 1270/3944/1761 1266/3945/1822
f 1238/3946/1743 1270/3947/1823 1242/3948/1741
f 1238/3949/1743 1274/3950/1759 1270/3951/1823
f 1221/3952/1796 1274/3953/1759 1234/3954/1204
f 1220/3955/1824 1280/3956/1825 1237/3957/1727
f 1221/3958/1826 1281/3959/1827 1235/3960/1828
f 1219/3961/1829 1279/3962/1447 1231/3963/1830
f 1218/3964/1791 1278/3965/1443 1233/3966/1831
f 954/3967/1749 1280/3968/1825 953/3969/1832
f 1236/3970/1833 1280/3971/1825 1220/3972/1834
f 1236/3973/1835 1281/3974/1827 1280/3975/1825
f 1234/3976/1204 1281/3977/1827 1221/3978/1836
f 1230/3979/1445 1279/3980/1837 1219/3981/1829
f 1232/3982/1838 1279/3983/1447 1278/3984/1443
f 1232/3985/1839 1278/3986/1840 1218/3987/1791
f 778/3988/1127 1278/3989/1840 777/3990/1841
f 1246/3991/1129 779/3992/1842 778/3993/1127
f 1247/3994/1843 959/3995/1844 954/3996/1749
f 1248/3997/1845 1004/3998/1724 1016/3999/1846
f 1249/4000/1170 845/4001/1847 838/4002/1760
f 964/4003/1221 950/4004/1197 949/4005/1196
f 965/4006/1220 951/4007/1199 950/4008/1848
f 967/4009/1217 951/4010/1199 966/4011/1218
f 967/4012/1217 952/4013/1201 951/4014/1199
f 968/4015/1215 953/4016/1832 952/4017/1849
f 970/4018/1213 953/4019/1832 969/4020/1214
f 970/4021/1850 954/4022/1749 953/4023/1832
f 964/4024/1221 949/4025/1196 963/4026/1222
f 963/4027/1222 949/4028/1851 948/4029/1194
f 961/4030/1225 948/4031/1194 947/4032/1193
f 960/4033/1852 947/4034/1193 946/4035/1191
f 960/4036/1852 946/4037/1853 944/4038/1190
f 1348/4039/1854 1347/4040/1855 944/4041/1190
f 740/4042/1233 945/4043/1856 759/4044/1189
f 757/4045/1185 759/4046/1189 758/4047/1857
f 742/4048/1858 1312/4049/1859 743/4050/1235
f 1008/4051/1456 994/4052/1437 1009/4053/1459
f 1013/4054/1467 998/4055/1446 1014/4056/1469
f 995/4057/1439 1010/4058/1462 1009/4059/1459
f 996/4060/1440 1011/4061/1464 1010/4062/1860
f 996/4063/1440 1012/4064/1466 1011/4065/1464
f 997/4066/1442 1013/4067/1467 1012/4068/1466
f 1014/4069/1469 998/4070/1861 1015/4071/1471
f 1015/4072/1862 998/4073/1861 999/4074/1748
f 1015/4075/1863 999/4076/1864 1248/4077/1865
f 1007/4078/1455 993/4079/1438 1008/4080/1456
f 1007/4081/1866 992/4082/1435 993/4083/1438
f 1005/4084/1454 991/4085/1434 992/4086/1435
f 1006/4087/1227 990/4088/1867 991/4089/1434
f 1350/4090/1868 1349/4091/1869 990/4092/1870
f 594/4093/1871 575/4094/1872 989/4095/1873
f 594/4096/1871 576/4097/1276 575/4098/1874
f 594/4099/1875 577/4100/1252 576/4101/1276
f 1358/4102/1876 1312/4103/1859 1356/4104/1877
f 1143/4105/1632 756/4106/1182 760/4107/1083
f 578/4108/1251 1144/4109/1641 574/4110/1496
f 1308/4111/1229 1359/4112/1878 1355/4113/1879
f 1313/4114/1880 825/4115/1142 741/4116/1232
f 1346/4117/1148 827/4118/1146 1351/4119/1881
f 1350/4120/1868 1006/4121/1227 1352/4122/1228
f 960/4123/1852 944/4124/1882 1347/4125/1855
f 797/4126/1108 769/4127/1107 1343/4128/1106
f 590/4129/861 799/4130/1883 1315/4131/1884
f 743/4132/1235 825/4133/1142 742/4134/1858
f 590/4135/861 1314/4136/1885 589/4137/1483
f 745/4138/1886 1316/4139/1234 744/4140/1657
f 823/4141/1139 745/4142/1237 822/4143/1887
f 589/4144/1483 801/4145/1269 802/4146/1267
f 1311/4147/1270 589/4148/1483 1314/4149/1885
f 1309/4150/1238 823/4151/1139 1305/4152/1138
f 937/4153/1888 931/4154/1363 929/4155/1365
f 936/4156/1343 929/4157/1365 930/4158/1889
f 936/4159/1890 930/4160/1889 685/4161/1366
f 667/4162/1279 685/4163/1366 668/4164/1891
f 669/4165/1282 685/4166/1366 684/4167/1371
f 669/4168/1282 684/4169/1371 670/4170/1892
f 670/4171/1284 684/4172/1371 683/4173/1372
f 670/4174/1284 683/4175/1372 671/4176/1893
f 672/4177/938 683/4178/1372 682/4179/1306
f 975/4180/1418 983/4181/1427 981/4182/1425
f 649/4183/1310 663/4184/1334 650/4185/1311
f 981/4186/1894 974/4187/1895 975/4188/1418
f 982/4189/1341 648/4190/1309 974/4191/1896
f 665/4192/1338 648/4193/1309 666/4194/1340
f 664/4195/1336 649/4196/1897 648/4197/1309
f 663/4198/1334 649/4199/1310 664/4200/1336
f 650/4201/1898 663/4202/1334 662/4203/1899
f 651/4204/1312 662/4205/1900 661/4206/1901
f 1135/4207/920 657/4208/1902 656/4209/1323
f 1135/4210/920 656/4211/1323 1134/4212/1619
f 676/4213/1293 1137/4214/933 677/4215/1903
f 677/4216/1297 1137/4217/933 1136/4218/932
f 888/4219/1326 657/4220/919 658/4221/918
f 886/4222/1904 657/4223/1902 887/4224/1324
f 869/4225/1291 676/4226/1293 870/4227/1294
f 871/4228/1295 676/4229/1905 677/4230/1903
f 651/4231/1906 1332/4232/1907 652/4233/1314
f 1333/4234/1908 681/4235/1305 680/4236/1303
f 1334/4237/1909 1134/4238/1910 655/4239/1320
f 1322/4240/937 1335/4241/1911 1136/4242/932
f 655/4243/1320 1336/4244/1912 1334/4245/1909
f 884/4246/1321 655/4247/1913 885/4248/1413
f 678/4249/1298 1337/4250/1914 679/4251/1301
f 873/4252/1299 678/4253/1298 679/4254/1301
f 655/4255/1915 1134/4256/1916 656/4257/1323
f 1338/4258/1917 1136/4259/932 1335/4260/1911
f 653/4261/1918 1336/4262/1912 654/4263/1919
f 1332/4264/1907 653/4265/1920 652/4266/1921
f 679/4267/1922 1339/4268/1923 680/4269/1303
f 1333/4270/1908 680/4271/1303 1339/4272/1923
f 1134/4273/1619 643/4274/1924 1135/4275/920
f 1136/4276/1925 690/4277/931 689/4278/936
f 645/4279/1926 558/4280/254 559/4281/253
f 1021/4282/1927 570/4283/1928 646/4284/1929
f 687/4285/925 569/4286/1930 1021/4287/1927
f 646/4288/1929 570/4289/1928 558/4290/254
f 1022/4291/1931 687/4292/925 1021/4293/1932
f 646/4294/1929 1022/4295/1933 1021/4296/1934
f 1021/4297/1932 569/4298/1935 571/4299/267
f 570/4300/1928 1021/4301/1936 571/4302/267
f 646/4303/1929 558/4304/1937 645/4305/1926
f 568/4306/1938 687/4307/1939 688/4308/1091
f 1282/4309/1940 1283/4310/1063 1037/4311/1941
f 1284/4312/1648 1285/4313/890 603/4314/889
f 1169/4315/1660 1287/4316/971 703/4317/970
f 630/4318/1590 1284/4319/1648 1151/4320/888
f 731/4321/1068 1286/4322/972 1169/4323/1660
f 1285/4324/890 1282/4325/1064 1037/4326/1941
f 1287/4327/971 1120/4328/1019 703/4329/970
f 1120/4330/1019 1290/4331/1614 1064/4332/1548
f 1064/4333/1942 1291/4334/1545 1092/4335/1549
f 1092/4336/1943 1288/4337/1944 630/4338/1945
f 1293/4339/1636 1142/4340/1946 1028/4341/1947
f 1294/4342/860 1295/4343/1637 1145/4344/1948
f 639/4345/871 1297/4346/873 584/4347/872
f 1297/4348/873 1298/4349/877 584/4350/1949
f 750/4351/950 1300/4352/947 694/4353/946
f 1301/4354/954 1299/4355/948 750/4356/1950
f 1292/4357/1002 1302/4358/1001 1142/4359/1946
f 763/4360/1951 1373/4361/1097 764/4362/1952
f 1305/4363/1138 1306/4364/1953 824/4365/1140
f 577/4366/1252 1355/4367/1879 578/4368/1954
f 1310/4369/1239 1309/4370/1238 825/4371/1142
f 817/4372/1245 1301/4373/954 750/4374/1955
f 584/4375/1956 1303/4376/1095 807/4377/1957
f 800/4378/1958 1311/4379/1270 799/4380/1959
f 756/4381/1960 741/4382/1232 757/4383/1185
f 1314/4384/1885 1315/4385/1884 799/4386/1961
f 1316/4387/1234 1310/4388/1962 825/4389/1142
f 1311/4390/1270 1314/4391/1963 799/4392/1274
f 1309/4393/1238 1305/4394/1138 824/4395/1140
f 1295/4396/1964 1293/4397/1636 1145/4398/1948
f 1111/4399/1609 1318/4400/1965 1073/4401/1567
f 1073/4402/1567 1319/4403/1966 1081/4404/1568
f 1081/4405/1568 1296/4406/874 639/4407/871
f 1300/4408/947 1317/4409/1010 1111/4410/1609
f 645/4411/1926 1321/4412/921 646/4413/1929
f 566/4414/1967 1323/4415/1092 565/4416/260
f 561/4417/1968 1324/4418/1618 560/4419/1969
f 560/4420/1969 1326/4421/1627 559/4422/253
f 1327/4423/1629 1328/4424/1970 688/4425/1091
f 559/4426/253 1329/4427/1630 645/4428/1926
f 687/4429/1939 1327/4430/1629 688/4431/1091
f 1332/4432/1971 1320/4433/922 645/4434/1972
f 1328/4435/1970 1333/4436/1908 688/4437/1091
f 1326/4438/1627 1334/4439/1973 559/4440/1974
f 567/4441/262 1322/4442/937 566/4443/1967
f 1334/4444/1975 1336/4445/1976 559/4446/253
f 1337/4447/1914 1338/4448/1917 567/4449/1977
f 1338/4450/1917 1335/4451/1911 567/4452/1977
f 1336/4453/1976 1330/4454/1631 559/4455/253
f 1329/4456/1630 1332/4457/1978 645/4458/1979
f 1339/4459/1980 1337/4460/1981 567/4461/262
f 688/4462/1091 1339/4463/1982 567/4464/1977
f 565/4465/260 1340/4466/1983 564/4467/1984
f 564/4468/1984 1341/4469/1606 563/4470/258
f 563/4471/258 1342/4472/1489 562/4473/257
f 562/4474/1985 1325/4475/1582 561/4476/1986
f 1343/4477/1106 1344/4478/1105 768/4479/1104
f 1345/4480/1149 1346/4481/1148 856/4482/1151
f 1347/4483/1855 945/4484/1856 740/4485/1233
f 1349/4486/1869 1350/4487/1868 989/4488/1188
f 1346/4489/1987 1351/4490/1881 826/4491/1144
f 1350/4492/1988 1352/4493/1228 594/4494/1871
f 1353/4495/1231 1347/4496/1855 740/4497/1233
f 1354/4498/1989 1343/4499/1990 798/4500/1102
f 343/4501/717 472/4502/712 366/4503/487
f 368/4504/489 474/4505/1991 369/4506/1992
f 476/4507/498 475/4508/1993 118/4509/385
f 217/4510/716 473/4511/713 343/4512/1994
f 334/4513/429 477/4514/1995 217/4515/1996
f 1143/4516/1632 1356/4517/1877 756/4518/1960
f 578/4519/1954 1359/4520/1878 1144/4521/1641
f 1360/4522/1639 1308/4523/1229 1294/4524/1997
f 1302/4525/1001 1357/4526/1633 1142/4527/1946
f 1367/4528/1620 642/4529/1577 580/4530/865
f 1369/4531/1626 580/4532/865 579/4533/1998
f 1371/4534/864 1369/4535/1999 578/4536/1251
f 573/4537/1494 1371/4538/864 578/4539/1954
f 1372/4540/862 572/4541/858 661/4542/2000
f 660/4543/2001 1372/4544/2002 661/4545/2000
f 1368/4546/1621 658/4547/918 1135/4548/2003
f 643/4549/1580 1368/4550/1621 1135/4551/2004
f 1362/4552/935 690/4553/931 1137/4554/2005
f 1363/4555/930 1362/4556/2006 675/4557/2007
f 674/4558/1290 1363/4559/930 675/4560/1624
f 762/4561/926 1365/4562/2008 672/4563/938
f 1366/4564/928 761/4565/927 756/4566/2009
f 1364/4567/929 1366/4568/928 756/4569/2010
f 754/4570/2011 1364/4571/929 755/4572/1179
f 691/4573/934 1361/4574/1625 754/4575/940
f 1374/4576/1100 800/4577/1958 799/4578/1961
f 1376/4579/1141 1375/4580/2012 859/4581/1183
f 220/4582/2013 297/4583/2014 235/4584/2015
f 160/4585/37 297/4586/2016 220/4587/2017
f 161/4588/93 293/4589/2018 222/4590/281
f 219/4591/14 293/4592/7 161/4593/93
f 162/4594/295 280/4595/67 166/4596/206
f 279/4597/202 163/4598/191 165/4599/192
f 219/4600/2019 565/4601/260 234/4602/2020
f 567/4603/2021 219/4604/2022 280/4605/67
f 233/4606/69 567/4607/1977 280/4608/2023
f 559/4609/1974 236/4610/203 279/4611/202
f 559/4612/1974 220/4613/2013 560/4614/1969
f 220/4615/2013 561/4616/2024 560/4617/2025
f 561/4618/255 243/4619/250 562/4620/257
f 565/4621/2026 244/4622/2027 234/4623/2020
f 296/4624/2028 235/4625/2029 297/4626/123
f 294/4627/5 234/4628/2020 244/4629/2027
f 296/4630/2028 223/4631/36 246/4632/139
f 222/4633/2030 294/4634/2031 245/4635/304
f 166/4636/206 219/4637/2032 161/4638/2033
f 220/4639/208 165/4640/2034 160/4641/37
f 309/4642/276 407/4643/813 277/4644/125
f 277/4645/125 407/4646/2035 331/4647/2036
f 430/4648/2037 278/4649/201 330/4650/2038
f 430/4651/2039 310/4652/309 278/4653/201
f 174/4654/274 222/4655/6 306/4656/2040
f 310/4657/2041 222/4658/6 278/4659/2042
f 222/4660/2043 310/4661/2044 306/4662/275
f 223/4663/2045 175/4664/38 308/4665/306
f 223/4666/2046 308/4667/306 309/4668/276
f 223/4669/2047 309/4670/276 277/4671/2048
f 304/4672/289 170/4673/241 303/4674/2049
f 304/4675/2050 173/4676/296 291/4677/239
f 570/4678/2051 304/4679/2050 291/4680/2052
f 569/4681/924 304/4682/289 571/4683/267
f 233/4684/69 569/4685/265 568/4686/263
f 170/4687/2053 233/4688/2054 162/4689/295
f 236/4690/203 173/4691/2055 163/4692/191
f 570/4693/2051 236/4694/2056 558/4695/1937
f 167/4696/193 162/4697/2057 166/4698/2058
f 164/4699/279 163/4700/293 159/4701/301
f 112/4702/108 300/4703/175 242/4704/2059
f 113/4705/109 320/4706/2060 312/4707/80
f 103/4708/2061 113/4709/2062 312/4710/2063
f 107/4711/313 299/4712/29 106/4713/12
f 324/4714/338 108/4715/356 311/4716/2064
f 102/4717/388 108/4718/2065 94/4719/11
f 100/4720/210 238/4721/77 93/4722/2066
f 240/4723/2067 99/4724/17 96/4725/315
f 96/4726/315 312/4727/80 240/4728/2067
f 311/4729/2064 93/4730/2066 238/4731/77
f 257/4732/2068 323/4733/2069 238/4734/77
f 319/4735/340 258/4736/212 240/4737/2070
f 322/4738/148 237/4739/2071 323/4740/2069
f 241/4741/316 321/4742/119 319/4743/340
f 327/4744/2072 239/4745/2073 324/4746/2074
f 329/4747/333 242/4748/332 328/4749/341
f 112/4750/108 320/4751/2075 113/4752/2076
f 107/4753/313 324/4754/2077 239/4755/94
f 289/4756/2078 105/4757/142 104/4758/2079
f 110/4759/361 290/4760/426 111/4761/2080
f 92/4762/230 109/4763/30 97/4764/32
f 91/4765/141 106/4766/2081 105/4767/2082
f 98/4768/31 109/4769/2083 112/4770/2084
f 325/4771/147 321/4772/119 318/4773/334
f 287/4774/149 322/4775/148 257/4776/220
f 318/4777/334 255/4778/335 286/4779/2085
f 318/4780/334 256/4781/324 322/4782/2086
f 315/4783/2087 256/4784/2088 286/4785/214
f 315/4786/2089 255/4787/335 316/4788/2090
f 237/4789/271 317/4790/145 314/4791/161
f 241/4792/2091 316/4793/2090 255/4794/335
f 332/4795/2092 265/4796/133 228/4797/2093
f 241/4798/316 333/4799/174 267/4800/26
f 333/4801/2094 241/4802/2095 328/4803/2096
f 332/4804/2097 237/4805/2071 265/4806/2098
f 283/4807/2099 246/4808/2100 247/4809/200
f 250/4810/129 283/4811/2099 247/4812/2101
f 283/4813/2102 245/4814/2103 282/4815/2104
f 249/4816/2105 283/4817/2099 284/4818/2106
f 298/4819/134 250/4820/2107 272/4821/2108
f 251/4822/135 298/4823/2109 272/4824/128
f 298/4825/2110 249/4826/2111 284/4827/2106
f 252/4828/157 298/4829/2112 285/4830/136
f 425/4831/166 264/4832/165 424/4833/794
f 221/4834/2113 425/4835/166 421/4836/740
f 403/4837/169 263/4838/168 262/4839/130
f 301/4840/2114 403/4841/169 262/4842/2115
f 247/4843/2116 262/4844/199 250/4845/2117
f 259/4846/2118 248/4847/33 249/4848/2119
f 271/4849/2120 260/4850/2121 264/4851/2122
f 261/4852/2123 272/4853/2124 263/4854/2125
f 288/4855/2126 252/4856/2127 285/4857/136
f 251/4858/2128 288/4859/2126 285/4860/136
f 20/4861/2129 3/4862/102 9/4863/75
f 25/4864/3 20/4865/2129 26/4866/117
f 19/4867/2130 25/4868/3 26/4869/2131
f 6/4870/190 19/4871/291 12/4872/188
f 18/4873/81 6/4874/2132 12/4875/2133
f 17/4876/2134 3/4877/102 16/4878/185
f 11/4879/187 16/4880/2135 4/4881/2136
f 13/4882/83 15/4883/121 18/4884/81
f 5/4885/120 7/4886/2137 2/4887/419
f 8/4888/72 4/4889/2138 1/4890/2139
f 7/4891/40 169/4892/2140 2/4893/2141
f 8/4894/2142 168/4895/2143 153/4896/57
f 21/4897/10 9/4898/75 10/4899/2144
f 26/4900/2131 21/4901/2145 27/4902/9
f 22/4903/2146 26/4904/2147 27/4905/9
f 12/4906/188 22/4907/290 14/4908/82
f 21/4909/2145 159/4910/2148 172/4911/292
f 176/4912/2149 21/4913/2145 172/4914/116
f 22/4915/290 176/4916/2150 171/4917/2151
f 158/4918/2152 22/4919/2153 171/4920/243
f 647/4921/923 1320/4922/2154 651/4923/1906
f 1327/4924/1629 686/4925/1087 682/4926/1306
f 1022/4927/1090 1331/4928/1089 687/4929/2155
f 1321/4930/2156 1022/4931/2157 646/4932/1929
f 686/4933/2158 672/4934/2159 682/4935/2160
f 661/4936/2000 647/4937/2161 651/4938/1906
f 647/4939/923 661/4940/2000 1139/4941/1493
f 672/4942/2162 686/4943/2163 1141/4944/2164
f 1139/4945/1493 661/4946/1901 1138/4947/856
f 672/4948/2162 1141/4949/2164 1140/4950/939
f 1025/4951/2165 761/4952/927 762/4953/2166
f 573/4954/2167 1025/4955/1084 572/4956/2168
f 1024/4957/1491 572/4958/2169 1025/4959/1084
f 762/4960/2170 1024/4961/2171 1025/4962/1084
f 1023/4963/1492 647/4964/2172 1139/4965/1493
f 1024/4966/2173 1139/4967/1493 1138/4968/856
f 1141/4969/2174 1024/4970/2175 1140/4971/2176
f 1023/4972/2177 686/4973/2163 1022/4974/2178
f 760/4975/1083 1026/4976/2179 1027/4977/1495
f 574/4978/2180 1026/4979/2181 573/4980/2182
f 1144/4981/1641 1027/4982/2183 574/4983/2184
f 1143/4984/1632 1027/4985/1495 1020/4986/1634
f 1020/4987/2185 1358/4988/1876 1143/4989/1632
f 1359/4990/1878 1020/4991/2185 1144/4992/2186
f 1028/4993/1635 1360/4994/1639 1145/4995/2187
f 1357/4996/1633 1028/4997/1947 1142/4998/1946
f 1020/4999/1634 1357/5000/2188 1358/5001/2189
f 1360/5002/1639 1020/5003/2185 1359/5004/2190
f 1031/5005/2191 738/5006/1079 1030/5007/2192
f 596/5008/1497 1031/5009/1498 1030/5010/1081
f 739/5011/2193 1030/5012/2194 738/5013/1079
f 1292/5014/2195 1029/5015/1638 739/5016/2196
f 1142/5017/2197 1293/5018/1636 1292/5019/2195
f 595/5020/2198 1030/5021/2199 1029/5022/1080
f 1295/5023/2200 1029/5024/1638 1293/5025/1636
f 1145/5026/2201 1293/5027/1636 1028/5028/1635
f 642/5029/1577 1368/5030/2202 643/5031/1580
f 691/5032/2203 1362/5033/2204 1361/5034/1625
f 572/5035/2169 1371/5036/864 573/5037/2182
f 762/5038/2170 1366/5039/928 1365/5040/2008
f 658/5041/918 1368/5042/2205 1370/5043/2206
f 675/5044/2207 1362/5045/935 1137/5046/2208
f 1364/5047/929 1362/5048/935 1363/5049/2209
f 1369/5050/1626 1368/5051/2205 1367/5052/1620
f 1370/5053/2206 659/5054/2210 658/5055/2211
f 1372/5056/2212 659/5057/1327 1370/5058/2213
f 1372/5059/862 660/5060/2001 659/5061/1327
f 1363/5062/2209 674/5063/2214 1365/5064/2008
f 1365/5065/2008 674/5066/2214 673/5067/2215
f 1365/5068/2008 673/5069/2215 672/5070/938
f 1364/5071/2216 754/5072/2217 1361/5073/2218
f 1364/5074/2219 756/5075/1182 755/5076/1179
f 1366/5077/2220 1363/5078/2209 1365/5079/2221
f 580/5080/865 1369/5081/1626 1367/5082/2222
f 578/5083/1251 1369/5084/2223 579/5085/1998
f 1371/5086/864 1370/5087/863 1369/5088/2223
f 1373/5089/1097 763/5090/1253 811/5091/1254
f 1373/5092/1097 811/5093/2224 810/5094/2225
f 1373/5095/1097 810/5096/1255 809/5097/1258
f 1373/5098/2226 809/5099/1258 808/5100/1260
f 1373/5101/2227 808/5102/1260 807/5103/1957
f 1373/5104/2228 807/5105/1957 1303/5106/2229
f 800/5107/1958 1303/5108/1095 1304/5109/1094
f 1303/5110/1095 800/5111/1958 1373/5112/2228
f 1375/5113/2012 812/5114/1181 860/5115/1180
f 1375/5116/2012 813/5117/1249 812/5118/2230
f 1375/5119/2012 814/5120/1250 813/5121/2231
f 1375/5122/2012 815/5123/1247 814/5124/1250
f 1375/5125/2012 816/5126/1246 815/5127/1247
f 1375/5128/2012 817/5129/2232 816/5130/1246
f 1375/5131/2012 1306/5132/1953 817/5133/2232
f 824/5134/1140 1306/5135/2233 1375/5136/2012
f 1305/5137/1138 820/5138/1241 819/5139/1242
f 1305/5140/1138 821/5141/1240 820/5142/1241
f 1305/5143/1138 822/5144/2234 821/5145/1240
f 1305/5146/2235 818/5147/1243 1306/5148/1953
f 1305/5149/1138 819/5150/2236 818/5151/2237
f 1309/5152/1238 824/5153/2238 825/5154/1142
f 1311/5155/2239 800/5156/1958 1304/5157/2240
f 1304/5158/2241 806/5159/1096 805/5160/1262
f 1304/5161/1094 805/5162/1262 804/5163/1265
f 1304/5164/2240 804/5165/1265 803/5166/1268
f 1304/5167/2242 803/5168/1268 802/5169/2243
f 1304/5170/2242 802/5171/2243 801/5172/1269
f 765/5173/1098 1373/5174/2244 1374/5175/1100
f 765/5176/2245 578/5177/2246 764/5178/1099
f 859/5179/1183 756/5180/1182 757/5181/2247
f 859/5182/1183 1375/5183/2248 860/5184/2249
f 800/5185/1958 1374/5186/2250 1373/5187/2251
f 766/5188/1101 1374/5189/2252 798/5190/1102
f 798/5191/1102 1374/5192/2250 799/5193/1274
f 1376/5194/2253 824/5195/2254 1375/5196/2012
f 1376/5197/1141 826/5198/2255 825/5199/1142
f 858/5200/1143 1376/5201/1141 859/5202/2256
f 1309/5203/2257 745/5204/1237 823/5205/2258
f 589/5206/2259 1311/5207/2239 801/5208/1269
f 747/5209/2260 698/5210/960 697/5211/956
f 698/5212/960 746/5213/959 1183/5214/999
f 1183/5215/999 746/5216/959 745/5217/1237
f 635/5218/1583 587/5219/1266 636/5220/880
f 588/5221/2261 1146/5222/1481 589/5223/1483
f 1146/5224/2262 588/5225/2263 635/5226/1583
f 736/5227/2264 1183/5228/2265 737/5229/2266
f 737/5230/1077 744/5231/1236 738/5232/2267
f 598/5233/1482 1146/5234/2268 1147/5235/1646
f 598/5236/1482 1147/5237/1646 599/5238/1478
f 597/5239/1480 590/5240/2269 1146/5241/2270
f 736/5242/1074 1165/5243/962 1183/5244/2265
f 856/5245/1151 1346/5246/1987 826/5247/1144
f 827/5248/1146 1346/5249/2271 855/5250/1147
f 1343/5251/1106 768/5252/1104 798/5253/1102
f 797/5254/1108 1343/5255/1990 1354/5256/1989
f 766/5257/1101 577/5258/1252 765/5259/2272
f 757/5260/2273 858/5261/1143 859/5262/1183
f 767/5263/1277 576/5264/2274 766/5265/1101
f 768/5266/1104 575/5267/2275 767/5268/1103
f 1344/5269/2276 989/5270/1188 768/5271/1104
f 770/5272/2277 990/5273/1870 769/5274/2278
f 771/5275/1111 991/5276/2279 770/5277/2277
f 773/5278/1115 993/5279/1438 772/5280/1113
f 774/5281/1118 994/5282/1437 773/5283/2280
f 775/5284/1120 995/5285/1439 774/5286/1118
f 776/5287/1123 996/5288/1440 775/5289/2281
f 777/5290/1444 997/5291/1442 776/5292/2282
f 857/5293/2283 758/5294/2284 759/5295/1189
f 856/5296/2285 759/5297/2286 945/5298/1856
f 944/5299/2287 945/5300/1856 1348/5301/1854
f 854/5302/1192 944/5303/2288 946/5304/1853
f 853/5305/2289 946/5306/2290 947/5307/1193
f 852/5308/1195 947/5309/1193 948/5310/1194
f 851/5311/1156 948/5312/1194 949/5313/1851
f 850/5314/1159 949/5315/2291 950/5316/2292
f 849/5317/1200 950/5318/1848 951/5319/1199
f 848/5320/1164 951/5321/1199 952/5322/1201
f 1280/5323/1825 952/5324/1201 953/5325/2293
f 827/5326/1146 826/5327/1144 1351/5328/1881
f 1354/5329/2294 1006/5330/1227 797/5331/2295
f 826/5332/1144 741/5333/2296 825/5334/2297
f 798/5335/1102 593/5336/1275 594/5337/1875
f 945/5338/1856 1347/5339/1855 1348/5340/1854
f 989/5341/1873 1350/5342/1988 594/5343/1875
f 1006/5344/2298 1350/5345/1988 990/5346/2299
f 960/5347/1226 1347/5348/1855 1353/5349/1231
f 1352/5350/2300 798/5351/1102 594/5352/1875
f 826/5353/2301 1353/5354/1231 740/5355/2302
f 592/5356/1271 1308/5357/1229 1307/5358/1273
f 1312/5359/1859 742/5360/2303 1313/5361/1880
f 743/5362/1235 1312/5363/2304 744/5364/2305
f 591/5365/2306 1308/5366/2307 592/5367/1271
f 799/5368/2308 1307/5369/1273 593/5370/2309
f 825/5371/1142 1313/5372/1880 742/5373/2310
f 961/5374/2311 827/5375/1146 828/5376/1153
f 962/5377/1224 828/5378/2312 829/5379/1155
f 964/5380/1221 830/5381/1223 831/5382/1158
f 965/5383/1220 831/5384/1158 832/5385/1160
f 966/5386/1218 832/5387/2313 833/5388/1162
f 967/5389/1217 833/5390/2314 834/5391/1163
f 968/5392/2315 834/5393/2316 835/5394/1216
f 969/5395/1214 835/5396/1216 836/5397/2317
f 970/5398/1213 836/5399/1167 837/5400/2318
f 1005/5401/2319 797/5402/2295 1006/5403/1227
f 1007/5404/1866 796/5405/2320 1005/5406/1454
f 1008/5407/2321 795/5408/2322 1007/5409/1866
f 1009/5410/2323 794/5411/2324 1008/5412/1456
f 1010/5413/1860 793/5414/1116 1009/5415/2325
f 1011/5416/1464 792/5417/1463 1010/5418/2326
f 1012/5419/2327 791/5420/1465 1011/5421/1464
f 1013/5422/2328 790/5423/2329 1012/5424/2330
f 1014/5425/2331 789/5426/2332 1013/5427/2333
f 1015/5428/1863 788/5429/2334 1014/5430/2335
f 963/5431/1222 829/5432/2336 830/5433/1223
f 1294/5434/1997 1308/5435/2307 590/5436/861
f 1360/5437/2337 1294/5438/1997 1145/5439/2338
f 1312/5440/2339 1302/5441/1001 744/5442/2305
f 1357/5443/2340 1302/5444/2341 1312/5445/2339
f 796/5446/2320 770/5447/2277 797/5448/1108
f 795/5449/2342 771/5450/2343 796/5451/2344
f 794/5452/2345 772/5453/2346 795/5454/2347
f 793/5455/1460 774/5456/1118 773/5457/1115
f 792/5458/2348 775/5459/1120 774/5460/2349
f 790/5461/2329 776/5462/2350 775/5463/2351
f 789/5464/2332 777/5465/2352 776/5466/2350
f 854/5467/1145 828/5468/2353 827/5469/1146
f 853/5470/2354 829/5471/1155 828/5472/2355
f 852/5473/1195 830/5474/2356 829/5475/2357
f 850/5476/1198 831/5477/1158 851/5478/1156
f 849/5479/2358 832/5480/1160 850/5481/1198
f 848/5482/1164 834/5483/2359 849/5484/2360
f 847/5485/1166 835/5486/2361 848/5487/2362
f 991/5488/2363 1005/5489/1454 1006/5490/2298
f 992/5491/2364 1007/5492/2365 1005/5493/2366
f 1008/5494/2367 993/5495/2368 994/5496/2369
f 995/5497/1439 1009/5498/1459 994/5499/2370
f 996/5500/2371 1010/5501/2326 995/5502/2372
f 997/5503/1442 1012/5504/2327 996/5505/1440
f 998/5506/1446 1013/5507/2333 997/5508/1442
f 963/5509/2373 948/5510/1194 962/5511/1224
f 950/5512/2374 964/5513/2375 965/5514/1220
f 951/5515/1199 965/5516/1220 966/5517/1218
f 952/5518/2376 967/5519/2377 968/5520/2378
f 953/5521/2379 968/5522/2380 969/5523/1214
f 1324/5524/2381 644/5525/2382 1134/5526/2383
f 1322/5527/937 689/5528/936 1323/5529/2384
f 1086/5530/1487 1325/5531/1582 1342/5532/1489
f 1323/5533/2385 1106/5534/2386 1340/5535/1983
f 643/5536/2387 1086/5537/2388 1085/5538/1484
f 1106/5539/1607 690/5540/931 1107/5541/1004
f 1085/5542/2389 642/5543/1577 643/5544/2390
f 691/5545/2203 1107/5546/2391 690/5547/2392
f 1083/5548/1569 642/5549/2393 1084/5550/2394
f 691/5551/2203 1109/5552/2395 1108/5553/1005
f 1110/5554/1007 694/5555/946 1111/5556/1609
f 639/5557/871 1082/5558/1573 1081/5559/1568
f 1082/5560/2396 641/5561/866 1083/5562/2397
f 692/5563/1008 1110/5564/2398 1109/5565/2399
f 1296/5566/874 1081/5567/1568 1319/5568/1564
f 638/5569/875 1319/5570/1966 1080/5571/1562
f 637/5572/1572 1080/5573/1562 1079/5574/1560
f 636/5575/2400 1079/5576/2401 1078/5577/1558
f 1300/5578/947 1111/5579/1609 694/5580/946
f 695/5581/949 1317/5582/1010 1300/5583/947
f 696/5584/952 1112/5585/1011 695/5586/949
f 697/5587/956 1113/5588/1012 696/5589/952
f 1078/5590/2402 635/5591/2403 636/5592/880
f 698/5593/960 1114/5594/1013 697/5595/956
f 1115/5596/1014 699/5597/1015 1116/5598/1017
f 634/5599/2404 1087/5600/1556 1088/5601/2405
f 1088/5602/2405 633/5603/1585 634/5604/1584
f 700/5605/2406 1116/5606/1017 699/5607/2407
f 1117/5608/1016 701/5609/966 1118/5610/2408
f 632/5611/1587 1089/5612/1586 1090/5613/1550
f 1118/5614/2408 702/5615/968 1119/5616/1020
f 631/5617/1588 1090/5618/1550 1091/5619/1589
f 1091/5620/1589 630/5621/1590 631/5622/2409
f 703/5623/2410 1119/5624/1020 702/5625/968
f 1120/5626/1019 1287/5627/2411 1289/5628/1022
f 1288/5629/1944 1092/5630/1549 1291/5631/1545
f 1291/5632/2412 629/5633/1591 1288/5634/1944
f 704/5635/2413 1289/5636/1022 1287/5637/2414
f 1121/5638/1021 705/5639/975 1122/5640/1025
f 628/5641/2415 1093/5642/1543 1094/5643/2416
f 1094/5644/2416 627/5645/1593 628/5646/2415
f 706/5647/2417 1122/5648/1025 705/5649/975
f 1123/5650/1024 707/5651/979 1124/5652/1027
f 626/5653/1594 1095/5654/1539 1096/5655/1537
f 1096/5656/1537 625/5657/1595 626/5658/1594
f 708/5659/1028 1124/5660/1027 707/5661/2418
f 1125/5662/1026 709/5663/983 1126/5664/1030
f 624/5665/1596 1097/5666/1535 1098/5667/2419
f 1098/5668/2419 623/5669/1597 624/5670/1596
f 710/5671/985 1126/5672/2420 709/5673/983
f 1127/5674/1029 711/5675/987 1128/5676/1032
f 622/5677/1599 1099/5678/1531 1100/5679/1529
f 1100/5680/1529 621/5681/2421 622/5682/1599
f 712/5683/2422 1128/5684/2423 711/5685/2424
f 1129/5686/1031 713/5687/991 1130/5688/1034
f 620/5689/1601 1101/5690/2425 1102/5691/2426
f 714/5692/993 1130/5693/1034 713/5694/991
f 1131/5695/1033 715/5696/995 1132/5697/2427
f 618/5698/1604 1103/5699/1523 1104/5700/2428
f 619/5701/1602 1102/5702/2426 1103/5703/1603
f 716/5704/2429 1132/5705/2427 715/5706/995
f 1104/5707/2430 617/5708/1656 618/5709/1604
f 599/5710/2431 1032/5711/1501 598/5712/1482
f 735/5713/2432 1032/5714/2433 1033/5715/2434
f 1033/5716/2435 734/5717/2436 735/5718/1076
f 600/5719/2437 1033/5720/2438 599/5721/2431
f 1034/5722/1502 601/5723/2439 1035/5724/1069
f 733/5725/1072 1034/5726/2440 1035/5727/2441
f 1035/5728/2441 732/5729/1066 733/5730/2442
f 602/5731/887 1035/5732/2443 601/5733/885
f 1036/5734/2444 603/5735/889 1037/5736/2445
f 731/5737/2446 1036/5738/2447 1037/5739/1941
f 1037/5740/2448 1283/5741/1063 731/5742/1068
f 1285/5743/2449 1037/5744/2448 603/5745/2450
f 1282/5746/1064 604/5747/2451 1038/5748/1062
f 730/5749/1065 1282/5750/2452 1038/5751/1062
f 1038/5752/2453 729/5753/2454 730/5754/1065
f 605/5755/2455 1038/5756/2456 604/5757/2457
f 1039/5758/2458 606/5759/2459 1040/5760/1058
f 728/5761/2460 1039/5762/2461 1040/5763/1058
f 1040/5764/2462 727/5765/2463 728/5766/2460
f 607/5767/898 1040/5768/2464 606/5769/2465
f 1041/5770/1506 608/5771/900 1042/5772/1054
f 726/5773/2466 1041/5774/2467 1042/5775/1054
f 1042/5776/1054 725/5777/1051 726/5778/1057
f 609/5779/902 1042/5780/2468 608/5781/1505
f 1043/5782/1507 610/5783/2469 1044/5784/1050
f 724/5785/2470 1043/5786/2471 1044/5787/2472
f 1044/5788/2473 723/5789/2474 724/5790/2475
f 611/5791/906 1044/5792/2473 610/5793/904
f 1032/5794/1501 597/5795/2476 598/5796/2477
f 737/5797/2478 1032/5798/2479 736/5799/1074
f 1045/5800/1510 612/5801/2480 1046/5802/1046
f 722/5803/1049 1045/5804/2481 1046/5805/1046
f 1046/5806/2482 721/5807/1043 722/5808/2483
f 613/5809/910 1046/5810/2484 612/5811/908
f 1047/5812/2485 614/5813/1513 1048/5814/1042
f 720/5815/1045 1047/5816/1044 1048/5817/1042
f 1048/5818/1042 719/5819/1040 720/5820/1045
f 615/5821/1517 1048/5822/1042 614/5823/912
f 1049/5824/1516 616/5825/2486 1050/5826/1038
f 718/5827/2487 1049/5828/1516 1050/5829/1038
f 1148/5830/2488 599/5831/2431 1147/5832/2489
f 1149/5833/884 600/5834/2437 1148/5835/2488
f 1150/5836/2490 601/5837/885 1149/5838/884
f 1151/5839/2491 602/5840/2492 1150/5841/2490
f 1284/5842/2493 603/5843/889 1151/5844/2494
f 1152/5845/891 1285/5846/890 1284/5847/2493
f 1154/5848/2495 604/5849/2496 1152/5850/2497
f 1153/5851/2498 605/5852/2499 1154/5853/2500
f 1155/5854/897 606/5855/2459 1153/5856/2498
f 1156/5857/899 607/5858/898 1155/5859/2501
f 1157/5860/901 608/5861/2502 1156/5862/899
f 1158/5863/903 609/5864/2503 1157/5865/2504
f 1159/5866/905 610/5867/2505 1158/5868/2506
f 1160/5869/2507 611/5870/2508 1159/5871/2509
f 1161/5872/2510 612/5873/908 1160/5874/2511
f 1162/5875/2512 613/5876/910 1161/5877/1652
f 1163/5878/1653 614/5879/2513 1162/5880/2512
f 615/5881/914 1164/5882/2514 616/5883/2515
f 1166/5884/2516 735/5885/1658 734/5886/2517
f 1167/5887/967 734/5888/2436 733/5889/2518
f 1168/5890/969 733/5891/2518 732/5892/1066
f 1169/5893/1660 732/5894/2519 731/5895/2520
f 1286/5896/972 731/5897/2521 1283/5898/1063
f 1170/5899/974 1283/5900/2522 730/5901/2523
f 1171/5902/2524 730/5903/2525 729/5904/2454
f 1172/5905/978 729/5906/1059 728/5907/2526
f 1173/5908/980 728/5909/2527 727/5910/2463
f 1174/5911/982 727/5912/2528 726/5913/2529
f 1175/5914/2530 726/5915/2531 725/5916/1051
f 1176/5917/1663 725/5918/2532 724/5919/2470
f 1177/5920/988 724/5921/2533 723/5922/1047
f 1178/5923/990 723/5924/2474 722/5925/1049
f 1179/5926/992 722/5927/1049 721/5928/2534
f 1180/5929/2535 721/5930/1043 720/5931/1045
f 1182/5932/998 719/5933/1040 718/5934/2536
f 1181/5935/2537 720/5936/1045 719/5937/2538
f 634/5938/2539 1146/5939/2540 635/5940/2541
f 632/5941/2542 1148/5942/1479 633/5943/2543
f 631/5944/2544 1149/5945/2545 632/5946/2542
f 629/5947/2546 1284/5948/2493 1288/5949/2547
f 628/5950/1592 1152/5951/2548 629/5952/2549
f 627/5953/1593 1154/5954/2550 628/5955/2551
f 626/5956/2552 1153/5957/2498 627/5958/1593
f 625/5959/1595 1155/5960/2553 626/5961/2554
f 624/5962/1596 1156/5963/899 625/5964/2555
f 633/5965/2543 1147/5966/2556 634/5967/2557
f 630/5968/1590 1150/5969/886 631/5970/2558
f 623/5971/2559 1157/5972/2560 624/5973/2561
f 622/5974/2562 1158/5975/2563 623/5976/2564
f 621/5977/2421 1159/5978/2565 622/5979/2566
f 620/5980/2567 1160/5981/2507 621/5982/2421
f 619/5983/1602 1161/5984/2568 620/5985/2567
f 617/5986/2569 1163/5987/2570 618/5988/1604
f 618/5989/2571 1162/5990/2572 619/5991/2573
f 699/5992/2407 1183/5993/2574 1165/5994/962
f 700/5995/963 1165/5996/2575 1166/5997/1659
f 701/5998/966 1166/5999/2576 1167/6000/967
f 702/6001/968 1167/6002/2577 1168/6003/969
f 703/6004/970 1168/6005/2578 1169/6006/2579
f 1287/6007/2580 1169/6008/2579 1286/6009/972
f 704/6010/1023 1286/6011/2581 1170/6012/974
f 705/6013/975 1170/6014/974 1171/6015/2524
f 706/6016/2582 1171/6017/976 1172/6018/2583
f 707/6019/979 1172/6020/2583 1173/6021/2584
f 708/6022/981 1173/6023/2584 1174/6024/982
f 709/6025/2585 1174/6026/2586 1175/6027/984
f 710/6028/2587 1175/6029/2588 1176/6030/2589
f 711/6031/987 1176/6032/2590 1177/6033/2591
f 712/6034/2592 1177/6035/2593 1178/6036/2594
f 713/6037/2595 1178/6038/2596 1179/6039/992
f 714/6040/2597 1179/6041/2598 1180/6042/2535
f 715/6043/2599 1180/6044/2600 1181/6045/2537
f 716/6046/2601 1181/6047/2602 1182/6048/998
f 648/6049/2603 879/6050/2604 878/6051/2605
f 926/6052/2606 648/6053/2607 878/6054/2608
f 685/6055/1366 928/6056/1377 684/6057/2609
f 925/6058/1381 685/6059/1366 930/6060/1889
f 895/6061/1337 879/6062/2610 894/6063/2611
f 896/6064/1339 926/6065/1369 878/6066/2605
f 1205/6067/1421 976/6068/1420 922/6069/1417
f 1205/6070/1421 922/6071/1417 920/6072/2612
f 862/6073/2613 928/6074/1377 927/6075/1367
f 925/6076/1381 861/6077/1379 927/6078/2614
f 648/6079/2615 982/6080/1341 666/6081/1340
f 664/6082/2616 648/6083/2615 665/6084/1338
f 685/6085/2617 669/6086/1282 668/6087/2618
f 936/6088/2619 685/6089/1366 667/6090/1279
f 880/6091/2620 651/6092/2621 881/6093/1315
f 877/6094/2622 682/6095/2160 683/6096/1372
f 1204/6097/1360 931/6098/2623 932/6099/2624
f 931/6100/2625 1204/6101/2626 921/6102/2627
f 1206/6103/1349 903/6104/2628 905/6105/1388
f 939/6106/1348 1206/6107/2629 940/6108/1350
f 1207/6109/1429 984/6110/2630 985/6111/2631
f 904/6112/2632 1207/6113/1429 906/6114/1405
f 881/6115/2633 652/6116/1314 882/6117/1317
f 681/6118/1305 876/6119/1304 875/6120/1302
f 883/6121/1316 654/6122/1919 884/6123/2634
f 653/6124/2635 882/6125/1317 652/6126/2636
f 874/6127/2637 679/6128/1301 680/6129/2638
f 875/6130/1302 680/6131/2639 681/6132/1305
f 890/6133/2640 659/6134/2210 660/6135/2001
f 867/6136/2641 674/6137/2214 868/6138/1376
f 661/6139/2642 890/6140/2643 660/6141/2644
f 672/6142/2162 867/6143/2645 866/6144/1287
f 79/6145/2646 454/6146/765 82/6147/2647
f 85/6148/817 90/6149/853 86/6150/2648
f 88/6151/837 80/6152/2649 81/6153/830
f 84/6154/823 441/6155/761 437/6156/2650
f 1006/6157/1227 1354/6158/2294 798/6159/1102
f 826/6160/1144 827/6161/2651 960/6162/1852
f 952/6163/2376 1281/6164/2652 847/6165/2653
f 952/6166/2654 1280/6167/2655 1281/6168/2656
f 945/6169/2657 944/6170/2658 855/6171/2659
f 989/6172/1873 1344/6173/2276 769/6174/2660
f 425/6175/166 221/6176/2661 302/6177/197
f 321/6178/119 325/6179/147 287/6180/2662
f 1359/6181/2663 578/6182/1954 1355/6183/2664
f 1356/6184/1877 1143/6185/2665 1358/6186/2189
f 477/6187/1995 334/6188/429 471/6189/428
f 473/6190/713 217/6191/1996 477/6192/19
f 474/6193/1991 366/6194/2666 472/6195/712
f 474/6196/2667 368/6197/493 366/6198/2668
f 472/6199/2669 343/6200/717 473/6201/2670
f 1325/6202/1582 562/6203/1985 1342/6204/1489
f 1342/6205/2671 563/6206/258 1341/6207/2672
f 1341/6208/2673 564/6209/2674 1340/6210/1983
f 1340/6211/1983 565/6212/2675 1323/6213/2676
f 1339/6214/1982 688/6215/1091 1333/6216/1908
f 1322/6217/2677 567/6218/2678 1335/6219/2679
f 1327/6220/1629 687/6221/2680 1331/6222/2681
f 1329/6223/1630 559/6224/2682 1330/6225/1631
f 1326/6226/1627 560/6227/2683 1324/6228/1618
f 1324/6229/2684 561/6230/2024 1325/6231/1582
f 1323/6232/1092 566/6233/1967 1322/6234/2685
f 1321/6235/2156 645/6236/2686 1320/6237/922
f 1319/6238/1966 1073/6239/2687 1318/6240/1965
f 1318/6241/1965 1111/6242/1609 1317/6243/2688
f 1313/6244/2689 1356/6245/1877 1312/6246/2690
f 1313/6247/2689 756/6248/2691 1356/6249/2692
f 741/6250/2693 756/6251/1182 1313/6252/2694
f 1303/6253/1095 584/6254/2695 1298/6255/2696
f 1301/6256/954 817/6257/2232 1306/6258/2697
f 1308/6259/2307 593/6260/1275 1307/6261/2698
f 1308/6262/2699 577/6263/1252 593/6264/2700
f 1355/6265/2701 577/6266/1252 1308/6267/2702
f 1300/6268/947 750/6269/1950 1299/6270/2703
f 1297/6271/873 639/6272/871 1296/6273/874
f 1291/6274/2412 1064/6275/1548 1290/6276/1614
f 1290/6277/1614 1120/6278/1019 1289/6279/1022
f 1284/6280/2704 630/6281/2705 1288/6282/2547
f 1339/6283/2706 679/6284/2707 1337/6285/1981
f 653/6286/1918 1332/6287/1978 1329/6288/1630
f 1336/6289/1976 653/6290/2708 1330/6291/2709
f 1136/6292/2710 1338/6293/1917 678/6294/2711
f 1337/6295/2712 678/6296/2711 1338/6297/2713
f 1336/6298/1912 655/6299/2714 654/6300/2715
f 1134/6301/1619 1334/6302/2716 1326/6303/2717
f 681/6304/1305 1333/6305/2718 1328/6306/1970
f 1332/6307/2719 651/6308/1312 1320/6309/2720
f 662/6310/2721 651/6311/1906 650/6312/1898
f 974/6313/1895 981/6314/2722 982/6315/1341
f 983/6316/1427 975/6317/1418 976/6318/1420
f 683/6319/2723 672/6320/2724 671/6321/2725
f 929/6322/2726 936/6323/2727 937/6324/1888
f 931/6325/2728 937/6326/1888 938/6327/1474
f 1316/6328/1234 745/6329/2729 1310/6330/1239
f 1314/6331/1885 590/6332/861 1315/6333/2730
f 799/6334/1959 590/6335/861 591/6336/2731
f 1359/6337/2732 1308/6338/2733 1360/6339/2734
f 1312/6340/2339 1358/6341/2735 1357/6342/2188
f 577/6343/1252 594/6344/2736 593/6345/1275
f 759/6346/1189 741/6347/2296 740/6348/2737
f 759/6349/2738 757/6350/1185 741/6351/2296
f 947/6352/1193 960/6353/1852 961/6354/2739
f 948/6355/2740 961/6356/2741 962/6357/2742
f 1278/6358/1443 779/6359/1128 1233/6360/1711
f 1278/6361/2743 778/6362/1127 779/6363/1842
f 1279/6364/2744 1232/6365/2745 1231/6366/1830
f 1281/6367/2746 1236/6368/1734 1235/6369/1803
f 1280/6370/2747 959/6371/1844 1237/6372/1727
f 1280/6373/2748 954/6374/1749 959/6375/2749
f 1274/6376/2750 1238/6377/1743 1234/6378/1204
f 1270/6379/1761 1212/6380/2751 1242/6381/1741
f 1276/6382/2752 1240/6383/2753 1236/6384/1734
f 1272/6385/1772 1214/6386/2754 1244/6387/1817
f 1254/6388/2755 1226/6389/1725 1230/6390/2756
f 1258/6391/2757 1208/6392/2758 1222/6393/1723
f 1210/6394/2759 1260/6395/1783 1264/6396/2760
f 1228/6397/1812 1256/6398/1781 1260/6399/1783
f 1233/6400/1831 1261/6401/1788 1257/6402/2761
f 1225/6403/2762 1265/6404/2763 1261/6405/1788
f 1231/6406/2764 1259/6407/1780 1255/6408/2765
f 1223/6409/1720 1263/6410/1782 1259/6411/1780
f 1237/6412/2766 1273/6413/2767 1277/6414/1745
f 1245/6415/1731 1269/6416/1762 1273/6417/2767
f 1235/6418/2768 1271/6419/1769 1275/6420/2769
f 1243/6421/1737 1267/6422/2770 1271/6423/1769
f 1257/6424/2761 1246/6425/1129 1252/6426/2771
f 1261/6427/1788 786/6428/1130 1257/6429/2761
f 1265/6430/2772 785/6431/1131 1261/6432/1788
f 1260/6433/2773 1263/6434/2774 1264/6435/1449
f 1256/6436/2775 1259/6437/1780 1260/6438/2776
f 1252/6439/2777 1255/6440/1779 1256/6441/2778
f 1258/6442/2757 1018/6443/1756 1262/6444/2779
f 1254/6445/1776 1017/6446/1775 1258/6447/2780
f 1253/6448/2781 1016/6449/2782 1254/6450/2783
f 1272/6451/2784 1267/6452/1771 1268/6453/2785
f 1276/6454/1770 1271/6455/2786 1272/6456/2787
f 1250/6457/2788 1275/6458/2789 1276/6459/1770
f 1273/6460/2790 971/6461/1746 1277/6462/1745
f 1269/6463/2791 972/6464/1751 1273/6465/2792
f 1270/6466/1823 840/6467/2793 1266/6468/2794
f 1274/6469/1759 839/6470/1758 1270/6471/2795
f 1251/6472/2796 838/6473/1171 1274/6474/2797
f 1000/6475/1721 1018/6476/2798 1017/6477/1753
f 1004/6478/1724 1017/6479/1753 1016/6480/2799
f 955/6481/1475 972/6482/1751 973/6483/1476
f 958/6484/2800 971/6485/2801 972/6486/2802
f 1277/6487/2803 1247/6488/1843 1250/6489/2804
f 1238/6490/1743 845/6491/2805 1234/6492/1204
f 1242/6493/2806 844/6494/1172 1238/6495/1743
f 1212/6496/1208 843/6497/1738 1242/6498/2806
f 1243/6499/1737 1214/6500/2807 1213/6501/1710
f 1239/6502/1736 1244/6503/1735 1243/6504/1737
f 1235/6505/2768 1240/6506/2753 1239/6507/1736
f 1245/6508/2808 955/6509/1475 1215/6510/1709
f 1241/6511/1730 956/6512/1752 1245/6513/2808
f 1237/6514/2809 958/6515/2800 1241/6516/1730
f 1226/6517/2810 1004/6518/2811 1230/6519/2756
f 1222/6520/2812 1003/6521/2813 1226/6522/2810
f 1208/6523/2814 1000/6524/1757 1222/6525/2812
f 1223/6526/1720 1210/6527/2815 1209/6528/2816
f 1227/6529/1719 1224/6530/1814 1223/6531/2817
f 1231/6532/1830 1228/6533/2818 1227/6534/2819
f 1225/6535/1714 782/6536/2820 1211/6537/2821
f 1229/6538/1712 781/6539/1133 1225/6540/1714
f 1233/6541/1831 780/6542/2822 1229/6543/2823
f 933/6544/2824 940/6545/1350 941/6546/1704
f 939/6547/2825 932/6548/1673 931/6549/2728
f 942/6550/1705 934/6551/1674 933/6552/1672
f 985/6553/1679 976/6554/2826 977/6555/1419
f 986/6556/1678 977/6557/1419 978/6558/2827
f 988/6559/2828 978/6560/2829 979/6561/2830
f 1203/6562/1355 1189/6563/1675 1191/6564/1358
f 1199/6565/2831 1204/6566/2832 1189/6567/1675
f 1195/6568/1423 1185/6569/1667 1187/6570/1424
f 1197/6571/2833 1205/6572/2834 1185/6573/1667
f 1200/6574/1687 1190/6575/2835 1188/6576/1677
f 1192/6577/2836 1186/6578/1692 1184/6579/1422
f 1206/6580/2837 1188/6581/2838 1204/6582/2839
f 1207/6583/2840 1184/6584/1422 1205/6585/2841
f 1200/6586/2842 911/6587/1392 1202/6588/1695
f 1198/6589/2843 909/6590/1685 1200/6591/2844
f 1206/6592/2845 907/6593/1389 1198/6594/2843
f 1192/6595/2846 988/6596/2847 1194/6597/1684
f 1196/6598/1681 987/6599/2848 1192/6600/2849
f 1207/6601/1429 986/6602/2850 1196/6603/1690
f 1188/6604/2838 919/6605/2851 1204/6606/2839
f 1190/6607/2852 917/6608/1390 1188/6609/1677
f 1189/6610/2853 934/6611/1674 1191/6612/2854
f 1204/6613/2626 933/6614/2855 1189/6615/2856
f 1186/6616/1692 978/6617/2857 1184/6618/2858
f 1185/6619/2859 916/6620/2860 1187/6621/1424
f 1205/6622/2861 918/6623/2862 1185/6624/1667
f 1327/6625/2863 681/6626/1305 1328/6627/2864
f 1133/6628/2865 1052/6629/1524 1132/6630/2866
f 1132/6631/2866 1053/6632/1617 1131/6633/1033
f 1131/6634/1033 1054/6635/1528 1130/6636/1034
f 1130/6637/1034 1055/6638/2867 1129/6639/1031
f 1129/6640/1031 1056/6641/1532 1128/6642/1032
f 1128/6643/1032 1057/6644/1534 1127/6645/1029
f 1127/6646/1616 1058/6647/1536 1126/6648/2420
f 1126/6649/1030 1059/6650/1538 1125/6651/1026
f 1125/6652/2868 1060/6653/1540 1124/6654/2869
f 1124/6655/1027 1061/6656/2870 1123/6657/2871
f 1123/6658/1024 1062/6659/2872 1122/6660/2873
f 1122/6661/2873 1063/6662/1546 1121/6663/1021
f 1121/6664/2874 1290/6665/2875 1289/6666/1022
f 1120/6667/1019 1065/6668/1551 1119/6669/1020
f 1119/6670/2876 1066/6671/1553 1118/6672/1018
f 1118/6673/1018 1067/6674/1613 1117/6675/2877
f 1117/6676/2878 1068/6677/1557 1116/6678/1017
f 1116/6679/1017 1069/6680/1559 1115/6681/2879
f 1115/6682/2880 1070/6683/1610 1114/6684/1013
f 1114/6685/2881 1071/6686/1563 1113/6687/1012
f 1113/6688/2882 1072/6689/1565 1112/6690/2883
f 1317/6691/2884 1072/6692/1565 1318/6693/1965
f 1111/6694/2885 1074/6695/1570 1110/6696/2886
f 1109/6697/2395 1076/6698/1485 1108/6699/2887
f 1110/6700/2886 1075/6701/2888 1109/6702/1006
f 1108/6703/2887 1019/6704/1488 1107/6705/2889
f 1107/6706/1004 1077/6707/1490 1106/6708/2890
f 1106/6709/2891 1341/6710/2673 1340/6711/2892
f 1075/6712/2893 1084/6713/2894 1076/6714/2895
f 1074/6715/2896 1083/6716/1569 1075/6717/2888
f 1073/6718/1567 1082/6719/2897 1074/6720/2898
f 1072/6721/2899 1319/6722/1966 1318/6723/2900
f 1071/6724/2901 1080/6725/1562 1072/6726/2902
f 1070/6727/2903 1079/6728/1560 1071/6729/2901
f 1069/6730/1559 1078/6731/2904 1070/6732/2905
f 1068/6733/2906 1087/6734/1556 1069/6735/2907
f 1067/6736/2908 1088/6737/1554 1068/6738/2909
f 1066/6739/2910 1089/6740/1586 1067/6741/2911
f 1065/6742/1551 1090/6743/2912 1066/6744/2913
f 1064/6745/1548 1091/6746/2914 1065/6747/2915
f 1063/6748/2916 1291/6749/2917 1290/6750/1614
f 1062/6751/1544 1093/6752/1543 1063/6753/2916
f 1061/6754/1542 1094/6755/2416 1062/6756/2918
f 1060/6757/2919 1095/6758/1539 1061/6759/2870
f 1059/6760/2920 1096/6761/1537 1060/6762/2919
f 1058/6763/2921 1097/6764/1535 1059/6765/2922
f 1057/6766/2923 1098/6767/1533 1058/6768/2921
f 1056/6769/2924 1099/6770/2925 1057/6771/2926
f 1055/6772/1530 1100/6773/2927 1056/6774/2928
f 1054/6775/2929 1101/6776/2930 1055/6777/2931
f 1053/6778/2932 1102/6779/2426 1054/6780/2933
f 1052/6781/2934 1103/6782/1603 1053/6783/2935
f 1051/6784/2936 1104/6785/2937 1052/6786/2934
f 1077/6787/2938 1342/6788/2671 1341/6789/2939
f 1019/6790/2940 1086/6791/1487 1077/6792/2941
f 1076/6793/2942 1085/6794/2943 1019/6795/2944
f 907/6796/1389 919/6797/2851 917/6798/1390
f 918/6799/1407 906/6800/2945 908/6801/1408
f 1248/6802/1747 787/6803/1126 1015/6804/2946
f 1248/6805/1845 1246/6806/1129 787/6807/1126
f 1253/6808/1472 1246/6809/1129 1248/6810/1747
f 998/6811/1446 1004/6812/2811 999/6813/2947
f 998/6814/1446 1230/6815/2948 1004/6816/2811
f 997/6817/2949 1279/6818/2950 998/6819/2951
f 997/6820/2952 1278/6821/1840 1279/6822/1837
f 992/6823/1435 772/6824/2346 993/6825/2953
f 989/6826/1188 990/6827/1433 1349/6828/1869
f 1195/6829/2954 910/6830/2955 1193/6831/2956
f 1193/6832/2956 908/6833/1408 1197/6834/2957
f 1197/6835/2957 906/6836/2945 1207/6837/2958
f 984/6838/2959 902/6839/1402 983/6840/2960
f 983/6841/1427 900/6842/1426 981/6843/1894
f 981/6844/2961 897/6845/1399 982/6846/1341
f 977/6847/2962 1184/6848/2963 978/6849/2857
f 975/6850/2964 922/6851/2965 976/6852/2966
f 974/6853/2967 924/6854/2968 975/6855/2969
f 882/6856/2970 891/6857/2971 881/6858/2633
f 882/6859/1317 890/6860/2643 891/6861/1330
f 883/6862/1316 890/6863/1329 882/6864/1317
f 883/6865/1316 889/6866/1328 890/6867/2972
f 884/6868/2973 889/6869/2974 883/6870/2975
f 884/6871/2634 888/6872/2976 889/6873/2977
f 885/6874/1413 888/6875/1326 884/6876/2634
f 885/6877/1413 887/6878/2978 888/6879/1326
f 912/6880/2979 918/6881/2980 910/6882/2981
f 906/6883/2982 922/6884/2965 904/6885/2983
f 902/6886/1402 924/6887/1401 900/6888/1426
f 900/6889/2984 926/6890/1369 897/6891/1399
f 891/6892/2971 880/6893/2985 881/6894/2633
f 911/6895/1392 917/6896/1390 915/6897/2986
f 905/6898/2987 921/6899/2988 919/6900/2851
f 921/6901/2989 899/6902/1344 923/6903/2990
f 899/6904/2991 925/6905/1381 923/6906/1362
f 875/6907/2992 873/6908/2993 874/6909/2637
f 875/6910/1302 872/6911/2994 873/6912/2995
f 876/6913/1304 872/6914/2996 875/6915/2997
f 876/6916/1304 871/6917/1295 872/6918/2994
f 866/6919/1287 871/6920/1295 876/6921/1304
f 866/6922/2998 870/6923/1294 871/6924/1295
f 867/6925/2645 870/6926/2999 866/6927/1287
f 867/6928/3000 869/6929/1291 870/6930/2999
f 866/6931/3001 877/6932/1307 865/6933/3002
f 877/6934/3003 684/6935/1371 928/6936/3004
f 929/6937/3005 925/6938/3006 930/6939/3007
f 931/6940/3008 923/6941/3009 929/6942/3010
f 1203/6943/1355 942/6944/1705 1201/6945/1353
f 941/6946/3011 1201/6947/3012 942/6948/1354
f 1199/6949/1698 940/6950/3013 1206/6951/1689
f 938/6952/1474 903/6953/1347 939/6954/1348
f 899/6955/3014 938/6956/3015 937/6957/3016
f 936/6958/2619 899/6959/3017 937/6960/3018
f 898/6961/1383 667/6962/3019 861/6963/1379
f 896/6964/3020 982/6965/1341 897/6966/3021
f 665/6967/1338 896/6968/1339 895/6969/1337
f 664/6970/2616 895/6971/1337 894/6972/3022
f 663/6973/1334 894/6974/1335 893/6975/3023
f 662/6976/3024 893/6977/3025 892/6978/3026
f 661/6979/3027 892/6980/3028 891/6981/3029
f 888/6982/1326 659/6983/3030 889/6984/2974
f 655/6985/1320 886/6986/1322 885/6987/1413
f 879/6988/1308 650/6989/3031 880/6990/2620
f 677/6991/3032 872/6992/2994 871/6993/3033
f 674/6994/3034 869/6995/1374 868/6996/1376
f 671/6997/3035 866/6998/3036 865/6999/3037
f 670/7000/3038 865/7001/3039 864/7002/3040
f 669/7003/3041 864/7004/1283 863/7005/3042
f 668/7006/1891 863/7007/3043 862/7008/1380
f 667/7009/3044 862/7010/1278 861/7011/1379
f 802/7012/2243 588/7013/2261 589/7014/3045
f 804/7015/3046 588/7016/3047 803/7017/3048
f 805/7018/3049 587/7019/3050 804/7020/3051
f 805/7021/3049 585/7022/876 586/7023/3052
f 1298/7024/3053 806/7025/3054 1303/7026/3055
f 808/7027/1260 584/7028/1949 807/7029/3056
f 809/7030/1258 583/7031/1261 808/7032/1260
f 810/7033/3057 582/7034/1259 809/7035/3058
f 581/7036/3059 811/7037/1254 580/7038/865
f 580/7039/3060 763/7040/3061 579/7041/1998
f 763/7042/3061 578/7043/1251 579/7044/3062
f 812/7045/3063 754/7046/2011 755/7047/3064
f 813/7048/2231 753/7049/1248 754/7050/940
f 815/7051/3065 753/7052/3066 814/7053/3067
f 816/7054/1246 752/7055/3068 815/7056/1247
f 817/7057/2232 751/7058/1244 816/7059/3069
f 818/7060/1243 1301/7061/3070 1306/7062/2697
f 819/7063/3071 749/7064/3072 818/7065/1243
f 820/7066/3073 748/7067/955 819/7068/1242
f 821/7069/3074 747/7070/2260 820/7071/3073
f 822/7072/3075 746/7073/3076 821/7074/3074
f 743/7075/3077 1316/7076/1234 825/7077/3078
f 970/7078/3079 1250/7079/3080 1247/7080/3081
f 970/7081/3079 1251/7082/3082 1250/7083/2788
f 837/7084/3083 1251/7085/2796 970/7086/3084
f 1234/7087/1204 847/7088/1166 1281/7089/1827
f 1234/7090/3085 846/7091/1203 847/7092/1166
f 855/7093/1147 856/7094/1151 945/7095/2657
f 860/7096/3086 755/7097/3064 756/7098/3087
f 840/7099/1176 843/7100/3088 842/7101/3089
f 844/7102/3090 838/7103/3091 845/7104/1742
f 784/7105/1134 781/7106/3092 785/7107/3093
f 785/7108/3093 779/7109/3094 786/7110/3095
f 1302/7111/1001 739/7112/1000 744/7113/3096
f 1301/7114/3097 695/7115/949 1299/7116/948
f 692/7117/1008 754/7118/2011 753/7119/3098
f 585/7120/3099 1297/7121/873 638/7122/3100
f 641/7123/3101 580/7124/3060 642/7125/3102
f 1294/7126/3103 595/7127/859 1295/7128/3104
f 463/7129/3105 460/7130/3106 461/7131/3107
f 466/7132/3108 469/7133/832 470/7134/3109
f 432/7135/760 461/7136/3107 86/7137/3110
f 89/7138/3111 446/7139/849 90/7140/3112
f 88/7141/3113 448/7142/814 87/7143/843
f 415/7144/3114 470/7145/3109 80/7146/3115
f 80/7147/833 469/7148/3116 81/7149/830
f 468/7150/829 81/7151/3117 469/7152/3118
f 468/7153/3119 82/7154/827 395/7155/3120
f 82/7156/3121 466/7157/850 79/7158/3122
f 465/7159/3123 79/7160/3124 466/7161/850
f 459/7162/818 84/7163/3125 418/7164/3126
f 84/7165/845 463/7166/176 83/7167/3127
f 462/7168/178 83/7169/822 463/7170/176
f 86/7171/3128 460/7172/3106 85/7173/855
f 459/7174/3129 85/7175/817 460/7176/3130
f 426/7177/3131 111/7178/2080 290/7179/426
f 400/7180/228 403/7181/3132 402/7182/3133
f 421/7183/3134 424/7184/3135 423/7185/756
f 399/7186/793 454/7187/765 455/7188/3136
f 395/7189/3137 453/7190/347 451/7191/3138
f 451/7192/839 450/7193/350 448/7194/3139
f 456/7195/151 415/7196/3140 411/7197/3141
f 396/7198/3142 409/7199/743 410/7200/346
f 445/7201/3143 443/7202/3144 444/7203/3145
f 436/7204/3146 446/7205/3147 447/7206/3148
f 440/7207/779 432/7208/3149 433/7209/3150
f 417/7210/773 437/7211/3151 438/7212/113
f 427/7213/808 435/7214/3152 436/7215/3146
f 422/7216/3153 434/7217/3154 435/7218/3155
f 421/7219/3134 428/7220/3156 429/7221/810
f 401/7222/768 408/7223/767 409/7224/743
f 397/7225/744 400/7226/3157 401/7227/742
f 454/7228/3158 456/7229/3159 458/7230/3160
f 438/7231/3161 441/7232/780 439/7233/774
f 420/7234/3162 443/7235/3163 418/7236/3164
f 413/7237/3165 448/7238/3166 414/7239/3167
f 472/7240/2669 344/7241/87 387/7242/444
f 202/7243/3168 67/7244/601 199/7245/88
f 202/7246/3168 65/7247/3169 67/7248/601
f 149/7249/86 65/7250/3170 202/7251/3171
f 149/7252/86 63/7253/593 65/7254/3172
f 73/7255/714 63/7256/593 149/7257/86
f 73/7258/714 62/7259/3173 63/7260/593
f 39/7261/3174 62/7262/3175 73/7263/3176
f 209/7264/3177 211/7265/710 177/7266/3178
f 209/7267/3179 212/7268/414 211/7269/710
f 208/7270/3180 212/7271/414 209/7272/3181
f 208/7273/3182 178/7274/672 212/7275/414
f 206/7276/609 178/7277/3183 208/7278/3184
f 206/7279/3185 210/7280/3186 178/7281/3187
f 204/7282/3188 210/7283/3189 206/7284/3190
f 204/7285/3188 207/7286/3191 210/7287/3192
f 201/7288/685 207/7289/3193 204/7290/3194
f 201/7291/685 205/7292/3195 207/7293/670
f 202/7294/3168 205/7295/612 201/7296/412
f 201/7297/412 149/7298/3196 202/7299/3168
f 42/7300/410 40/7301/3197 60/7302/411
f 59/7303/455 28/7304/246 41/7305/453
f 472/7306/712 338/7307/430 474/7308/2667
f 472/7309/2669 390/7310/3198 338/7311/582
f 387/7312/444 390/7313/3199 472/7314/3200
f 368/7315/490 392/7316/3201 366/7317/2666
f 338/7318/3202 369/7319/3203 474/7320/3204
f 387/7321/444 388/7322/535 389/7323/588
f 387/7324/580 384/7325/572 386/7326/3205
f 387/7327/3206 382/7328/3207 384/7329/3208
f 344/7330/3209 382/7331/3210 387/7332/3206
f 344/7333/3209 380/7334/521 382/7335/3211
f 394/7336/726 380/7337/521 344/7338/3212
f 394/7339/726 379/7340/565 380/7341/442
f 127/7342/53 379/7343/3213 394/7344/3214
f 127/7345/53 377/7346/3215 379/7347/3216
f 138/7348/3217 377/7349/3218 127/7350/53
f 138/7351/3219 375/7352/3220 377/7353/3221
f 371/7354/450 375/7355/3222 138/7356/3223
f 129/7357/456 353/7358/466 349/7359/438
f 129/7360/456 355/7361/467 353/7362/466
f 126/7363/49 355/7364/467 129/7365/3224
f 126/7366/49 357/7367/471 355/7368/467
f 393/7369/719 357/7370/471 126/7371/49
f 393/7372/3225 351/7373/462 357/7374/550
f 343/7375/717 351/7376/462 393/7377/719
f 343/7378/717 359/7379/3226 351/7380/3227
f 366/7381/3228 359/7382/3226 343/7383/717
f 366/7384/3229 361/7385/3230 359/7386/3231
f 365/7387/3232 361/7388/3233 366/7389/3229
f 117/7390/383 476/7391/498 338/7392/3234
f 118/7393/385 338/7394/3202 476/7395/498
f 123/7396/457 129/7397/3235 128/7398/437
f 60/7399/411 64/7400/594 61/7401/590
f 60/7402/411 66/7403/598 64/7404/594
f 40/7405/3236 66/7406/598 60/7407/411
f 40/7408/3236 68/7409/602 66/7410/598
f 76/7411/3237 68/7412/3238 40/7413/3239
f 76/7414/3240 200/7415/452 68/7416/3238
f 150/7417/3241 200/7418/3242 76/7419/3243
f 139/7420/3244 127/7421/3245 122/7422/55
f 471/7423/428 231/7424/98 335/7425/20
f 471/7426/428 230/7427/97 231/7428/98
f 180/7429/3246 290/7430/3247 337/7431/417
f 336/7432/3248 154/7433/237 179/7434/3249
f 124/7435/3250 289/7436/3251 336/7437/3248
f 123/7438/422 91/7439/3252 124/7440/3253
f 125/7441/737 97/7442/3254 122/7443/55
f 179/7444/3255 1/7445/3256 37/7446/245
f 29/7447/50 2/7448/3257 38/7449/51
f 37/7450/3258 4/7451/2138 28/7452/246
f 28/7453/246 43/7454/592 41/7455/3259
f 28/7456/246 45/7457/3260 43/7458/592
f 4/7459/3261 45/7460/620 28/7461/3262
f 4/7462/3261 47/7463/625 45/7464/3263
f 16/7465/3264 47/7466/3265 4/7467/3266
f 16/7468/185 49/7469/3267 47/7470/625
f 15/7471/3268 36/7472/3269 6/7473/3270
f 15/7474/121 57/7475/3271 36/7476/403
f 31/7477/3272 57/7478/3273 15/7479/121
f 31/7480/413 55/7481/404 57/7482/614
f 51/7483/647 55/7484/404 31/7485/413
f 6/7486/190 35/7487/402 23/7488/3274
f 6/7489/3270 71/7490/3275 35/7491/3276
f 23/7492/3277 34/7493/3278 25/7494/3279
f 23/7495/3277 70/7496/3280 34/7497/3281
f 25/7498/3282 33/7499/398 24/7500/3283
f 25/7501/3284 69/7502/3285 33/7503/3286
f 24/7504/397 32/7505/394 3/7506/102
f 24/7507/397 72/7508/396 32/7509/3287
f 16/7510/3264 52/7511/3288 30/7512/3289
f 16/7513/3290 54/7514/3291 52/7515/3292
f 3/7516/102 54/7517/628 16/7518/3293
f 3/7519/3294 56/7520/3295 54/7521/628
f 32/7522/3287 56/7523/3296 3/7524/3297
f 128/7525/3298 95/7526/423 123/7527/457
f 128/7528/3299 94/7529/11 95/7530/3300
f 130/7531/464 94/7532/3301 128/7533/3299
f 130/7534/439 120/7535/376 94/7536/11
f 131/7537/391 120/7538/3302 130/7539/3303
f 131/7540/391 133/7541/3304 120/7542/3305
f 102/7543/62 119/7544/3306 93/7545/3307
f 102/7546/388 137/7547/3308 119/7548/386
f 93/7549/63 118/7550/3309 100/7551/3310
f 101/7552/3311 117/7553/539 99/7554/17
f 101/7555/209 475/7556/384 117/7557/539
f 100/7558/3310 475/7559/384 101/7560/3312
f 99/7561/382 116/7562/538 96/7563/3313
f 96/7564/315 115/7565/378 103/7566/314
f 96/7567/3314 147/7568/380 115/7569/378
f 121/7570/3315 145/7571/3316 144/7572/3317
f 121/7573/3318 146/7574/3319 145/7575/531
f 98/7576/31 146/7577/3320 121/7578/3321
f 98/7579/31 115/7580/3322 146/7581/3323
f 94/7582/11 114/7583/3324 102/7584/388
f 94/7585/11 136/7586/486 114/7587/3325
f 120/7588/3326 136/7589/486 94/7590/3301
f 120/7591/3327 135/7592/481 136/7593/3328
f 436/7594/3329 111/7595/359 427/7596/759
f 111/7597/2080 444/7598/358 110/7599/361
f 105/7600/3330 452/7601/3331 104/7602/3332
f 453/7603/347 410/7604/346 104/7605/3333
f 104/7606/3334 405/7607/311 289/7608/2078
f 328/7609/341 319/7610/79 329/7611/333
f 323/7612/2069 324/7613/3335 311/7614/61
f 327/7615/3336 237/7616/3337 326/7617/3338
f 306/7618/3339 426/7619/3131 307/7620/3340
f 306/7621/275 431/7622/758 426/7623/757
f 305/7624/307 309/7625/276 308/7626/306
f 305/7627/3341 406/7628/751 309/7629/276
f 154/7630/237 308/7631/306 175/7632/3342
f 404/7633/3343 253/7634/3344 263/7635/3345
f 264/7636/3346 423/7637/756 424/7638/3347
f 174/7639/3348 307/7640/3349 157/7641/3350
f 244/7642/249 563/7643/3351 281/7644/248
f 281/7645/3352 562/7646/1985 243/7647/250
f 295/7648/218 243/7649/3353 296/7650/3354
f 294/7651/2031 281/7652/3352 295/7653/3355
f 399/7654/793 274/7655/3356 253/7656/3357
f 295/7657/3358 245/7658/3359 294/7659/3360
f 164/7660/3361 160/7661/37 165/7662/2034
f 166/7663/3362 152/7664/3363 167/7665/3364
f 254/7666/3365 440/7667/3366 433/7668/3367
f 228/7669/3368 456/7670/3159 411/7671/3369
f 322/7672/3370 325/7673/3371 318/7674/334
f 296/7675/3372 282/7676/3373 295/7677/3358
f 227/7678/3374 270/7679/131 261/7680/3375
f 301/7681/3376 402/7682/3133 403/7683/3377
f 438/7684/3378 225/7685/3379 417/7686/3380
f 290/7687/3381 125/7688/734 337/7689/3382
f 29/7690/3383 15/7691/3384 5/7692/3385
f 29/7693/3386 31/7694/413 15/7695/121
f 42/7696/410 31/7697/413 29/7698/3387
f 42/7699/410 50/7700/603 31/7701/413
f 44/7702/104 50/7703/603 42/7704/410
f 44/7705/104 48/7706/103 50/7707/603
f 232/7708/3388 230/7709/97 229/7710/22
f 169/7711/3389 174/7712/274 157/7713/3390
f 169/7714/3389 161/7715/3391 174/7716/274
f 477/7717/19 344/7718/87 473/7719/713
f 148/7720/3392 150/7721/84 151/7722/3393
f 319/7723/79 320/7724/78 329/7725/3394
f 38/7726/51 157/7727/3395 180/7728/3396
f 160/7729/3397 154/7730/3398 175/7731/38
f 160/7732/3397 168/7733/3399 154/7734/237
f 122/7735/55 140/7736/3400 139/7737/440
f 122/7738/55 141/7739/3401 140/7740/3400
f 97/7741/3402 141/7742/3403 122/7743/3404
f 97/7744/32 142/7745/3405 141/7746/3406
f 98/7747/31 142/7748/510 97/7749/3254
f 98/7750/3407 143/7751/3408 142/7752/510
f 267/7753/26 260/7754/3409 269/7755/3410
f 151/7756/3411 229/7757/3412 148/7758/3413
f 335/7759/20 477/7760/19 471/7761/428
f 106/7762/12 94/7763/3414 107/7764/3415
usemtl Color1
f 482//3416 479//3417 483//3418
f 478//3419 479//3417 482//3416
f 483//3418 480//3420 484//3421
f 479//3422 480//3420 483//3418
f 484//3421 481//3423 485//3424
f 480//3420 481//3423 484//3421
f 486//3425 483//3418 487//3426
f 482//3416 483//3418 486//3425
f 487//3426 484//3421 488//3427
f 483//3428 484//3429 487//3426
f 488//3427 485//3424 489//3430
f 484//3429 485//3431 488//3432
f 490//3433 487//3426 491//3434
f 486//3425 487//3435 490//3433
f 487//3436 488//3427 492//3437
f 487//3438 492//3437 491//3434
f 492//3437 489//3430 493//3439
f 488//3427 489//3430 492//3437
f 490//3433 491//3434 495//3440
f 490//3441 495//3440 494//3442
f 491//3434 492//3443 496//3444
f 491//3445 496//3444 495//3446
f 492//3447 493//3439 497//3448
f 492//3449 497//3448 496//3444
f 494//3442 495//3440 499//3450
f 494//3451 499//3450 498//3452
f 495//3453 496//3454 500//3455
f 495//3456 500//3455 499//3457
f 496//3444 497//3448 501//3458
f 496//3454 501//3458 500//3459
f 502//3460 499//3461 503//3462
f 498//3452 499//3463 502//3460
f 499//3461 500//3455 504//3464
f 499//3461 504//3464 503//3462
f 500//3459 501//3458 505//3465
f 500//3466 505//3465 504//3464
f 506//3467 503//3462 507//3468
f 502//3469 503//3470 506//3467
f 507//3468 504//3464 508//3471
f 503//3472 504//3473 507//3468
f 508//3471 505//3465 509//3474
f 504//3475 505//3476 508//3471
f 510//3477 507//3478 511//3479
f 506//3480 507//3468 510//3477
f 507//3468 508//3481 512//3482
f 507//3483 512//3482 511//3479
f 508//3484 509//3474 513//3485
f 508//3484 513//3485 512//3482
f 510//3477 511//3486 515//3487
f 510//3477 515//3487 514//3488
f 511//3489 512//3482 516//3490
f 511//3479 516//3490 515//3487
f 512//3482 513//3491 517//3492
f 512//3482 517//3492 516//3490
f 514//3488 515//3493 479//3494
f 514//3495 479//3494 478//3496
f 479//3497 516//3490 480//3420
f 515//3487 516//3490 479//3498
f 516//3499 517//3500 481//3501
f 516//3502 481//3423 480//3420
f 485//3424 481//3423 489//3503
f 493//3504 501//3505 497//3506
f 509//3474 517//3507 513//3508
f 501//3505 509//3474 505//3509
f 489//3503 501//3458 493//3439
f 489//3510 481//3423 517//3511
f 501//3458 517//3511 509//3474
f 489//3510 517//3492 501//3505
f 519//3512 518//3513 522//3514
f 519//3512 522//3514 523//3515
f 520//3516 519//3517 523//3515
f 520//3516 523//3515 524//3518
f 525//3519 520//3516 524//3518
f 521//3520 520//3521 525//3519
f 527//3522 522//3514 526//3523
f 523//3515 522//3524 527//3522
f 524//3518 523//3525 527//3526
f 524//3527 527//3528 528//3529
f 525//3519 524//3530 528//3529
f 525//3519 528//3529 529//3531
f 531//3532 526//3523 530//3533
f 527//3534 526//3523 531//3532
f 528//3529 527//3528 531//3532
f 528//3529 531//3535 532//3536
f 529//3531 528//3537 532//3536
f 529//3531 532//3536 533//3538
f 535//3539 530//3533 534//3540
f 531//3535 530//3541 535//3539
f 536//3542 531//3543 535//3544
f 532//3545 531//3543 536//3542
f 537//3546 532//3536 536//3547
f 533//3538 532//3548 537//3546
f 539//3549 534//3540 538//3550
f 535//3551 534//3552 539//3549
f 540//3553 535//3551 539//3549
f 536//3542 535//3544 540//3553
f 537//3554 536//3542 540//3553
f 537//3555 540//3553 541//3556
f 539//3557 538//3550 542//3558
f 539//3557 542//3558 543//3559
f 544//3560 539//3557 543//3559
f 540//3553 539//3561 544//3560
f 541//3556 540//3562 544//3563
f 541//3556 544//3563 545//3564
f 543//3559 542//3558 546//3565
f 543//3566 546//3565 547//3567
f 544//3563 543//3568 547//3567
f 544//3563 547//3567 548//3569
f 549//3570 544//3563 548//3569
f 545//3564 544//3571 549//3570
f 547//3572 546//3573 550//3574
f 547//3572 550//3574 551//3575
f 548//3576 547//3572 551//3575
f 548//3569 551//3575 552//3577
f 553//3578 548//3569 552//3577
f 549//3579 548//3569 553//3578
f 551//3575 550//3574 554//3580
f 551//3575 554//3580 555//3581
f 556//3582 551//3575 555//3581
f 552//3577 551//3583 556//3582
f 557//3584 552//3577 556//3582
f 553//3585 552//3586 557//3584
f 519//3512 554//3587 518//3588
f 555//3589 554//3590 519//3591
f 556//3592 555//3593 519//3594
f 556//3582 519//3595 520//3521
f 521//3520 556//3596 520//3597
f 557//3584 556//3582 521//3598
f 521//3598 525//3599 529//3600
f 541//3601 533//3538 537//3602
f 549//3570 541//3556 545//3603
f 521//3604 553//3605 557//3606
f 521//3598 529//3600 533//3538
f 553//3605 541//3607 549//3570
f 553//3605 533//3608 541//3607
f 521//3598 533//3609 553//3610
